ISO-10303-21;
HEADER;
FILE_DESCRIPTION(('Open CASCADE Model'),'2;1');
FILE_NAME('Open CASCADE Shape Model','2026-07-11T06:31:16',('Author'),(
    'Open CASCADE'),'Open CASCADE STEP processor 7.8','Open CASCADE 7.8'
  ,'Unknown');
FILE_SCHEMA(('AUTOMOTIVE_DESIGN { 1 0 10303 214 1 1 1 1 }'));
ENDSEC;
DATA;
#1 = APPLICATION_PROTOCOL_DEFINITION('international standard',
  'automotive_design',2000,#2);
#2 = APPLICATION_CONTEXT(
  'core data for automotive mechanical design processes');
#3 = SHAPE_DEFINITION_REPRESENTATION(#4,#10);
#4 = PRODUCT_DEFINITION_SHAPE('','',#5);
#5 = PRODUCT_DEFINITION('design','',#6,#9);
#6 = PRODUCT_DEFINITION_FORMATION('','',#7);
#7 = PRODUCT('cb02bb48-7d2c-11f1-9942-455b15143f10',
  'cb02bb48-7d2c-11f1-9942-455b15143f10','',(#8));
#8 = PRODUCT_CONTEXT('',#2,'mechanical');
#9 = PRODUCT_DEFINITION_CONTEXT('part definition',#2,'design');
#10 = SHAPE_REPRESENTATION('',(#11,#15,#19,#23),#27);
#11 = AXIS2_PLACEMENT_3D('',#12,#13,#14);
#12 = CARTESIAN_POINT('',(0.,0.,0.));
#13 = DIRECTION('',(0.,0.,1.));
#14 = DIRECTION('',(1.,0.,-0.));
#15 = AXIS2_PLACEMENT_3D('',#16,#17,#18);
#16 = CARTESIAN_POINT('',(0.,0.,0.));
#17 = DIRECTION('',(0.,0.,1.));
#18 = DIRECTION('',(1.,0.,-0.));
#19 = AXIS2_PLACEMENT_3D('',#20,#21,#22);
#20 = CARTESIAN_POINT('',(0.,0.,0.));
#21 = DIRECTION('',(0.,0.,1.));
#22 = DIRECTION('',(1.,0.,-0.));
#23 = AXIS2_PLACEMENT_3D('',#24,#25,#26);
#24 = CARTESIAN_POINT('',(0.,0.,0.));
#25 = DIRECTION('',(0.,0.,1.));
#26 = DIRECTION('',(1.,0.,-0.));
#27 = ( GEOMETRIC_REPRESENTATION_CONTEXT(3) 
GLOBAL_UNCERTAINTY_ASSIGNED_CONTEXT((#31)) GLOBAL_UNIT_ASSIGNED_CONTEXT(
(#28,#29,#30)) REPRESENTATION_CONTEXT('Context #1',
  '3D Context with UNIT and UNCERTAINTY') );
#28 = ( LENGTH_UNIT() NAMED_UNIT(*) SI_UNIT(.MILLI.,.METRE.) );
#29 = ( NAMED_UNIT(*) PLANE_ANGLE_UNIT() SI_UNIT($,.RADIAN.) );
#30 = ( NAMED_UNIT(*) SI_UNIT($,.STERADIAN.) SOLID_ANGLE_UNIT() );
#31 = UNCERTAINTY_MEASURE_WITH_UNIT(LENGTH_MEASURE(1.E-07),#28,
  'distance_accuracy_value','confusion accuracy');
#32 = PRODUCT_RELATED_PRODUCT_CATEGORY('part',$,(#7));
#33 = SHAPE_DEFINITION_REPRESENTATION(#34,#40);
#34 = PRODUCT_DEFINITION_SHAPE('','',#35);
#35 = PRODUCT_DEFINITION('design','',#36,#39);
#36 = PRODUCT_DEFINITION_FORMATION('','',#37);
#37 = PRODUCT('cradle','cradle','',(#38));
#38 = PRODUCT_CONTEXT('',#2,'mechanical');
#39 = PRODUCT_DEFINITION_CONTEXT('part definition',#2,'design');
#40 = ADVANCED_BREP_SHAPE_REPRESENTATION('',(#11,#41),#4112);
#41 = MANIFOLD_SOLID_BREP('',#42);
#42 = CLOSED_SHELL('',(#43,#264,#866,#915,#990,#1017,#1066,#1319,#1346,
    #1440,#1489,#1538,#1565,#1572,#1599,#1903,#1930,#2001,#2050,#2099,
    #2126,#2197,#2246,#2295,#2322,#2372,#2421,#2468,#2721,#2770,#2795,
    #2805,#2856,#2905,#2974,#3023,#3212,#3261,#3330,#3379,#3408,#3415,
    #3422,#3429,#3436,#3680,#3729,#3916,#3943,#3970,#3997,#4024,#4051,
    #4078,#4105));
#43 = ADVANCED_FACE('',(#44),#58,.F.);
#44 = FACE_BOUND('',#45,.F.);
#45 = EDGE_LOOP('',(#46,#81,#109,#137,#165,#188,#214,#240));
#46 = ORIENTED_EDGE('',*,*,#47,.F.);
#47 = EDGE_CURVE('',#48,#50,#52,.T.);
#48 = VERTEX_POINT('',#49);
#49 = CARTESIAN_POINT('',(-44.,-29.4,0.));
#50 = VERTEX_POINT('',#51);
#51 = CARTESIAN_POINT('',(-5.5,-29.4,0.));
#52 = SURFACE_CURVE('',#53,(#57,#69),.PCURVE_S1.);
#53 = LINE('',#54,#55);
#54 = CARTESIAN_POINT('',(-44.,-29.4,0.));
#55 = VECTOR('',#56,1.);
#56 = DIRECTION('',(1.,0.,0.));
#57 = PCURVE('',#58,#63);
#58 = PLANE('',#59);
#59 = AXIS2_PLACEMENT_3D('',#60,#61,#62);
#60 = CARTESIAN_POINT('',(-44.,-29.4,0.));
#61 = DIRECTION('',(0.,1.,0.));
#62 = DIRECTION('',(0.,0.,1.));
#63 = DEFINITIONAL_REPRESENTATION('',(#64),#68);
#64 = LINE('',#65,#66);
#65 = CARTESIAN_POINT('',(0.,0.));
#66 = VECTOR('',#67,1.);
#67 = DIRECTION('',(0.,1.));
#68 = ( GEOMETRIC_REPRESENTATION_CONTEXT(2) 
PARAMETRIC_REPRESENTATION_CONTEXT() REPRESENTATION_CONTEXT('2D SPACE',''
  ) );
#69 = PCURVE('',#70,#75);
#70 = PLANE('',#71);
#71 = AXIS2_PLACEMENT_3D('',#72,#73,#74);
#72 = CARTESIAN_POINT('',(-44.,-29.4,0.));
#73 = DIRECTION('',(0.,0.,1.));
#74 = DIRECTION('',(1.,0.,0.));
#75 = DEFINITIONAL_REPRESENTATION('',(#76),#80);
#76 = LINE('',#77,#78);
#77 = CARTESIAN_POINT('',(0.,0.));
#78 = VECTOR('',#79,1.);
#79 = DIRECTION('',(1.,0.));
#80 = ( GEOMETRIC_REPRESENTATION_CONTEXT(2) 
PARAMETRIC_REPRESENTATION_CONTEXT() REPRESENTATION_CONTEXT('2D SPACE',''
  ) );
#81 = ORIENTED_EDGE('',*,*,#82,.T.);
#82 = EDGE_CURVE('',#48,#83,#85,.T.);
#83 = VERTEX_POINT('',#84);
#84 = CARTESIAN_POINT('',(-44.,-29.4,29.5));
#85 = SURFACE_CURVE('',#86,(#90,#97),.PCURVE_S1.);
#86 = LINE('',#87,#88);
#87 = CARTESIAN_POINT('',(-44.,-29.4,0.));
#88 = VECTOR('',#89,1.);
#89 = DIRECTION('',(0.,0.,1.));
#90 = PCURVE('',#58,#91);
#91 = DEFINITIONAL_REPRESENTATION('',(#92),#96);
#92 = LINE('',#93,#94);
#93 = CARTESIAN_POINT('',(0.,0.));
#94 = VECTOR('',#95,1.);
#95 = DIRECTION('',(1.,0.));
#96 = ( GEOMETRIC_REPRESENTATION_CONTEXT(2) 
PARAMETRIC_REPRESENTATION_CONTEXT() REPRESENTATION_CONTEXT('2D SPACE',''
  ) );
#97 = PCURVE('',#98,#103);
#98 = PLANE('',#99);
#99 = AXIS2_PLACEMENT_3D('',#100,#101,#102);
#100 = CARTESIAN_POINT('',(-44.,-29.4,0.));
#101 = DIRECTION('',(1.,0.,0.));
#102 = DIRECTION('',(0.,0.,1.));
#103 = DEFINITIONAL_REPRESENTATION('',(#104),#108);
#104 = LINE('',#105,#106);
#105 = CARTESIAN_POINT('',(0.,0.));
#106 = VECTOR('',#107,1.);
#107 = DIRECTION('',(1.,0.));
#108 = ( GEOMETRIC_REPRESENTATION_CONTEXT(2) 
PARAMETRIC_REPRESENTATION_CONTEXT() REPRESENTATION_CONTEXT('2D SPACE',''
  ) );
#109 = ORIENTED_EDGE('',*,*,#110,.T.);
#110 = EDGE_CURVE('',#83,#111,#113,.T.);
#111 = VERTEX_POINT('',#112);
#112 = CARTESIAN_POINT('',(43.5,-29.4,29.5));
#113 = SURFACE_CURVE('',#114,(#118,#125),.PCURVE_S1.);
#114 = LINE('',#115,#116);
#115 = CARTESIAN_POINT('',(-44.,-29.4,29.5));
#116 = VECTOR('',#117,1.);
#117 = DIRECTION('',(1.,0.,0.));
#118 = PCURVE('',#58,#119);
#119 = DEFINITIONAL_REPRESENTATION('',(#120),#124);
#120 = LINE('',#121,#122);
#121 = CARTESIAN_POINT('',(29.5,0.));
#122 = VECTOR('',#123,1.);
#123 = DIRECTION('',(0.,1.));
#124 = ( GEOMETRIC_REPRESENTATION_CONTEXT(2) 
PARAMETRIC_REPRESENTATION_CONTEXT() REPRESENTATION_CONTEXT('2D SPACE',''
  ) );
#125 = PCURVE('',#126,#131);
#126 = PLANE('',#127);
#127 = AXIS2_PLACEMENT_3D('',#128,#129,#130);
#128 = CARTESIAN_POINT('',(-44.,-29.4,29.5));
#129 = DIRECTION('',(0.,0.,1.));
#130 = DIRECTION('',(1.,0.,0.));
#131 = DEFINITIONAL_REPRESENTATION('',(#132),#136);
#132 = LINE('',#133,#134);
#133 = CARTESIAN_POINT('',(0.,0.));
#134 = VECTOR('',#135,1.);
#135 = DIRECTION('',(1.,0.));
#136 = ( GEOMETRIC_REPRESENTATION_CONTEXT(2) 
PARAMETRIC_REPRESENTATION_CONTEXT() REPRESENTATION_CONTEXT('2D SPACE',''
  ) );
#137 = ORIENTED_EDGE('',*,*,#138,.F.);
#138 = EDGE_CURVE('',#139,#111,#141,.T.);
#139 = VERTEX_POINT('',#140);
#140 = CARTESIAN_POINT('',(43.5,-29.4,0.));
#141 = SURFACE_CURVE('',#142,(#146,#153),.PCURVE_S1.);
#142 = LINE('',#143,#144);
#143 = CARTESIAN_POINT('',(43.5,-29.4,0.));
#144 = VECTOR('',#145,1.);
#145 = DIRECTION('',(0.,0.,1.));
#146 = PCURVE('',#58,#147);
#147 = DEFINITIONAL_REPRESENTATION('',(#148),#152);
#148 = LINE('',#149,#150);
#149 = CARTESIAN_POINT('',(0.,87.5));
#150 = VECTOR('',#151,1.);
#151 = DIRECTION('',(1.,0.));
#152 = ( GEOMETRIC_REPRESENTATION_CONTEXT(2) 
PARAMETRIC_REPRESENTATION_CONTEXT() REPRESENTATION_CONTEXT('2D SPACE',''
  ) );
#153 = PCURVE('',#154,#159);
#154 = PLANE('',#155);
#155 = AXIS2_PLACEMENT_3D('',#156,#157,#158);
#156 = CARTESIAN_POINT('',(44.25,-28.65,0.));
#157 = DIRECTION('',(-0.707106781187,0.707106781187,0.));
#158 = DIRECTION('',(0.,0.,1.));
#159 = DEFINITIONAL_REPRESENTATION('',(#160),#164);
#160 = LINE('',#161,#162);
#161 = CARTESIAN_POINT('',(0.,-1.06066017178));
#162 = VECTOR('',#163,1.);
#163 = DIRECTION('',(1.,0.));
#164 = ( GEOMETRIC_REPRESENTATION_CONTEXT(2) 
PARAMETRIC_REPRESENTATION_CONTEXT() REPRESENTATION_CONTEXT('2D SPACE',''
  ) );
#165 = ORIENTED_EDGE('',*,*,#166,.F.);
#166 = EDGE_CURVE('',#167,#139,#169,.T.);
#167 = VERTEX_POINT('',#168);
#168 = CARTESIAN_POINT('',(6.5,-29.4,0.));
#169 = SURFACE_CURVE('',#170,(#174,#181),.PCURVE_S1.);
#170 = LINE('',#171,#172);
#171 = CARTESIAN_POINT('',(-44.,-29.4,0.));
#172 = VECTOR('',#173,1.);
#173 = DIRECTION('',(1.,0.,0.));
#174 = PCURVE('',#58,#175);
#175 = DEFINITIONAL_REPRESENTATION('',(#176),#180);
#176 = LINE('',#177,#178);
#177 = CARTESIAN_POINT('',(0.,0.));
#178 = VECTOR('',#179,1.);
#179 = DIRECTION('',(0.,1.));
#180 = ( GEOMETRIC_REPRESENTATION_CONTEXT(2) 
PARAMETRIC_REPRESENTATION_CONTEXT() REPRESENTATION_CONTEXT('2D SPACE',''
  ) );
#181 = PCURVE('',#70,#182);
#182 = DEFINITIONAL_REPRESENTATION('',(#183),#187);
#183 = LINE('',#184,#185);
#184 = CARTESIAN_POINT('',(0.,0.));
#185 = VECTOR('',#186,1.);
#186 = DIRECTION('',(1.,0.));
#187 = ( GEOMETRIC_REPRESENTATION_CONTEXT(2) 
PARAMETRIC_REPRESENTATION_CONTEXT() REPRESENTATION_CONTEXT('2D SPACE',''
  ) );
#188 = ORIENTED_EDGE('',*,*,#189,.F.);
#189 = EDGE_CURVE('',#190,#167,#192,.T.);
#190 = VERTEX_POINT('',#191);
#191 = CARTESIAN_POINT('',(6.5,-29.4,4.));
#192 = SURFACE_CURVE('',#193,(#197,#203),.PCURVE_S1.);
#193 = LINE('',#194,#195);
#194 = CARTESIAN_POINT('',(6.5,-29.4,0.));
#195 = VECTOR('',#196,1.);
#196 = DIRECTION('',(0.,0.,-1.));
#197 = PCURVE('',#58,#198);
#198 = DEFINITIONAL_REPRESENTATION('',(#199),#202);
#199 = B_SPLINE_CURVE_WITH_KNOTS('',1,(#200,#201),.UNSPECIFIED.,.F.,.F.,
  (2,2),(-4.,0.),.PIECEWISE_BEZIER_KNOTS.);
#200 = CARTESIAN_POINT('',(4.,50.5));
#201 = CARTESIAN_POINT('',(0.,50.5));
#202 = ( GEOMETRIC_REPRESENTATION_CONTEXT(2) 
PARAMETRIC_REPRESENTATION_CONTEXT() REPRESENTATION_CONTEXT('2D SPACE',''
  ) );
#203 = PCURVE('',#204,#209);
#204 = PLANE('',#205);
#205 = AXIS2_PLACEMENT_3D('',#206,#207,#208);
#206 = CARTESIAN_POINT('',(6.5,-37.399,0.));
#207 = DIRECTION('',(1.,0.,0.));
#208 = DIRECTION('',(0.,0.,1.));
#209 = DEFINITIONAL_REPRESENTATION('',(#210),#213);
#210 = B_SPLINE_CURVE_WITH_KNOTS('',1,(#211,#212),.UNSPECIFIED.,.F.,.F.,
  (2,2),(-4.,0.),.PIECEWISE_BEZIER_KNOTS.);
#211 = CARTESIAN_POINT('',(4.,-7.999));
#212 = CARTESIAN_POINT('',(0.,-7.999));
#213 = ( GEOMETRIC_REPRESENTATION_CONTEXT(2) 
PARAMETRIC_REPRESENTATION_CONTEXT() REPRESENTATION_CONTEXT('2D SPACE',''
  ) );
#214 = ORIENTED_EDGE('',*,*,#215,.F.);
#215 = EDGE_CURVE('',#216,#190,#218,.T.);
#216 = VERTEX_POINT('',#217);
#217 = CARTESIAN_POINT('',(-5.5,-29.4,4.));
#218 = SURFACE_CURVE('',#219,(#223,#229),.PCURVE_S1.);
#219 = LINE('',#220,#221);
#220 = CARTESIAN_POINT('',(-24.75,-29.4,4.));
#221 = VECTOR('',#222,1.);
#222 = DIRECTION('',(1.,0.,0.));
#223 = PCURVE('',#58,#224);
#224 = DEFINITIONAL_REPRESENTATION('',(#225),#228);
#225 = B_SPLINE_CURVE_WITH_KNOTS('',1,(#226,#227),.UNSPECIFIED.,.F.,.F.,
  (2,2),(19.25,31.25),.PIECEWISE_BEZIER_KNOTS.);
#226 = CARTESIAN_POINT('',(4.,38.5));
#227 = CARTESIAN_POINT('',(4.,50.5));
#228 = ( GEOMETRIC_REPRESENTATION_CONTEXT(2) 
PARAMETRIC_REPRESENTATION_CONTEXT() REPRESENTATION_CONTEXT('2D SPACE',''
  ) );
#229 = PCURVE('',#230,#235);
#230 = PLANE('',#231);
#231 = AXIS2_PLACEMENT_3D('',#232,#233,#234);
#232 = CARTESIAN_POINT('',(-5.5,-37.399,4.));
#233 = DIRECTION('',(0.,0.,1.));
#234 = DIRECTION('',(1.,0.,0.));
#235 = DEFINITIONAL_REPRESENTATION('',(#236),#239);
#236 = B_SPLINE_CURVE_WITH_KNOTS('',1,(#237,#238),.UNSPECIFIED.,.F.,.F.,
  (2,2),(19.25,31.25),.PIECEWISE_BEZIER_KNOTS.);
#237 = CARTESIAN_POINT('',(0.,7.999));
#238 = CARTESIAN_POINT('',(12.,7.999));
#239 = ( GEOMETRIC_REPRESENTATION_CONTEXT(2) 
PARAMETRIC_REPRESENTATION_CONTEXT() REPRESENTATION_CONTEXT('2D SPACE',''
  ) );
#240 = ORIENTED_EDGE('',*,*,#241,.T.);
#241 = EDGE_CURVE('',#216,#50,#242,.T.);
#242 = SURFACE_CURVE('',#243,(#247,#253),.PCURVE_S1.);
#243 = LINE('',#244,#245);
#244 = CARTESIAN_POINT('',(-5.5,-29.4,0.));
#245 = VECTOR('',#246,1.);
#246 = DIRECTION('',(0.,0.,-1.));
#247 = PCURVE('',#58,#248);
#248 = DEFINITIONAL_REPRESENTATION('',(#249),#252);
#249 = B_SPLINE_CURVE_WITH_KNOTS('',1,(#250,#251),.UNSPECIFIED.,.F.,.F.,
  (2,2),(-4.,0.),.PIECEWISE_BEZIER_KNOTS.);
#250 = CARTESIAN_POINT('',(4.,38.5));
#251 = CARTESIAN_POINT('',(0.,38.5));
#252 = ( GEOMETRIC_REPRESENTATION_CONTEXT(2) 
PARAMETRIC_REPRESENTATION_CONTEXT() REPRESENTATION_CONTEXT('2D SPACE',''
  ) );
#253 = PCURVE('',#254,#259);
#254 = PLANE('',#255);
#255 = AXIS2_PLACEMENT_3D('',#256,#257,#258);
#256 = CARTESIAN_POINT('',(-5.5,-37.399,0.));
#257 = DIRECTION('',(1.,0.,0.));
#258 = DIRECTION('',(0.,0.,1.));
#259 = DEFINITIONAL_REPRESENTATION('',(#260),#263);
#260 = B_SPLINE_CURVE_WITH_KNOTS('',1,(#261,#262),.UNSPECIFIED.,.F.,.F.,
  (2,2),(-4.,0.),.PIECEWISE_BEZIER_KNOTS.);
#261 = CARTESIAN_POINT('',(4.,-7.999));
#262 = CARTESIAN_POINT('',(0.,-7.999));
#263 = ( GEOMETRIC_REPRESENTATION_CONTEXT(2) 
PARAMETRIC_REPRESENTATION_CONTEXT() REPRESENTATION_CONTEXT('2D SPACE',''
  ) );
#264 = ADVANCED_FACE('',(#265,#576,#607,#721,#835),#70,.F.);
#265 = FACE_BOUND('',#266,.F.);
#266 = EDGE_LOOP('',(#267,#297,#318,#319,#342,#370,#391,#392,#415,#443,
    #471,#494,#522,#550));
#267 = ORIENTED_EDGE('',*,*,#268,.F.);
#268 = EDGE_CURVE('',#269,#271,#273,.T.);
#269 = VERTEX_POINT('',#270);
#270 = CARTESIAN_POINT('',(-44.,29.4,0.));
#271 = VERTEX_POINT('',#272);
#272 = CARTESIAN_POINT('',(-5.5,29.4,0.));
#273 = SURFACE_CURVE('',#274,(#278,#285),.PCURVE_S1.);
#274 = LINE('',#275,#276);
#275 = CARTESIAN_POINT('',(-44.,29.4,0.));
#276 = VECTOR('',#277,1.);
#277 = DIRECTION('',(1.,0.,0.));
#278 = PCURVE('',#70,#279);
#279 = DEFINITIONAL_REPRESENTATION('',(#280),#284);
#280 = LINE('',#281,#282);
#281 = CARTESIAN_POINT('',(0.,58.8));
#282 = VECTOR('',#283,1.);
#283 = DIRECTION('',(1.,0.));
#284 = ( GEOMETRIC_REPRESENTATION_CONTEXT(2) 
PARAMETRIC_REPRESENTATION_CONTEXT() REPRESENTATION_CONTEXT('2D SPACE',''
  ) );
#285 = PCURVE('',#286,#291);
#286 = PLANE('',#287);
#287 = AXIS2_PLACEMENT_3D('',#288,#289,#290);
#288 = CARTESIAN_POINT('',(-44.,29.4,0.));
#289 = DIRECTION('',(0.,1.,0.));
#290 = DIRECTION('',(0.,0.,1.));
#291 = DEFINITIONAL_REPRESENTATION('',(#292),#296);
#292 = LINE('',#293,#294);
#293 = CARTESIAN_POINT('',(0.,0.));
#294 = VECTOR('',#295,1.);
#295 = DIRECTION('',(0.,1.));
#296 = ( GEOMETRIC_REPRESENTATION_CONTEXT(2) 
PARAMETRIC_REPRESENTATION_CONTEXT() REPRESENTATION_CONTEXT('2D SPACE',''
  ) );
#297 = ORIENTED_EDGE('',*,*,#298,.F.);
#298 = EDGE_CURVE('',#48,#269,#299,.T.);
#299 = SURFACE_CURVE('',#300,(#304,#311),.PCURVE_S1.);
#300 = LINE('',#301,#302);
#301 = CARTESIAN_POINT('',(-44.,-29.4,0.));
#302 = VECTOR('',#303,1.);
#303 = DIRECTION('',(0.,1.,0.));
#304 = PCURVE('',#70,#305);
#305 = DEFINITIONAL_REPRESENTATION('',(#306),#310);
#306 = LINE('',#307,#308);
#307 = CARTESIAN_POINT('',(0.,0.));
#308 = VECTOR('',#309,1.);
#309 = DIRECTION('',(0.,1.));
#310 = ( GEOMETRIC_REPRESENTATION_CONTEXT(2) 
PARAMETRIC_REPRESENTATION_CONTEXT() REPRESENTATION_CONTEXT('2D SPACE',''
  ) );
#311 = PCURVE('',#98,#312);
#312 = DEFINITIONAL_REPRESENTATION('',(#313),#317);
#313 = LINE('',#314,#315);
#314 = CARTESIAN_POINT('',(0.,0.));
#315 = VECTOR('',#316,1.);
#316 = DIRECTION('',(0.,-1.));
#317 = ( GEOMETRIC_REPRESENTATION_CONTEXT(2) 
PARAMETRIC_REPRESENTATION_CONTEXT() REPRESENTATION_CONTEXT('2D SPACE',''
  ) );
#318 = ORIENTED_EDGE('',*,*,#47,.T.);
#319 = ORIENTED_EDGE('',*,*,#320,.F.);
#320 = EDGE_CURVE('',#321,#50,#323,.T.);
#321 = VERTEX_POINT('',#322);
#322 = CARTESIAN_POINT('',(-5.5,-37.399,0.));
#323 = SURFACE_CURVE('',#324,(#328,#335),.PCURVE_S1.);
#324 = LINE('',#325,#326);
#325 = CARTESIAN_POINT('',(-5.5,-37.399,0.));
#326 = VECTOR('',#327,1.);
#327 = DIRECTION('',(0.,1.,0.));
#328 = PCURVE('',#70,#329);
#329 = DEFINITIONAL_REPRESENTATION('',(#330),#334);
#330 = LINE('',#331,#332);
#331 = CARTESIAN_POINT('',(38.5,-7.999));
#332 = VECTOR('',#333,1.);
#333 = DIRECTION('',(0.,1.));
#334 = ( GEOMETRIC_REPRESENTATION_CONTEXT(2) 
PARAMETRIC_REPRESENTATION_CONTEXT() REPRESENTATION_CONTEXT('2D SPACE',''
  ) );
#335 = PCURVE('',#254,#336);
#336 = DEFINITIONAL_REPRESENTATION('',(#337),#341);
#337 = LINE('',#338,#339);
#338 = CARTESIAN_POINT('',(0.,0.));
#339 = VECTOR('',#340,1.);
#340 = DIRECTION('',(0.,-1.));
#341 = ( GEOMETRIC_REPRESENTATION_CONTEXT(2) 
PARAMETRIC_REPRESENTATION_CONTEXT() REPRESENTATION_CONTEXT('2D SPACE',''
  ) );
#342 = ORIENTED_EDGE('',*,*,#343,.T.);
#343 = EDGE_CURVE('',#321,#344,#346,.T.);
#344 = VERTEX_POINT('',#345);
#345 = CARTESIAN_POINT('',(6.5,-37.399,0.));
#346 = SURFACE_CURVE('',#347,(#351,#358),.PCURVE_S1.);
#347 = LINE('',#348,#349);
#348 = CARTESIAN_POINT('',(-5.5,-37.399,0.));
#349 = VECTOR('',#350,1.);
#350 = DIRECTION('',(1.,0.,0.));
#351 = PCURVE('',#70,#352);
#352 = DEFINITIONAL_REPRESENTATION('',(#353),#357);
#353 = LINE('',#354,#355);
#354 = CARTESIAN_POINT('',(38.5,-7.999));
#355 = VECTOR('',#356,1.);
#356 = DIRECTION('',(1.,0.));
#357 = ( GEOMETRIC_REPRESENTATION_CONTEXT(2) 
PARAMETRIC_REPRESENTATION_CONTEXT() REPRESENTATION_CONTEXT('2D SPACE',''
  ) );
#358 = PCURVE('',#359,#364);
#359 = PLANE('',#360);
#360 = AXIS2_PLACEMENT_3D('',#361,#362,#363);
#361 = CARTESIAN_POINT('',(-5.5,-37.399,0.));
#362 = DIRECTION('',(0.,1.,0.));
#363 = DIRECTION('',(0.,0.,1.));
#364 = DEFINITIONAL_REPRESENTATION('',(#365),#369);
#365 = LINE('',#366,#367);
#366 = CARTESIAN_POINT('',(0.,0.));
#367 = VECTOR('',#368,1.);
#368 = DIRECTION('',(0.,1.));
#369 = ( GEOMETRIC_REPRESENTATION_CONTEXT(2) 
PARAMETRIC_REPRESENTATION_CONTEXT() REPRESENTATION_CONTEXT('2D SPACE',''
  ) );
#370 = ORIENTED_EDGE('',*,*,#371,.T.);
#371 = EDGE_CURVE('',#344,#167,#372,.T.);
#372 = SURFACE_CURVE('',#373,(#377,#384),.PCURVE_S1.);
#373 = LINE('',#374,#375);
#374 = CARTESIAN_POINT('',(6.5,-37.399,0.));
#375 = VECTOR('',#376,1.);
#376 = DIRECTION('',(0.,1.,0.));
#377 = PCURVE('',#70,#378);
#378 = DEFINITIONAL_REPRESENTATION('',(#379),#383);
#379 = LINE('',#380,#381);
#380 = CARTESIAN_POINT('',(50.5,-7.999));
#381 = VECTOR('',#382,1.);
#382 = DIRECTION('',(0.,1.));
#383 = ( GEOMETRIC_REPRESENTATION_CONTEXT(2) 
PARAMETRIC_REPRESENTATION_CONTEXT() REPRESENTATION_CONTEXT('2D SPACE',''
  ) );
#384 = PCURVE('',#204,#385);
#385 = DEFINITIONAL_REPRESENTATION('',(#386),#390);
#386 = LINE('',#387,#388);
#387 = CARTESIAN_POINT('',(0.,0.));
#388 = VECTOR('',#389,1.);
#389 = DIRECTION('',(0.,-1.));
#390 = ( GEOMETRIC_REPRESENTATION_CONTEXT(2) 
PARAMETRIC_REPRESENTATION_CONTEXT() REPRESENTATION_CONTEXT('2D SPACE',''
  ) );
#391 = ORIENTED_EDGE('',*,*,#166,.T.);
#392 = ORIENTED_EDGE('',*,*,#393,.T.);
#393 = EDGE_CURVE('',#139,#394,#396,.T.);
#394 = VERTEX_POINT('',#395);
#395 = CARTESIAN_POINT('',(45.,-27.9,0.));
#396 = SURFACE_CURVE('',#397,(#401,#408),.PCURVE_S1.);
#397 = LINE('',#398,#399);
#398 = CARTESIAN_POINT('',(22.,-50.9,0.));
#399 = VECTOR('',#400,1.);
#400 = DIRECTION('',(0.707106781187,0.707106781187,-0.));
#401 = PCURVE('',#70,#402);
#402 = DEFINITIONAL_REPRESENTATION('',(#403),#407);
#403 = LINE('',#404,#405);
#404 = CARTESIAN_POINT('',(66.,-21.5));
#405 = VECTOR('',#406,1.);
#406 = DIRECTION('',(0.707106781187,0.707106781187));
#407 = ( GEOMETRIC_REPRESENTATION_CONTEXT(2) 
PARAMETRIC_REPRESENTATION_CONTEXT() REPRESENTATION_CONTEXT('2D SPACE',''
  ) );
#408 = PCURVE('',#154,#409);
#409 = DEFINITIONAL_REPRESENTATION('',(#410),#414);
#410 = LINE('',#411,#412);
#411 = CARTESIAN_POINT('',(0.,-31.4662517628));
#412 = VECTOR('',#413,1.);
#413 = DIRECTION('',(0.,1.));
#414 = ( GEOMETRIC_REPRESENTATION_CONTEXT(2) 
PARAMETRIC_REPRESENTATION_CONTEXT() REPRESENTATION_CONTEXT('2D SPACE',''
  ) );
#415 = ORIENTED_EDGE('',*,*,#416,.T.);
#416 = EDGE_CURVE('',#394,#417,#419,.T.);
#417 = VERTEX_POINT('',#418);
#418 = CARTESIAN_POINT('',(45.,27.9,0.));
#419 = SURFACE_CURVE('',#420,(#424,#431),.PCURVE_S1.);
#420 = LINE('',#421,#422);
#421 = CARTESIAN_POINT('',(45.,-29.4,0.));
#422 = VECTOR('',#423,1.);
#423 = DIRECTION('',(0.,1.,0.));
#424 = PCURVE('',#70,#425);
#425 = DEFINITIONAL_REPRESENTATION('',(#426),#430);
#426 = LINE('',#427,#428);
#427 = CARTESIAN_POINT('',(89.,0.));
#428 = VECTOR('',#429,1.);
#429 = DIRECTION('',(0.,1.));
#430 = ( GEOMETRIC_REPRESENTATION_CONTEXT(2) 
PARAMETRIC_REPRESENTATION_CONTEXT() REPRESENTATION_CONTEXT('2D SPACE',''
  ) );
#431 = PCURVE('',#432,#437);
#432 = PLANE('',#433);
#433 = AXIS2_PLACEMENT_3D('',#434,#435,#436);
#434 = CARTESIAN_POINT('',(45.,-29.4,0.));
#435 = DIRECTION('',(1.,0.,0.));
#436 = DIRECTION('',(0.,0.,1.));
#437 = DEFINITIONAL_REPRESENTATION('',(#438),#442);
#438 = LINE('',#439,#440);
#439 = CARTESIAN_POINT('',(0.,0.));
#440 = VECTOR('',#441,1.);
#441 = DIRECTION('',(0.,-1.));
#442 = ( GEOMETRIC_REPRESENTATION_CONTEXT(2) 
PARAMETRIC_REPRESENTATION_CONTEXT() REPRESENTATION_CONTEXT('2D SPACE',''
  ) );
#443 = ORIENTED_EDGE('',*,*,#444,.F.);
#444 = EDGE_CURVE('',#445,#417,#447,.T.);
#445 = VERTEX_POINT('',#446);
#446 = CARTESIAN_POINT('',(43.5,29.4,0.));
#447 = SURFACE_CURVE('',#448,(#452,#459),.PCURVE_S1.);
#448 = LINE('',#449,#450);
#449 = CARTESIAN_POINT('',(36.7,36.2,0.));
#450 = VECTOR('',#451,1.);
#451 = DIRECTION('',(0.707106781187,-0.707106781187,0.));
#452 = PCURVE('',#70,#453);
#453 = DEFINITIONAL_REPRESENTATION('',(#454),#458);
#454 = LINE('',#455,#456);
#455 = CARTESIAN_POINT('',(80.7,65.6));
#456 = VECTOR('',#457,1.);
#457 = DIRECTION('',(0.707106781187,-0.707106781187));
#458 = ( GEOMETRIC_REPRESENTATION_CONTEXT(2) 
PARAMETRIC_REPRESENTATION_CONTEXT() REPRESENTATION_CONTEXT('2D SPACE',''
  ) );
#459 = PCURVE('',#460,#465);
#460 = PLANE('',#461);
#461 = AXIS2_PLACEMENT_3D('',#462,#463,#464);
#462 = CARTESIAN_POINT('',(44.25,28.65,0.));
#463 = DIRECTION('',(0.707106781187,0.707106781187,0.));
#464 = DIRECTION('',(0.,-0.,1.));
#465 = DEFINITIONAL_REPRESENTATION('',(#466),#470);
#466 = LINE('',#467,#468);
#467 = CARTESIAN_POINT('',(0.,-10.67731239591));
#468 = VECTOR('',#469,1.);
#469 = DIRECTION('',(0.,1.));
#470 = ( GEOMETRIC_REPRESENTATION_CONTEXT(2) 
PARAMETRIC_REPRESENTATION_CONTEXT() REPRESENTATION_CONTEXT('2D SPACE',''
  ) );
#471 = ORIENTED_EDGE('',*,*,#472,.F.);
#472 = EDGE_CURVE('',#473,#445,#475,.T.);
#473 = VERTEX_POINT('',#474);
#474 = CARTESIAN_POINT('',(6.5,29.4,0.));
#475 = SURFACE_CURVE('',#476,(#480,#487),.PCURVE_S1.);
#476 = LINE('',#477,#478);
#477 = CARTESIAN_POINT('',(-44.,29.4,0.));
#478 = VECTOR('',#479,1.);
#479 = DIRECTION('',(1.,0.,0.));
#480 = PCURVE('',#70,#481);
#481 = DEFINITIONAL_REPRESENTATION('',(#482),#486);
#482 = LINE('',#483,#484);
#483 = CARTESIAN_POINT('',(0.,58.8));
#484 = VECTOR('',#485,1.);
#485 = DIRECTION('',(1.,0.));
#486 = ( GEOMETRIC_REPRESENTATION_CONTEXT(2) 
PARAMETRIC_REPRESENTATION_CONTEXT() REPRESENTATION_CONTEXT('2D SPACE',''
  ) );
#487 = PCURVE('',#286,#488);
#488 = DEFINITIONAL_REPRESENTATION('',(#489),#493);
#489 = LINE('',#490,#491);
#490 = CARTESIAN_POINT('',(0.,0.));
#491 = VECTOR('',#492,1.);
#492 = DIRECTION('',(0.,1.));
#493 = ( GEOMETRIC_REPRESENTATION_CONTEXT(2) 
PARAMETRIC_REPRESENTATION_CONTEXT() REPRESENTATION_CONTEXT('2D SPACE',''
  ) );
#494 = ORIENTED_EDGE('',*,*,#495,.T.);
#495 = EDGE_CURVE('',#473,#496,#498,.T.);
#496 = VERTEX_POINT('',#497);
#497 = CARTESIAN_POINT('',(6.5,37.399,0.));
#498 = SURFACE_CURVE('',#499,(#503,#510),.PCURVE_S1.);
#499 = LINE('',#500,#501);
#500 = CARTESIAN_POINT('',(6.5,29.399,0.));
#501 = VECTOR('',#502,1.);
#502 = DIRECTION('',(0.,1.,0.));
#503 = PCURVE('',#70,#504);
#504 = DEFINITIONAL_REPRESENTATION('',(#505),#509);
#505 = LINE('',#506,#507);
#506 = CARTESIAN_POINT('',(50.5,58.799));
#507 = VECTOR('',#508,1.);
#508 = DIRECTION('',(0.,1.));
#509 = ( GEOMETRIC_REPRESENTATION_CONTEXT(2) 
PARAMETRIC_REPRESENTATION_CONTEXT() REPRESENTATION_CONTEXT('2D SPACE',''
  ) );
#510 = PCURVE('',#511,#516);
#511 = PLANE('',#512);
#512 = AXIS2_PLACEMENT_3D('',#513,#514,#515);
#513 = CARTESIAN_POINT('',(6.5,29.399,0.));
#514 = DIRECTION('',(1.,0.,0.));
#515 = DIRECTION('',(0.,0.,1.));
#516 = DEFINITIONAL_REPRESENTATION('',(#517),#521);
#517 = LINE('',#518,#519);
#518 = CARTESIAN_POINT('',(0.,0.));
#519 = VECTOR('',#520,1.);
#520 = DIRECTION('',(0.,-1.));
#521 = ( GEOMETRIC_REPRESENTATION_CONTEXT(2) 
PARAMETRIC_REPRESENTATION_CONTEXT() REPRESENTATION_CONTEXT('2D SPACE',''
  ) );
#522 = ORIENTED_EDGE('',*,*,#523,.F.);
#523 = EDGE_CURVE('',#524,#496,#526,.T.);
#524 = VERTEX_POINT('',#525);
#525 = CARTESIAN_POINT('',(-5.5,37.399,0.));
#526 = SURFACE_CURVE('',#527,(#531,#538),.PCURVE_S1.);
#527 = LINE('',#528,#529);
#528 = CARTESIAN_POINT('',(-5.5,37.399,0.));
#529 = VECTOR('',#530,1.);
#530 = DIRECTION('',(1.,0.,0.));
#531 = PCURVE('',#70,#532);
#532 = DEFINITIONAL_REPRESENTATION('',(#533),#537);
#533 = LINE('',#534,#535);
#534 = CARTESIAN_POINT('',(38.5,66.799));
#535 = VECTOR('',#536,1.);
#536 = DIRECTION('',(1.,0.));
#537 = ( GEOMETRIC_REPRESENTATION_CONTEXT(2) 
PARAMETRIC_REPRESENTATION_CONTEXT() REPRESENTATION_CONTEXT('2D SPACE',''
  ) );
#538 = PCURVE('',#539,#544);
#539 = PLANE('',#540);
#540 = AXIS2_PLACEMENT_3D('',#541,#542,#543);
#541 = CARTESIAN_POINT('',(-5.5,37.399,0.));
#542 = DIRECTION('',(0.,1.,0.));
#543 = DIRECTION('',(0.,0.,1.));
#544 = DEFINITIONAL_REPRESENTATION('',(#545),#549);
#545 = LINE('',#546,#547);
#546 = CARTESIAN_POINT('',(0.,0.));
#547 = VECTOR('',#548,1.);
#548 = DIRECTION('',(0.,1.));
#549 = ( GEOMETRIC_REPRESENTATION_CONTEXT(2) 
PARAMETRIC_REPRESENTATION_CONTEXT() REPRESENTATION_CONTEXT('2D SPACE',''
  ) );
#550 = ORIENTED_EDGE('',*,*,#551,.F.);
#551 = EDGE_CURVE('',#271,#524,#552,.T.);
#552 = SURFACE_CURVE('',#553,(#557,#564),.PCURVE_S1.);
#553 = LINE('',#554,#555);
#554 = CARTESIAN_POINT('',(-5.5,29.399,0.));
#555 = VECTOR('',#556,1.);
#556 = DIRECTION('',(0.,1.,0.));
#557 = PCURVE('',#70,#558);
#558 = DEFINITIONAL_REPRESENTATION('',(#559),#563);
#559 = LINE('',#560,#561);
#560 = CARTESIAN_POINT('',(38.5,58.799));
#561 = VECTOR('',#562,1.);
#562 = DIRECTION('',(0.,1.));
#563 = ( GEOMETRIC_REPRESENTATION_CONTEXT(2) 
PARAMETRIC_REPRESENTATION_CONTEXT() REPRESENTATION_CONTEXT('2D SPACE',''
  ) );
#564 = PCURVE('',#565,#570);
#565 = PLANE('',#566);
#566 = AXIS2_PLACEMENT_3D('',#567,#568,#569);
#567 = CARTESIAN_POINT('',(-5.5,29.399,0.));
#568 = DIRECTION('',(1.,0.,0.));
#569 = DIRECTION('',(0.,0.,1.));
#570 = DEFINITIONAL_REPRESENTATION('',(#571),#575);
#571 = LINE('',#572,#573);
#572 = CARTESIAN_POINT('',(0.,0.));
#573 = VECTOR('',#574,1.);
#574 = DIRECTION('',(0.,-1.));
#575 = ( GEOMETRIC_REPRESENTATION_CONTEXT(2) 
PARAMETRIC_REPRESENTATION_CONTEXT() REPRESENTATION_CONTEXT('2D SPACE',''
  ) );
#576 = FACE_BOUND('',#577,.F.);
#577 = EDGE_LOOP('',(#578));
#578 = ORIENTED_EDGE('',*,*,#579,.F.);
#579 = EDGE_CURVE('',#580,#580,#582,.T.);
#580 = VERTEX_POINT('',#581);
#581 = CARTESIAN_POINT('',(2.1,-33.4,0.));
#582 = SURFACE_CURVE('',#583,(#588,#595),.PCURVE_S1.);
#583 = CIRCLE('',#584,1.6);
#584 = AXIS2_PLACEMENT_3D('',#585,#586,#587);
#585 = CARTESIAN_POINT('',(0.5,-33.4,0.));
#586 = DIRECTION('',(0.,0.,1.));
#587 = DIRECTION('',(1.,0.,0.));
#588 = PCURVE('',#70,#589);
#589 = DEFINITIONAL_REPRESENTATION('',(#590),#594);
#590 = CIRCLE('',#591,1.6);
#591 = AXIS2_PLACEMENT_2D('',#592,#593);
#592 = CARTESIAN_POINT('',(44.5,-4.));
#593 = DIRECTION('',(1.,0.));
#594 = ( GEOMETRIC_REPRESENTATION_CONTEXT(2) 
PARAMETRIC_REPRESENTATION_CONTEXT() REPRESENTATION_CONTEXT('2D SPACE',''
  ) );
#595 = PCURVE('',#596,#601);
#596 = CYLINDRICAL_SURFACE('',#597,1.6);
#597 = AXIS2_PLACEMENT_3D('',#598,#599,#600);
#598 = CARTESIAN_POINT('',(0.5,-33.4,0.));
#599 = DIRECTION('',(-0.,-0.,-1.));
#600 = DIRECTION('',(1.,0.,0.));
#601 = DEFINITIONAL_REPRESENTATION('',(#602),#606);
#602 = LINE('',#603,#604);
#603 = CARTESIAN_POINT('',(-0.,0.));
#604 = VECTOR('',#605,1.);
#605 = DIRECTION('',(-1.,0.));
#606 = ( GEOMETRIC_REPRESENTATION_CONTEXT(2) 
PARAMETRIC_REPRESENTATION_CONTEXT() REPRESENTATION_CONTEXT('2D SPACE',''
  ) );
#607 = FACE_BOUND('',#608,.F.);
#608 = EDGE_LOOP('',(#609,#639,#667,#695));
#609 = ORIENTED_EDGE('',*,*,#610,.T.);
#610 = EDGE_CURVE('',#611,#613,#615,.T.);
#611 = VERTEX_POINT('',#612);
#612 = CARTESIAN_POINT('',(-30.,-12.,0.));
#613 = VERTEX_POINT('',#614);
#614 = CARTESIAN_POINT('',(-30.,12.,0.));
#615 = SURFACE_CURVE('',#616,(#620,#627),.PCURVE_S1.);
#616 = LINE('',#617,#618);
#617 = CARTESIAN_POINT('',(-30.,-12.,0.));
#618 = VECTOR('',#619,1.);
#619 = DIRECTION('',(0.,1.,0.));
#620 = PCURVE('',#70,#621);
#621 = DEFINITIONAL_REPRESENTATION('',(#622),#626);
#622 = LINE('',#623,#624);
#623 = CARTESIAN_POINT('',(14.,17.4));
#624 = VECTOR('',#625,1.);
#625 = DIRECTION('',(0.,1.));
#626 = ( GEOMETRIC_REPRESENTATION_CONTEXT(2) 
PARAMETRIC_REPRESENTATION_CONTEXT() REPRESENTATION_CONTEXT('2D SPACE',''
  ) );
#627 = PCURVE('',#628,#633);
#628 = PLANE('',#629);
#629 = AXIS2_PLACEMENT_3D('',#630,#631,#632);
#630 = CARTESIAN_POINT('',(-30.,-12.,0.));
#631 = DIRECTION('',(1.,0.,0.));
#632 = DIRECTION('',(0.,0.,1.));
#633 = DEFINITIONAL_REPRESENTATION('',(#634),#638);
#634 = LINE('',#635,#636);
#635 = CARTESIAN_POINT('',(0.,0.));
#636 = VECTOR('',#637,1.);
#637 = DIRECTION('',(0.,-1.));
#638 = ( GEOMETRIC_REPRESENTATION_CONTEXT(2) 
PARAMETRIC_REPRESENTATION_CONTEXT() REPRESENTATION_CONTEXT('2D SPACE',''
  ) );
#639 = ORIENTED_EDGE('',*,*,#640,.T.);
#640 = EDGE_CURVE('',#613,#641,#643,.T.);
#641 = VERTEX_POINT('',#642);
#642 = CARTESIAN_POINT('',(-14.,12.,0.));
#643 = SURFACE_CURVE('',#644,(#648,#655),.PCURVE_S1.);
#644 = LINE('',#645,#646);
#645 = CARTESIAN_POINT('',(-30.,12.,0.));
#646 = VECTOR('',#647,1.);
#647 = DIRECTION('',(1.,0.,0.));
#648 = PCURVE('',#70,#649);
#649 = DEFINITIONAL_REPRESENTATION('',(#650),#654);
#650 = LINE('',#651,#652);
#651 = CARTESIAN_POINT('',(14.,41.4));
#652 = VECTOR('',#653,1.);
#653 = DIRECTION('',(1.,0.));
#654 = ( GEOMETRIC_REPRESENTATION_CONTEXT(2) 
PARAMETRIC_REPRESENTATION_CONTEXT() REPRESENTATION_CONTEXT('2D SPACE',''
  ) );
#655 = PCURVE('',#656,#661);
#656 = PLANE('',#657);
#657 = AXIS2_PLACEMENT_3D('',#658,#659,#660);
#658 = CARTESIAN_POINT('',(-30.,12.,0.));
#659 = DIRECTION('',(0.,1.,0.));
#660 = DIRECTION('',(0.,0.,1.));
#661 = DEFINITIONAL_REPRESENTATION('',(#662),#666);
#662 = LINE('',#663,#664);
#663 = CARTESIAN_POINT('',(0.,0.));
#664 = VECTOR('',#665,1.);
#665 = DIRECTION('',(0.,1.));
#666 = ( GEOMETRIC_REPRESENTATION_CONTEXT(2) 
PARAMETRIC_REPRESENTATION_CONTEXT() REPRESENTATION_CONTEXT('2D SPACE',''
  ) );
#667 = ORIENTED_EDGE('',*,*,#668,.F.);
#668 = EDGE_CURVE('',#669,#641,#671,.T.);
#669 = VERTEX_POINT('',#670);
#670 = CARTESIAN_POINT('',(-14.,-12.,0.));
#671 = SURFACE_CURVE('',#672,(#676,#683),.PCURVE_S1.);
#672 = LINE('',#673,#674);
#673 = CARTESIAN_POINT('',(-14.,-12.,0.));
#674 = VECTOR('',#675,1.);
#675 = DIRECTION('',(0.,1.,0.));
#676 = PCURVE('',#70,#677);
#677 = DEFINITIONAL_REPRESENTATION('',(#678),#682);
#678 = LINE('',#679,#680);
#679 = CARTESIAN_POINT('',(30.,17.4));
#680 = VECTOR('',#681,1.);
#681 = DIRECTION('',(0.,1.));
#682 = ( GEOMETRIC_REPRESENTATION_CONTEXT(2) 
PARAMETRIC_REPRESENTATION_CONTEXT() REPRESENTATION_CONTEXT('2D SPACE',''
  ) );
#683 = PCURVE('',#684,#689);
#684 = PLANE('',#685);
#685 = AXIS2_PLACEMENT_3D('',#686,#687,#688);
#686 = CARTESIAN_POINT('',(-14.,-12.,0.));
#687 = DIRECTION('',(1.,0.,0.));
#688 = DIRECTION('',(0.,0.,1.));
#689 = DEFINITIONAL_REPRESENTATION('',(#690),#694);
#690 = LINE('',#691,#692);
#691 = CARTESIAN_POINT('',(0.,0.));
#692 = VECTOR('',#693,1.);
#693 = DIRECTION('',(0.,-1.));
#694 = ( GEOMETRIC_REPRESENTATION_CONTEXT(2) 
PARAMETRIC_REPRESENTATION_CONTEXT() REPRESENTATION_CONTEXT('2D SPACE',''
  ) );
#695 = ORIENTED_EDGE('',*,*,#696,.F.);
#696 = EDGE_CURVE('',#611,#669,#697,.T.);
#697 = SURFACE_CURVE('',#698,(#702,#709),.PCURVE_S1.);
#698 = LINE('',#699,#700);
#699 = CARTESIAN_POINT('',(-30.,-12.,0.));
#700 = VECTOR('',#701,1.);
#701 = DIRECTION('',(1.,0.,0.));
#702 = PCURVE('',#70,#703);
#703 = DEFINITIONAL_REPRESENTATION('',(#704),#708);
#704 = LINE('',#705,#706);
#705 = CARTESIAN_POINT('',(14.,17.4));
#706 = VECTOR('',#707,1.);
#707 = DIRECTION('',(1.,0.));
#708 = ( GEOMETRIC_REPRESENTATION_CONTEXT(2) 
PARAMETRIC_REPRESENTATION_CONTEXT() REPRESENTATION_CONTEXT('2D SPACE',''
  ) );
#709 = PCURVE('',#710,#715);
#710 = PLANE('',#711);
#711 = AXIS2_PLACEMENT_3D('',#712,#713,#714);
#712 = CARTESIAN_POINT('',(-30.,-12.,0.));
#713 = DIRECTION('',(0.,1.,0.));
#714 = DIRECTION('',(0.,0.,1.));
#715 = DEFINITIONAL_REPRESENTATION('',(#716),#720);
#716 = LINE('',#717,#718);
#717 = CARTESIAN_POINT('',(0.,0.));
#718 = VECTOR('',#719,1.);
#719 = DIRECTION('',(0.,1.));
#720 = ( GEOMETRIC_REPRESENTATION_CONTEXT(2) 
PARAMETRIC_REPRESENTATION_CONTEXT() REPRESENTATION_CONTEXT('2D SPACE',''
  ) );
#721 = FACE_BOUND('',#722,.F.);
#722 = EDGE_LOOP('',(#723,#753,#781,#809));
#723 = ORIENTED_EDGE('',*,*,#724,.T.);
#724 = EDGE_CURVE('',#725,#727,#729,.T.);
#725 = VERTEX_POINT('',#726);
#726 = CARTESIAN_POINT('',(-8.,-12.,0.));
#727 = VERTEX_POINT('',#728);
#728 = CARTESIAN_POINT('',(-8.,12.,0.));
#729 = SURFACE_CURVE('',#730,(#734,#741),.PCURVE_S1.);
#730 = LINE('',#731,#732);
#731 = CARTESIAN_POINT('',(-8.,-12.,0.));
#732 = VECTOR('',#733,1.);
#733 = DIRECTION('',(0.,1.,0.));
#734 = PCURVE('',#70,#735);
#735 = DEFINITIONAL_REPRESENTATION('',(#736),#740);
#736 = LINE('',#737,#738);
#737 = CARTESIAN_POINT('',(36.,17.4));
#738 = VECTOR('',#739,1.);
#739 = DIRECTION('',(0.,1.));
#740 = ( GEOMETRIC_REPRESENTATION_CONTEXT(2) 
PARAMETRIC_REPRESENTATION_CONTEXT() REPRESENTATION_CONTEXT('2D SPACE',''
  ) );
#741 = PCURVE('',#742,#747);
#742 = PLANE('',#743);
#743 = AXIS2_PLACEMENT_3D('',#744,#745,#746);
#744 = CARTESIAN_POINT('',(-8.,-12.,0.));
#745 = DIRECTION('',(1.,0.,0.));
#746 = DIRECTION('',(0.,0.,1.));
#747 = DEFINITIONAL_REPRESENTATION('',(#748),#752);
#748 = LINE('',#749,#750);
#749 = CARTESIAN_POINT('',(0.,0.));
#750 = VECTOR('',#751,1.);
#751 = DIRECTION('',(0.,-1.));
#752 = ( GEOMETRIC_REPRESENTATION_CONTEXT(2) 
PARAMETRIC_REPRESENTATION_CONTEXT() REPRESENTATION_CONTEXT('2D SPACE',''
  ) );
#753 = ORIENTED_EDGE('',*,*,#754,.T.);
#754 = EDGE_CURVE('',#727,#755,#757,.T.);
#755 = VERTEX_POINT('',#756);
#756 = CARTESIAN_POINT('',(8.,12.,0.));
#757 = SURFACE_CURVE('',#758,(#762,#769),.PCURVE_S1.);
#758 = LINE('',#759,#760);
#759 = CARTESIAN_POINT('',(-8.,12.,0.));
#760 = VECTOR('',#761,1.);
#761 = DIRECTION('',(1.,0.,0.));
#762 = PCURVE('',#70,#763);
#763 = DEFINITIONAL_REPRESENTATION('',(#764),#768);
#764 = LINE('',#765,#766);
#765 = CARTESIAN_POINT('',(36.,41.4));
#766 = VECTOR('',#767,1.);
#767 = DIRECTION('',(1.,0.));
#768 = ( GEOMETRIC_REPRESENTATION_CONTEXT(2) 
PARAMETRIC_REPRESENTATION_CONTEXT() REPRESENTATION_CONTEXT('2D SPACE',''
  ) );
#769 = PCURVE('',#770,#775);
#770 = PLANE('',#771);
#771 = AXIS2_PLACEMENT_3D('',#772,#773,#774);
#772 = CARTESIAN_POINT('',(-8.,12.,0.));
#773 = DIRECTION('',(0.,1.,0.));
#774 = DIRECTION('',(0.,0.,1.));
#775 = DEFINITIONAL_REPRESENTATION('',(#776),#780);
#776 = LINE('',#777,#778);
#777 = CARTESIAN_POINT('',(0.,0.));
#778 = VECTOR('',#779,1.);
#779 = DIRECTION('',(0.,1.));
#780 = ( GEOMETRIC_REPRESENTATION_CONTEXT(2) 
PARAMETRIC_REPRESENTATION_CONTEXT() REPRESENTATION_CONTEXT('2D SPACE',''
  ) );
#781 = ORIENTED_EDGE('',*,*,#782,.F.);
#782 = EDGE_CURVE('',#783,#755,#785,.T.);
#783 = VERTEX_POINT('',#784);
#784 = CARTESIAN_POINT('',(8.,-12.,0.));
#785 = SURFACE_CURVE('',#786,(#790,#797),.PCURVE_S1.);
#786 = LINE('',#787,#788);
#787 = CARTESIAN_POINT('',(8.,-12.,0.));
#788 = VECTOR('',#789,1.);
#789 = DIRECTION('',(0.,1.,0.));
#790 = PCURVE('',#70,#791);
#791 = DEFINITIONAL_REPRESENTATION('',(#792),#796);
#792 = LINE('',#793,#794);
#793 = CARTESIAN_POINT('',(52.,17.4));
#794 = VECTOR('',#795,1.);
#795 = DIRECTION('',(0.,1.));
#796 = ( GEOMETRIC_REPRESENTATION_CONTEXT(2) 
PARAMETRIC_REPRESENTATION_CONTEXT() REPRESENTATION_CONTEXT('2D SPACE',''
  ) );
#797 = PCURVE('',#798,#803);
#798 = PLANE('',#799);
#799 = AXIS2_PLACEMENT_3D('',#800,#801,#802);
#800 = CARTESIAN_POINT('',(8.,-12.,0.));
#801 = DIRECTION('',(1.,0.,0.));
#802 = DIRECTION('',(0.,0.,1.));
#803 = DEFINITIONAL_REPRESENTATION('',(#804),#808);
#804 = LINE('',#805,#806);
#805 = CARTESIAN_POINT('',(0.,0.));
#806 = VECTOR('',#807,1.);
#807 = DIRECTION('',(0.,-1.));
#808 = ( GEOMETRIC_REPRESENTATION_CONTEXT(2) 
PARAMETRIC_REPRESENTATION_CONTEXT() REPRESENTATION_CONTEXT('2D SPACE',''
  ) );
#809 = ORIENTED_EDGE('',*,*,#810,.F.);
#810 = EDGE_CURVE('',#725,#783,#811,.T.);
#811 = SURFACE_CURVE('',#812,(#816,#823),.PCURVE_S1.);
#812 = LINE('',#813,#814);
#813 = CARTESIAN_POINT('',(-8.,-12.,0.));
#814 = VECTOR('',#815,1.);
#815 = DIRECTION('',(1.,0.,0.));
#816 = PCURVE('',#70,#817);
#817 = DEFINITIONAL_REPRESENTATION('',(#818),#822);
#818 = LINE('',#819,#820);
#819 = CARTESIAN_POINT('',(36.,17.4));
#820 = VECTOR('',#821,1.);
#821 = DIRECTION('',(1.,0.));
#822 = ( GEOMETRIC_REPRESENTATION_CONTEXT(2) 
PARAMETRIC_REPRESENTATION_CONTEXT() REPRESENTATION_CONTEXT('2D SPACE',''
  ) );
#823 = PCURVE('',#824,#829);
#824 = PLANE('',#825);
#825 = AXIS2_PLACEMENT_3D('',#826,#827,#828);
#826 = CARTESIAN_POINT('',(-8.,-12.,0.));
#827 = DIRECTION('',(0.,1.,0.));
#828 = DIRECTION('',(0.,0.,1.));
#829 = DEFINITIONAL_REPRESENTATION('',(#830),#834);
#830 = LINE('',#831,#832);
#831 = CARTESIAN_POINT('',(0.,0.));
#832 = VECTOR('',#833,1.);
#833 = DIRECTION('',(0.,1.));
#834 = ( GEOMETRIC_REPRESENTATION_CONTEXT(2) 
PARAMETRIC_REPRESENTATION_CONTEXT() REPRESENTATION_CONTEXT('2D SPACE',''
  ) );
#835 = FACE_BOUND('',#836,.F.);
#836 = EDGE_LOOP('',(#837));
#837 = ORIENTED_EDGE('',*,*,#838,.F.);
#838 = EDGE_CURVE('',#839,#839,#841,.T.);
#839 = VERTEX_POINT('',#840);
#840 = CARTESIAN_POINT('',(2.1,33.4,0.));
#841 = SURFACE_CURVE('',#842,(#847,#854),.PCURVE_S1.);
#842 = CIRCLE('',#843,1.6);
#843 = AXIS2_PLACEMENT_3D('',#844,#845,#846);
#844 = CARTESIAN_POINT('',(0.5,33.4,0.));
#845 = DIRECTION('',(0.,0.,1.));
#846 = DIRECTION('',(1.,0.,0.));
#847 = PCURVE('',#70,#848);
#848 = DEFINITIONAL_REPRESENTATION('',(#849),#853);
#849 = CIRCLE('',#850,1.6);
#850 = AXIS2_PLACEMENT_2D('',#851,#852);
#851 = CARTESIAN_POINT('',(44.5,62.8));
#852 = DIRECTION('',(1.,0.));
#853 = ( GEOMETRIC_REPRESENTATION_CONTEXT(2) 
PARAMETRIC_REPRESENTATION_CONTEXT() REPRESENTATION_CONTEXT('2D SPACE',''
  ) );
#854 = PCURVE('',#855,#860);
#855 = CYLINDRICAL_SURFACE('',#856,1.6);
#856 = AXIS2_PLACEMENT_3D('',#857,#858,#859);
#857 = CARTESIAN_POINT('',(0.5,33.4,0.));
#858 = DIRECTION('',(-0.,-0.,-1.));
#859 = DIRECTION('',(1.,0.,0.));
#860 = DEFINITIONAL_REPRESENTATION('',(#861),#865);
#861 = LINE('',#862,#863);
#862 = CARTESIAN_POINT('',(-0.,0.));
#863 = VECTOR('',#864,1.);
#864 = DIRECTION('',(-1.,0.));
#865 = ( GEOMETRIC_REPRESENTATION_CONTEXT(2) 
PARAMETRIC_REPRESENTATION_CONTEXT() REPRESENTATION_CONTEXT('2D SPACE',''
  ) );
#866 = ADVANCED_FACE('',(#867),#254,.F.);
#867 = FACE_BOUND('',#868,.F.);
#868 = EDGE_LOOP('',(#869,#892,#913,#914));
#869 = ORIENTED_EDGE('',*,*,#870,.F.);
#870 = EDGE_CURVE('',#871,#216,#873,.T.);
#871 = VERTEX_POINT('',#872);
#872 = CARTESIAN_POINT('',(-5.5,-37.399,4.));
#873 = SURFACE_CURVE('',#874,(#878,#885),.PCURVE_S1.);
#874 = LINE('',#875,#876);
#875 = CARTESIAN_POINT('',(-5.5,-37.399,4.));
#876 = VECTOR('',#877,1.);
#877 = DIRECTION('',(0.,1.,0.));
#878 = PCURVE('',#254,#879);
#879 = DEFINITIONAL_REPRESENTATION('',(#880),#884);
#880 = LINE('',#881,#882);
#881 = CARTESIAN_POINT('',(4.,0.));
#882 = VECTOR('',#883,1.);
#883 = DIRECTION('',(0.,-1.));
#884 = ( GEOMETRIC_REPRESENTATION_CONTEXT(2) 
PARAMETRIC_REPRESENTATION_CONTEXT() REPRESENTATION_CONTEXT('2D SPACE',''
  ) );
#885 = PCURVE('',#230,#886);
#886 = DEFINITIONAL_REPRESENTATION('',(#887),#891);
#887 = LINE('',#888,#889);
#888 = CARTESIAN_POINT('',(0.,0.));
#889 = VECTOR('',#890,1.);
#890 = DIRECTION('',(0.,1.));
#891 = ( GEOMETRIC_REPRESENTATION_CONTEXT(2) 
PARAMETRIC_REPRESENTATION_CONTEXT() REPRESENTATION_CONTEXT('2D SPACE',''
  ) );
#892 = ORIENTED_EDGE('',*,*,#893,.F.);
#893 = EDGE_CURVE('',#321,#871,#894,.T.);
#894 = SURFACE_CURVE('',#895,(#899,#906),.PCURVE_S1.);
#895 = LINE('',#896,#897);
#896 = CARTESIAN_POINT('',(-5.5,-37.399,0.));
#897 = VECTOR('',#898,1.);
#898 = DIRECTION('',(0.,0.,1.));
#899 = PCURVE('',#254,#900);
#900 = DEFINITIONAL_REPRESENTATION('',(#901),#905);
#901 = LINE('',#902,#903);
#902 = CARTESIAN_POINT('',(0.,0.));
#903 = VECTOR('',#904,1.);
#904 = DIRECTION('',(1.,0.));
#905 = ( GEOMETRIC_REPRESENTATION_CONTEXT(2) 
PARAMETRIC_REPRESENTATION_CONTEXT() REPRESENTATION_CONTEXT('2D SPACE',''
  ) );
#906 = PCURVE('',#359,#907);
#907 = DEFINITIONAL_REPRESENTATION('',(#908),#912);
#908 = LINE('',#909,#910);
#909 = CARTESIAN_POINT('',(0.,0.));
#910 = VECTOR('',#911,1.);
#911 = DIRECTION('',(1.,0.));
#912 = ( GEOMETRIC_REPRESENTATION_CONTEXT(2) 
PARAMETRIC_REPRESENTATION_CONTEXT() REPRESENTATION_CONTEXT('2D SPACE',''
  ) );
#913 = ORIENTED_EDGE('',*,*,#320,.T.);
#914 = ORIENTED_EDGE('',*,*,#241,.F.);
#915 = ADVANCED_FACE('',(#916,#964),#230,.T.);
#916 = FACE_BOUND('',#917,.T.);
#917 = EDGE_LOOP('',(#918,#919,#942,#963));
#918 = ORIENTED_EDGE('',*,*,#870,.F.);
#919 = ORIENTED_EDGE('',*,*,#920,.T.);
#920 = EDGE_CURVE('',#871,#921,#923,.T.);
#921 = VERTEX_POINT('',#922);
#922 = CARTESIAN_POINT('',(6.5,-37.399,4.));
#923 = SURFACE_CURVE('',#924,(#928,#935),.PCURVE_S1.);
#924 = LINE('',#925,#926);
#925 = CARTESIAN_POINT('',(-5.5,-37.399,4.));
#926 = VECTOR('',#927,1.);
#927 = DIRECTION('',(1.,0.,0.));
#928 = PCURVE('',#230,#929);
#929 = DEFINITIONAL_REPRESENTATION('',(#930),#934);
#930 = LINE('',#931,#932);
#931 = CARTESIAN_POINT('',(0.,0.));
#932 = VECTOR('',#933,1.);
#933 = DIRECTION('',(1.,0.));
#934 = ( GEOMETRIC_REPRESENTATION_CONTEXT(2) 
PARAMETRIC_REPRESENTATION_CONTEXT() REPRESENTATION_CONTEXT('2D SPACE',''
  ) );
#935 = PCURVE('',#359,#936);
#936 = DEFINITIONAL_REPRESENTATION('',(#937),#941);
#937 = LINE('',#938,#939);
#938 = CARTESIAN_POINT('',(4.,0.));
#939 = VECTOR('',#940,1.);
#940 = DIRECTION('',(0.,1.));
#941 = ( GEOMETRIC_REPRESENTATION_CONTEXT(2) 
PARAMETRIC_REPRESENTATION_CONTEXT() REPRESENTATION_CONTEXT('2D SPACE',''
  ) );
#942 = ORIENTED_EDGE('',*,*,#943,.T.);
#943 = EDGE_CURVE('',#921,#190,#944,.T.);
#944 = SURFACE_CURVE('',#945,(#949,#956),.PCURVE_S1.);
#945 = LINE('',#946,#947);
#946 = CARTESIAN_POINT('',(6.5,-37.399,4.));
#947 = VECTOR('',#948,1.);
#948 = DIRECTION('',(0.,1.,0.));
#949 = PCURVE('',#230,#950);
#950 = DEFINITIONAL_REPRESENTATION('',(#951),#955);
#951 = LINE('',#952,#953);
#952 = CARTESIAN_POINT('',(12.,0.));
#953 = VECTOR('',#954,1.);
#954 = DIRECTION('',(0.,1.));
#955 = ( GEOMETRIC_REPRESENTATION_CONTEXT(2) 
PARAMETRIC_REPRESENTATION_CONTEXT() REPRESENTATION_CONTEXT('2D SPACE',''
  ) );
#956 = PCURVE('',#204,#957);
#957 = DEFINITIONAL_REPRESENTATION('',(#958),#962);
#958 = LINE('',#959,#960);
#959 = CARTESIAN_POINT('',(4.,0.));
#960 = VECTOR('',#961,1.);
#961 = DIRECTION('',(0.,-1.));
#962 = ( GEOMETRIC_REPRESENTATION_CONTEXT(2) 
PARAMETRIC_REPRESENTATION_CONTEXT() REPRESENTATION_CONTEXT('2D SPACE',''
  ) );
#963 = ORIENTED_EDGE('',*,*,#215,.F.);
#964 = FACE_BOUND('',#965,.T.);
#965 = EDGE_LOOP('',(#966));
#966 = ORIENTED_EDGE('',*,*,#967,.F.);
#967 = EDGE_CURVE('',#968,#968,#970,.T.);
#968 = VERTEX_POINT('',#969);
#969 = CARTESIAN_POINT('',(2.1,-33.4,4.));
#970 = SURFACE_CURVE('',#971,(#976,#983),.PCURVE_S1.);
#971 = CIRCLE('',#972,1.6);
#972 = AXIS2_PLACEMENT_3D('',#973,#974,#975);
#973 = CARTESIAN_POINT('',(0.5,-33.4,4.));
#974 = DIRECTION('',(0.,0.,1.));
#975 = DIRECTION('',(1.,0.,0.));
#976 = PCURVE('',#230,#977);
#977 = DEFINITIONAL_REPRESENTATION('',(#978),#982);
#978 = CIRCLE('',#979,1.6);
#979 = AXIS2_PLACEMENT_2D('',#980,#981);
#980 = CARTESIAN_POINT('',(6.,3.999));
#981 = DIRECTION('',(1.,0.));
#982 = ( GEOMETRIC_REPRESENTATION_CONTEXT(2) 
PARAMETRIC_REPRESENTATION_CONTEXT() REPRESENTATION_CONTEXT('2D SPACE',''
  ) );
#983 = PCURVE('',#596,#984);
#984 = DEFINITIONAL_REPRESENTATION('',(#985),#989);
#985 = LINE('',#986,#987);
#986 = CARTESIAN_POINT('',(-0.,-4.));
#987 = VECTOR('',#988,1.);
#988 = DIRECTION('',(-1.,0.));
#989 = ( GEOMETRIC_REPRESENTATION_CONTEXT(2) 
PARAMETRIC_REPRESENTATION_CONTEXT() REPRESENTATION_CONTEXT('2D SPACE',''
  ) );
#990 = ADVANCED_FACE('',(#991),#204,.T.);
#991 = FACE_BOUND('',#992,.T.);
#992 = EDGE_LOOP('',(#993,#994,#1015,#1016));
#993 = ORIENTED_EDGE('',*,*,#943,.F.);
#994 = ORIENTED_EDGE('',*,*,#995,.F.);
#995 = EDGE_CURVE('',#344,#921,#996,.T.);
#996 = SURFACE_CURVE('',#997,(#1001,#1008),.PCURVE_S1.);
#997 = LINE('',#998,#999);
#998 = CARTESIAN_POINT('',(6.5,-37.399,0.));
#999 = VECTOR('',#1000,1.);
#1000 = DIRECTION('',(0.,0.,1.));
#1001 = PCURVE('',#204,#1002);
#1002 = DEFINITIONAL_REPRESENTATION('',(#1003),#1007);
#1003 = LINE('',#1004,#1005);
#1004 = CARTESIAN_POINT('',(0.,0.));
#1005 = VECTOR('',#1006,1.);
#1006 = DIRECTION('',(1.,0.));
#1007 = ( GEOMETRIC_REPRESENTATION_CONTEXT(2) 
PARAMETRIC_REPRESENTATION_CONTEXT() REPRESENTATION_CONTEXT('2D SPACE',''
  ) );
#1008 = PCURVE('',#359,#1009);
#1009 = DEFINITIONAL_REPRESENTATION('',(#1010),#1014);
#1010 = LINE('',#1011,#1012);
#1011 = CARTESIAN_POINT('',(0.,12.));
#1012 = VECTOR('',#1013,1.);
#1013 = DIRECTION('',(1.,0.));
#1014 = ( GEOMETRIC_REPRESENTATION_CONTEXT(2) 
PARAMETRIC_REPRESENTATION_CONTEXT() REPRESENTATION_CONTEXT('2D SPACE',''
  ) );
#1015 = ORIENTED_EDGE('',*,*,#371,.T.);
#1016 = ORIENTED_EDGE('',*,*,#189,.F.);
#1017 = ADVANCED_FACE('',(#1018),#154,.F.);
#1018 = FACE_BOUND('',#1019,.F.);
#1019 = EDGE_LOOP('',(#1020,#1021,#1022,#1045));
#1020 = ORIENTED_EDGE('',*,*,#393,.F.);
#1021 = ORIENTED_EDGE('',*,*,#138,.T.);
#1022 = ORIENTED_EDGE('',*,*,#1023,.T.);
#1023 = EDGE_CURVE('',#111,#1024,#1026,.T.);
#1024 = VERTEX_POINT('',#1025);
#1025 = CARTESIAN_POINT('',(45.,-27.9,29.5));
#1026 = SURFACE_CURVE('',#1027,(#1031,#1038),.PCURVE_S1.);
#1027 = LINE('',#1028,#1029);
#1028 = CARTESIAN_POINT('',(22.,-50.9,29.5));
#1029 = VECTOR('',#1030,1.);
#1030 = DIRECTION('',(0.707106781187,0.707106781187,-0.));
#1031 = PCURVE('',#154,#1032);
#1032 = DEFINITIONAL_REPRESENTATION('',(#1033),#1037);
#1033 = LINE('',#1034,#1035);
#1034 = CARTESIAN_POINT('',(29.5,-31.4662517628));
#1035 = VECTOR('',#1036,1.);
#1036 = DIRECTION('',(0.,1.));
#1037 = ( GEOMETRIC_REPRESENTATION_CONTEXT(2) 
PARAMETRIC_REPRESENTATION_CONTEXT() REPRESENTATION_CONTEXT('2D SPACE',''
  ) );
#1038 = PCURVE('',#126,#1039);
#1039 = DEFINITIONAL_REPRESENTATION('',(#1040),#1044);
#1040 = LINE('',#1041,#1042);
#1041 = CARTESIAN_POINT('',(66.,-21.5));
#1042 = VECTOR('',#1043,1.);
#1043 = DIRECTION('',(0.707106781187,0.707106781187));
#1044 = ( GEOMETRIC_REPRESENTATION_CONTEXT(2) 
PARAMETRIC_REPRESENTATION_CONTEXT() REPRESENTATION_CONTEXT('2D SPACE',''
  ) );
#1045 = ORIENTED_EDGE('',*,*,#1046,.F.);
#1046 = EDGE_CURVE('',#394,#1024,#1047,.T.);
#1047 = SURFACE_CURVE('',#1048,(#1052,#1059),.PCURVE_S1.);
#1048 = LINE('',#1049,#1050);
#1049 = CARTESIAN_POINT('',(45.,-27.9,0.));
#1050 = VECTOR('',#1051,1.);
#1051 = DIRECTION('',(0.,0.,1.));
#1052 = PCURVE('',#154,#1053);
#1053 = DEFINITIONAL_REPRESENTATION('',(#1054),#1058);
#1054 = LINE('',#1055,#1056);
#1055 = CARTESIAN_POINT('',(0.,1.06066017178));
#1056 = VECTOR('',#1057,1.);
#1057 = DIRECTION('',(1.,0.));
#1058 = ( GEOMETRIC_REPRESENTATION_CONTEXT(2) 
PARAMETRIC_REPRESENTATION_CONTEXT() REPRESENTATION_CONTEXT('2D SPACE',''
  ) );
#1059 = PCURVE('',#432,#1060);
#1060 = DEFINITIONAL_REPRESENTATION('',(#1061),#1065);
#1061 = LINE('',#1062,#1063);
#1062 = CARTESIAN_POINT('',(0.,-1.5));
#1063 = VECTOR('',#1064,1.);
#1064 = DIRECTION('',(1.,0.));
#1065 = ( GEOMETRIC_REPRESENTATION_CONTEXT(2) 
PARAMETRIC_REPRESENTATION_CONTEXT() REPRESENTATION_CONTEXT('2D SPACE',''
  ) );
#1066 = ADVANCED_FACE('',(#1067),#126,.T.);
#1067 = FACE_BOUND('',#1068,.T.);
#1068 = EDGE_LOOP('',(#1069,#1094,#1115,#1116,#1117,#1140,#1168,#1194,
    #1221,#1247,#1275,#1298));
#1069 = ORIENTED_EDGE('',*,*,#1070,.F.);
#1070 = EDGE_CURVE('',#1071,#1073,#1075,.T.);
#1071 = VERTEX_POINT('',#1072);
#1072 = CARTESIAN_POINT('',(-44.,29.4,29.5));
#1073 = VERTEX_POINT('',#1074);
#1074 = CARTESIAN_POINT('',(43.5,29.4,29.5));
#1075 = SURFACE_CURVE('',#1076,(#1080,#1087),.PCURVE_S1.);
#1076 = LINE('',#1077,#1078);
#1077 = CARTESIAN_POINT('',(-44.,29.4,29.5));
#1078 = VECTOR('',#1079,1.);
#1079 = DIRECTION('',(1.,0.,0.));
#1080 = PCURVE('',#126,#1081);
#1081 = DEFINITIONAL_REPRESENTATION('',(#1082),#1086);
#1082 = LINE('',#1083,#1084);
#1083 = CARTESIAN_POINT('',(0.,58.8));
#1084 = VECTOR('',#1085,1.);
#1085 = DIRECTION('',(1.,0.));
#1086 = ( GEOMETRIC_REPRESENTATION_CONTEXT(2) 
PARAMETRIC_REPRESENTATION_CONTEXT() REPRESENTATION_CONTEXT('2D SPACE',''
  ) );
#1087 = PCURVE('',#286,#1088);
#1088 = DEFINITIONAL_REPRESENTATION('',(#1089),#1093);
#1089 = LINE('',#1090,#1091);
#1090 = CARTESIAN_POINT('',(29.5,0.));
#1091 = VECTOR('',#1092,1.);
#1092 = DIRECTION('',(0.,1.));
#1093 = ( GEOMETRIC_REPRESENTATION_CONTEXT(2) 
PARAMETRIC_REPRESENTATION_CONTEXT() REPRESENTATION_CONTEXT('2D SPACE',''
  ) );
#1094 = ORIENTED_EDGE('',*,*,#1095,.F.);
#1095 = EDGE_CURVE('',#83,#1071,#1096,.T.);
#1096 = SURFACE_CURVE('',#1097,(#1101,#1108),.PCURVE_S1.);
#1097 = LINE('',#1098,#1099);
#1098 = CARTESIAN_POINT('',(-44.,-29.4,29.5));
#1099 = VECTOR('',#1100,1.);
#1100 = DIRECTION('',(0.,1.,0.));
#1101 = PCURVE('',#126,#1102);
#1102 = DEFINITIONAL_REPRESENTATION('',(#1103),#1107);
#1103 = LINE('',#1104,#1105);
#1104 = CARTESIAN_POINT('',(0.,0.));
#1105 = VECTOR('',#1106,1.);
#1106 = DIRECTION('',(0.,1.));
#1107 = ( GEOMETRIC_REPRESENTATION_CONTEXT(2) 
PARAMETRIC_REPRESENTATION_CONTEXT() REPRESENTATION_CONTEXT('2D SPACE',''
  ) );
#1108 = PCURVE('',#98,#1109);
#1109 = DEFINITIONAL_REPRESENTATION('',(#1110),#1114);
#1110 = LINE('',#1111,#1112);
#1111 = CARTESIAN_POINT('',(29.5,0.));
#1112 = VECTOR('',#1113,1.);
#1113 = DIRECTION('',(0.,-1.));
#1114 = ( GEOMETRIC_REPRESENTATION_CONTEXT(2) 
PARAMETRIC_REPRESENTATION_CONTEXT() REPRESENTATION_CONTEXT('2D SPACE',''
  ) );
#1115 = ORIENTED_EDGE('',*,*,#110,.T.);
#1116 = ORIENTED_EDGE('',*,*,#1023,.T.);
#1117 = ORIENTED_EDGE('',*,*,#1118,.T.);
#1118 = EDGE_CURVE('',#1024,#1119,#1121,.T.);
#1119 = VERTEX_POINT('',#1120);
#1120 = CARTESIAN_POINT('',(45.,-22.9,29.5));
#1121 = SURFACE_CURVE('',#1122,(#1126,#1133),.PCURVE_S1.);
#1122 = LINE('',#1123,#1124);
#1123 = CARTESIAN_POINT('',(45.,-29.4,29.5));
#1124 = VECTOR('',#1125,1.);
#1125 = DIRECTION('',(0.,1.,0.));
#1126 = PCURVE('',#126,#1127);
#1127 = DEFINITIONAL_REPRESENTATION('',(#1128),#1132);
#1128 = LINE('',#1129,#1130);
#1129 = CARTESIAN_POINT('',(89.,0.));
#1130 = VECTOR('',#1131,1.);
#1131 = DIRECTION('',(0.,1.));
#1132 = ( GEOMETRIC_REPRESENTATION_CONTEXT(2) 
PARAMETRIC_REPRESENTATION_CONTEXT() REPRESENTATION_CONTEXT('2D SPACE',''
  ) );
#1133 = PCURVE('',#432,#1134);
#1134 = DEFINITIONAL_REPRESENTATION('',(#1135),#1139);
#1135 = LINE('',#1136,#1137);
#1136 = CARTESIAN_POINT('',(29.5,0.));
#1137 = VECTOR('',#1138,1.);
#1138 = DIRECTION('',(0.,-1.));
#1139 = ( GEOMETRIC_REPRESENTATION_CONTEXT(2) 
PARAMETRIC_REPRESENTATION_CONTEXT() REPRESENTATION_CONTEXT('2D SPACE',''
  ) );
#1140 = ORIENTED_EDGE('',*,*,#1141,.T.);
#1141 = EDGE_CURVE('',#1119,#1142,#1144,.T.);
#1142 = VERTEX_POINT('',#1143);
#1143 = CARTESIAN_POINT('',(43.5,-21.4,29.5));
#1144 = SURFACE_CURVE('',#1145,(#1149,#1156),.PCURVE_S1.);
#1145 = LINE('',#1146,#1147);
#1146 = CARTESIAN_POINT('',(24.,-1.9,29.5));
#1147 = VECTOR('',#1148,1.);
#1148 = DIRECTION('',(-0.707106781187,0.707106781187,0.));
#1149 = PCURVE('',#126,#1150);
#1150 = DEFINITIONAL_REPRESENTATION('',(#1151),#1155);
#1151 = LINE('',#1152,#1153);
#1152 = CARTESIAN_POINT('',(68.,27.5));
#1153 = VECTOR('',#1154,1.);
#1154 = DIRECTION('',(-0.707106781187,0.707106781187));
#1155 = ( GEOMETRIC_REPRESENTATION_CONTEXT(2) 
PARAMETRIC_REPRESENTATION_CONTEXT() REPRESENTATION_CONTEXT('2D SPACE',''
  ) );
#1156 = PCURVE('',#1157,#1162);
#1157 = PLANE('',#1158);
#1158 = AXIS2_PLACEMENT_3D('',#1159,#1160,#1161);
#1159 = CARTESIAN_POINT('',(44.25,-22.15,24.4));
#1160 = DIRECTION('',(0.707106781187,0.707106781187,0.));
#1161 = DIRECTION('',(-0.,0.,-1.));
#1162 = DEFINITIONAL_REPRESENTATION('',(#1163),#1167);
#1163 = LINE('',#1164,#1165);
#1164 = CARTESIAN_POINT('',(-5.1,28.637824638055));
#1165 = VECTOR('',#1166,1.);
#1166 = DIRECTION('',(-0.,1.));
#1167 = ( GEOMETRIC_REPRESENTATION_CONTEXT(2) 
PARAMETRIC_REPRESENTATION_CONTEXT() REPRESENTATION_CONTEXT('2D SPACE',''
  ) );
#1168 = ORIENTED_EDGE('',*,*,#1169,.T.);
#1169 = EDGE_CURVE('',#1142,#1170,#1172,.T.);
#1170 = VERTEX_POINT('',#1171);
#1171 = CARTESIAN_POINT('',(-39.,-21.4,29.5));
#1172 = SURFACE_CURVE('',#1173,(#1177,#1183),.PCURVE_S1.);
#1173 = LINE('',#1174,#1175);
#1174 = CARTESIAN_POINT('',(-41.5,-21.4,29.5));
#1175 = VECTOR('',#1176,1.);
#1176 = DIRECTION('',(-1.,0.,0.));
#1177 = PCURVE('',#126,#1178);
#1178 = DEFINITIONAL_REPRESENTATION('',(#1179),#1182);
#1179 = B_SPLINE_CURVE_WITH_KNOTS('',1,(#1180,#1181),.UNSPECIFIED.,.F.,
  .F.,(2,2),(-86.5,-2.5),.PIECEWISE_BEZIER_KNOTS.);
#1180 = CARTESIAN_POINT('',(89.,8.));
#1181 = CARTESIAN_POINT('',(5.,8.));
#1182 = ( GEOMETRIC_REPRESENTATION_CONTEXT(2) 
PARAMETRIC_REPRESENTATION_CONTEXT() REPRESENTATION_CONTEXT('2D SPACE',''
  ) );
#1183 = PCURVE('',#1184,#1189);
#1184 = PLANE('',#1185);
#1185 = AXIS2_PLACEMENT_3D('',#1186,#1187,#1188);
#1186 = CARTESIAN_POINT('',(-39.,-21.4,4.));
#1187 = DIRECTION('',(0.,1.,0.));
#1188 = DIRECTION('',(0.,0.,1.));
#1189 = DEFINITIONAL_REPRESENTATION('',(#1190),#1193);
#1190 = B_SPLINE_CURVE_WITH_KNOTS('',1,(#1191,#1192),.UNSPECIFIED.,.F.,
  .F.,(2,2),(-86.5,-2.5),.PIECEWISE_BEZIER_KNOTS.);
#1191 = CARTESIAN_POINT('',(25.5,84.));
#1192 = CARTESIAN_POINT('',(25.5,0.));
#1193 = ( GEOMETRIC_REPRESENTATION_CONTEXT(2) 
PARAMETRIC_REPRESENTATION_CONTEXT() REPRESENTATION_CONTEXT('2D SPACE',''
  ) );
#1194 = ORIENTED_EDGE('',*,*,#1195,.T.);
#1195 = EDGE_CURVE('',#1170,#1196,#1198,.T.);
#1196 = VERTEX_POINT('',#1197);
#1197 = CARTESIAN_POINT('',(-39.,21.4,29.5));
#1198 = SURFACE_CURVE('',#1199,(#1203,#1209),.PCURVE_S1.);
#1199 = LINE('',#1200,#1201);
#1200 = CARTESIAN_POINT('',(-39.,-25.4,29.5));
#1201 = VECTOR('',#1202,1.);
#1202 = DIRECTION('',(0.,1.,0.));
#1203 = PCURVE('',#126,#1204);
#1204 = DEFINITIONAL_REPRESENTATION('',(#1205),#1208);
#1205 = B_SPLINE_CURVE_WITH_KNOTS('',1,(#1206,#1207),.UNSPECIFIED.,.F.,
  .F.,(2,2),(4.,46.8),.PIECEWISE_BEZIER_KNOTS.);
#1206 = CARTESIAN_POINT('',(5.,8.));
#1207 = CARTESIAN_POINT('',(5.,50.8));
#1208 = ( GEOMETRIC_REPRESENTATION_CONTEXT(2) 
PARAMETRIC_REPRESENTATION_CONTEXT() REPRESENTATION_CONTEXT('2D SPACE',''
  ) );
#1209 = PCURVE('',#1210,#1215);
#1210 = PLANE('',#1211);
#1211 = AXIS2_PLACEMENT_3D('',#1212,#1213,#1214);
#1212 = CARTESIAN_POINT('',(-39.,-21.4,4.));
#1213 = DIRECTION('',(1.,0.,0.));
#1214 = DIRECTION('',(0.,0.,1.));
#1215 = DEFINITIONAL_REPRESENTATION('',(#1216),#1220);
#1216 = LINE('',#1217,#1218);
#1217 = CARTESIAN_POINT('',(25.5,4.));
#1218 = VECTOR('',#1219,1.);
#1219 = DIRECTION('',(0.,-1.));
#1220 = ( GEOMETRIC_REPRESENTATION_CONTEXT(2) 
PARAMETRIC_REPRESENTATION_CONTEXT() REPRESENTATION_CONTEXT('2D SPACE',''
  ) );
#1221 = ORIENTED_EDGE('',*,*,#1222,.F.);
#1222 = EDGE_CURVE('',#1223,#1196,#1225,.T.);
#1223 = VERTEX_POINT('',#1224);
#1224 = CARTESIAN_POINT('',(43.5,21.4,29.5));
#1225 = SURFACE_CURVE('',#1226,(#1230,#1236),.PCURVE_S1.);
#1226 = LINE('',#1227,#1228);
#1227 = CARTESIAN_POINT('',(-41.5,21.4,29.5));
#1228 = VECTOR('',#1229,1.);
#1229 = DIRECTION('',(-1.,0.,0.));
#1230 = PCURVE('',#126,#1231);
#1231 = DEFINITIONAL_REPRESENTATION('',(#1232),#1235);
#1232 = B_SPLINE_CURVE_WITH_KNOTS('',1,(#1233,#1234),.UNSPECIFIED.,.F.,
  .F.,(2,2),(-86.5,-2.5),.PIECEWISE_BEZIER_KNOTS.);
#1233 = CARTESIAN_POINT('',(89.,50.8));
#1234 = CARTESIAN_POINT('',(5.,50.8));
#1235 = ( GEOMETRIC_REPRESENTATION_CONTEXT(2) 
PARAMETRIC_REPRESENTATION_CONTEXT() REPRESENTATION_CONTEXT('2D SPACE',''
  ) );
#1236 = PCURVE('',#1237,#1242);
#1237 = PLANE('',#1238);
#1238 = AXIS2_PLACEMENT_3D('',#1239,#1240,#1241);
#1239 = CARTESIAN_POINT('',(-39.,21.4,4.));
#1240 = DIRECTION('',(0.,1.,0.));
#1241 = DIRECTION('',(0.,0.,1.));
#1242 = DEFINITIONAL_REPRESENTATION('',(#1243),#1246);
#1243 = B_SPLINE_CURVE_WITH_KNOTS('',1,(#1244,#1245),.UNSPECIFIED.,.F.,
  .F.,(2,2),(-86.5,-2.5),.PIECEWISE_BEZIER_KNOTS.);
#1244 = CARTESIAN_POINT('',(25.5,84.));
#1245 = CARTESIAN_POINT('',(25.5,0.));
#1246 = ( GEOMETRIC_REPRESENTATION_CONTEXT(2) 
PARAMETRIC_REPRESENTATION_CONTEXT() REPRESENTATION_CONTEXT('2D SPACE',''
  ) );
#1247 = ORIENTED_EDGE('',*,*,#1248,.F.);
#1248 = EDGE_CURVE('',#1249,#1223,#1251,.T.);
#1249 = VERTEX_POINT('',#1250);
#1250 = CARTESIAN_POINT('',(45.,22.9,29.5));
#1251 = SURFACE_CURVE('',#1252,(#1256,#1263),.PCURVE_S1.);
#1252 = LINE('',#1253,#1254);
#1253 = CARTESIAN_POINT('',(9.3,-12.8,29.5));
#1254 = VECTOR('',#1255,1.);
#1255 = DIRECTION('',(-0.707106781187,-0.707106781187,0.));
#1256 = PCURVE('',#126,#1257);
#1257 = DEFINITIONAL_REPRESENTATION('',(#1258),#1262);
#1258 = LINE('',#1259,#1260);
#1259 = CARTESIAN_POINT('',(53.3,16.6));
#1260 = VECTOR('',#1261,1.);
#1261 = DIRECTION('',(-0.707106781187,-0.707106781187));
#1262 = ( GEOMETRIC_REPRESENTATION_CONTEXT(2) 
PARAMETRIC_REPRESENTATION_CONTEXT() REPRESENTATION_CONTEXT('2D SPACE',''
  ) );
#1263 = PCURVE('',#1264,#1269);
#1264 = PLANE('',#1265);
#1265 = AXIS2_PLACEMENT_3D('',#1266,#1267,#1268);
#1266 = CARTESIAN_POINT('',(44.25,22.15,24.4));
#1267 = DIRECTION('',(-0.707106781187,0.707106781187,0.));
#1268 = DIRECTION('',(-0.,-0.,-1.));
#1269 = DEFINITIONAL_REPRESENTATION('',(#1270),#1274);
#1270 = LINE('',#1271,#1272);
#1271 = CARTESIAN_POINT('',(-5.1,49.42676400494));
#1272 = VECTOR('',#1273,1.);
#1273 = DIRECTION('',(-0.,1.));
#1274 = ( GEOMETRIC_REPRESENTATION_CONTEXT(2) 
PARAMETRIC_REPRESENTATION_CONTEXT() REPRESENTATION_CONTEXT('2D SPACE',''
  ) );
#1275 = ORIENTED_EDGE('',*,*,#1276,.T.);
#1276 = EDGE_CURVE('',#1249,#1277,#1279,.T.);
#1277 = VERTEX_POINT('',#1278);
#1278 = CARTESIAN_POINT('',(45.,27.9,29.5));
#1279 = SURFACE_CURVE('',#1280,(#1284,#1291),.PCURVE_S1.);
#1280 = LINE('',#1281,#1282);
#1281 = CARTESIAN_POINT('',(45.,-29.4,29.5));
#1282 = VECTOR('',#1283,1.);
#1283 = DIRECTION('',(0.,1.,0.));
#1284 = PCURVE('',#126,#1285);
#1285 = DEFINITIONAL_REPRESENTATION('',(#1286),#1290);
#1286 = LINE('',#1287,#1288);
#1287 = CARTESIAN_POINT('',(89.,0.));
#1288 = VECTOR('',#1289,1.);
#1289 = DIRECTION('',(0.,1.));
#1290 = ( GEOMETRIC_REPRESENTATION_CONTEXT(2) 
PARAMETRIC_REPRESENTATION_CONTEXT() REPRESENTATION_CONTEXT('2D SPACE',''
  ) );
#1291 = PCURVE('',#432,#1292);
#1292 = DEFINITIONAL_REPRESENTATION('',(#1293),#1297);
#1293 = LINE('',#1294,#1295);
#1294 = CARTESIAN_POINT('',(29.5,0.));
#1295 = VECTOR('',#1296,1.);
#1296 = DIRECTION('',(0.,-1.));
#1297 = ( GEOMETRIC_REPRESENTATION_CONTEXT(2) 
PARAMETRIC_REPRESENTATION_CONTEXT() REPRESENTATION_CONTEXT('2D SPACE',''
  ) );
#1298 = ORIENTED_EDGE('',*,*,#1299,.F.);
#1299 = EDGE_CURVE('',#1073,#1277,#1300,.T.);
#1300 = SURFACE_CURVE('',#1301,(#1305,#1312),.PCURVE_S1.);
#1301 = LINE('',#1302,#1303);
#1302 = CARTESIAN_POINT('',(36.7,36.2,29.5));
#1303 = VECTOR('',#1304,1.);
#1304 = DIRECTION('',(0.707106781187,-0.707106781187,0.));
#1305 = PCURVE('',#126,#1306);
#1306 = DEFINITIONAL_REPRESENTATION('',(#1307),#1311);
#1307 = LINE('',#1308,#1309);
#1308 = CARTESIAN_POINT('',(80.7,65.6));
#1309 = VECTOR('',#1310,1.);
#1310 = DIRECTION('',(0.707106781187,-0.707106781187));
#1311 = ( GEOMETRIC_REPRESENTATION_CONTEXT(2) 
PARAMETRIC_REPRESENTATION_CONTEXT() REPRESENTATION_CONTEXT('2D SPACE',''
  ) );
#1312 = PCURVE('',#460,#1313);
#1313 = DEFINITIONAL_REPRESENTATION('',(#1314),#1318);
#1314 = LINE('',#1315,#1316);
#1315 = CARTESIAN_POINT('',(29.5,-10.67731239591));
#1316 = VECTOR('',#1317,1.);
#1317 = DIRECTION('',(0.,1.));
#1318 = ( GEOMETRIC_REPRESENTATION_CONTEXT(2) 
PARAMETRIC_REPRESENTATION_CONTEXT() REPRESENTATION_CONTEXT('2D SPACE',''
  ) );
#1319 = ADVANCED_FACE('',(#1320),#98,.F.);
#1320 = FACE_BOUND('',#1321,.F.);
#1321 = EDGE_LOOP('',(#1322,#1323,#1324,#1345));
#1322 = ORIENTED_EDGE('',*,*,#82,.F.);
#1323 = ORIENTED_EDGE('',*,*,#298,.T.);
#1324 = ORIENTED_EDGE('',*,*,#1325,.T.);
#1325 = EDGE_CURVE('',#269,#1071,#1326,.T.);
#1326 = SURFACE_CURVE('',#1327,(#1331,#1338),.PCURVE_S1.);
#1327 = LINE('',#1328,#1329);
#1328 = CARTESIAN_POINT('',(-44.,29.4,0.));
#1329 = VECTOR('',#1330,1.);
#1330 = DIRECTION('',(0.,0.,1.));
#1331 = PCURVE('',#98,#1332);
#1332 = DEFINITIONAL_REPRESENTATION('',(#1333),#1337);
#1333 = LINE('',#1334,#1335);
#1334 = CARTESIAN_POINT('',(0.,-58.8));
#1335 = VECTOR('',#1336,1.);
#1336 = DIRECTION('',(1.,0.));
#1337 = ( GEOMETRIC_REPRESENTATION_CONTEXT(2) 
PARAMETRIC_REPRESENTATION_CONTEXT() REPRESENTATION_CONTEXT('2D SPACE',''
  ) );
#1338 = PCURVE('',#286,#1339);
#1339 = DEFINITIONAL_REPRESENTATION('',(#1340),#1344);
#1340 = LINE('',#1341,#1342);
#1341 = CARTESIAN_POINT('',(0.,0.));
#1342 = VECTOR('',#1343,1.);
#1343 = DIRECTION('',(1.,0.));
#1344 = ( GEOMETRIC_REPRESENTATION_CONTEXT(2) 
PARAMETRIC_REPRESENTATION_CONTEXT() REPRESENTATION_CONTEXT('2D SPACE',''
  ) );
#1345 = ORIENTED_EDGE('',*,*,#1095,.F.);
#1346 = ADVANCED_FACE('',(#1347),#286,.T.);
#1347 = FACE_BOUND('',#1348,.T.);
#1348 = EDGE_LOOP('',(#1349,#1350,#1351,#1352,#1373,#1374,#1395,#1421));
#1349 = ORIENTED_EDGE('',*,*,#268,.F.);
#1350 = ORIENTED_EDGE('',*,*,#1325,.T.);
#1351 = ORIENTED_EDGE('',*,*,#1070,.T.);
#1352 = ORIENTED_EDGE('',*,*,#1353,.F.);
#1353 = EDGE_CURVE('',#445,#1073,#1354,.T.);
#1354 = SURFACE_CURVE('',#1355,(#1359,#1366),.PCURVE_S1.);
#1355 = LINE('',#1356,#1357);
#1356 = CARTESIAN_POINT('',(43.5,29.4,0.));
#1357 = VECTOR('',#1358,1.);
#1358 = DIRECTION('',(0.,0.,1.));
#1359 = PCURVE('',#286,#1360);
#1360 = DEFINITIONAL_REPRESENTATION('',(#1361),#1365);
#1361 = LINE('',#1362,#1363);
#1362 = CARTESIAN_POINT('',(0.,87.5));
#1363 = VECTOR('',#1364,1.);
#1364 = DIRECTION('',(1.,0.));
#1365 = ( GEOMETRIC_REPRESENTATION_CONTEXT(2) 
PARAMETRIC_REPRESENTATION_CONTEXT() REPRESENTATION_CONTEXT('2D SPACE',''
  ) );
#1366 = PCURVE('',#460,#1367);
#1367 = DEFINITIONAL_REPRESENTATION('',(#1368),#1372);
#1368 = LINE('',#1369,#1370);
#1369 = CARTESIAN_POINT('',(0.,-1.06066017178));
#1370 = VECTOR('',#1371,1.);
#1371 = DIRECTION('',(1.,0.));
#1372 = ( GEOMETRIC_REPRESENTATION_CONTEXT(2) 
PARAMETRIC_REPRESENTATION_CONTEXT() REPRESENTATION_CONTEXT('2D SPACE',''
  ) );
#1373 = ORIENTED_EDGE('',*,*,#472,.F.);
#1374 = ORIENTED_EDGE('',*,*,#1375,.F.);
#1375 = EDGE_CURVE('',#1376,#473,#1378,.T.);
#1376 = VERTEX_POINT('',#1377);
#1377 = CARTESIAN_POINT('',(6.5,29.4,4.));
#1378 = SURFACE_CURVE('',#1379,(#1383,#1389),.PCURVE_S1.);
#1379 = LINE('',#1380,#1381);
#1380 = CARTESIAN_POINT('',(6.5,29.4,0.));
#1381 = VECTOR('',#1382,1.);
#1382 = DIRECTION('',(0.,0.,-1.));
#1383 = PCURVE('',#286,#1384);
#1384 = DEFINITIONAL_REPRESENTATION('',(#1385),#1388);
#1385 = B_SPLINE_CURVE_WITH_KNOTS('',1,(#1386,#1387),.UNSPECIFIED.,.F.,
  .F.,(2,2),(-4.,0.),.PIECEWISE_BEZIER_KNOTS.);
#1386 = CARTESIAN_POINT('',(4.,50.5));
#1387 = CARTESIAN_POINT('',(0.,50.5));
#1388 = ( GEOMETRIC_REPRESENTATION_CONTEXT(2) 
PARAMETRIC_REPRESENTATION_CONTEXT() REPRESENTATION_CONTEXT('2D SPACE',''
  ) );
#1389 = PCURVE('',#511,#1390);
#1390 = DEFINITIONAL_REPRESENTATION('',(#1391),#1394);
#1391 = B_SPLINE_CURVE_WITH_KNOTS('',1,(#1392,#1393),.UNSPECIFIED.,.F.,
  .F.,(2,2),(-4.,0.),.PIECEWISE_BEZIER_KNOTS.);
#1392 = CARTESIAN_POINT('',(4.,-9.999999999977E-04));
#1393 = CARTESIAN_POINT('',(0.,-9.999999999977E-04));
#1394 = ( GEOMETRIC_REPRESENTATION_CONTEXT(2) 
PARAMETRIC_REPRESENTATION_CONTEXT() REPRESENTATION_CONTEXT('2D SPACE',''
  ) );
#1395 = ORIENTED_EDGE('',*,*,#1396,.F.);
#1396 = EDGE_CURVE('',#1397,#1376,#1399,.T.);
#1397 = VERTEX_POINT('',#1398);
#1398 = CARTESIAN_POINT('',(-5.5,29.4,4.));
#1399 = SURFACE_CURVE('',#1400,(#1404,#1410),.PCURVE_S1.);
#1400 = LINE('',#1401,#1402);
#1401 = CARTESIAN_POINT('',(-24.75,29.4,4.));
#1402 = VECTOR('',#1403,1.);
#1403 = DIRECTION('',(1.,0.,0.));
#1404 = PCURVE('',#286,#1405);
#1405 = DEFINITIONAL_REPRESENTATION('',(#1406),#1409);
#1406 = B_SPLINE_CURVE_WITH_KNOTS('',1,(#1407,#1408),.UNSPECIFIED.,.F.,
  .F.,(2,2),(19.25,31.25),.PIECEWISE_BEZIER_KNOTS.);
#1407 = CARTESIAN_POINT('',(4.,38.5));
#1408 = CARTESIAN_POINT('',(4.,50.5));
#1409 = ( GEOMETRIC_REPRESENTATION_CONTEXT(2) 
PARAMETRIC_REPRESENTATION_CONTEXT() REPRESENTATION_CONTEXT('2D SPACE',''
  ) );
#1410 = PCURVE('',#1411,#1416);
#1411 = PLANE('',#1412);
#1412 = AXIS2_PLACEMENT_3D('',#1413,#1414,#1415);
#1413 = CARTESIAN_POINT('',(-5.5,29.399,4.));
#1414 = DIRECTION('',(0.,0.,1.));
#1415 = DIRECTION('',(1.,0.,0.));
#1416 = DEFINITIONAL_REPRESENTATION('',(#1417),#1420);
#1417 = B_SPLINE_CURVE_WITH_KNOTS('',1,(#1418,#1419),.UNSPECIFIED.,.F.,
  .F.,(2,2),(19.25,31.25),.PIECEWISE_BEZIER_KNOTS.);
#1418 = CARTESIAN_POINT('',(0.,9.999999999977E-04));
#1419 = CARTESIAN_POINT('',(12.,9.999999999977E-04));
#1420 = ( GEOMETRIC_REPRESENTATION_CONTEXT(2) 
PARAMETRIC_REPRESENTATION_CONTEXT() REPRESENTATION_CONTEXT('2D SPACE',''
  ) );
#1421 = ORIENTED_EDGE('',*,*,#1422,.T.);
#1422 = EDGE_CURVE('',#1397,#271,#1423,.T.);
#1423 = SURFACE_CURVE('',#1424,(#1428,#1434),.PCURVE_S1.);
#1424 = LINE('',#1425,#1426);
#1425 = CARTESIAN_POINT('',(-5.5,29.4,0.));
#1426 = VECTOR('',#1427,1.);
#1427 = DIRECTION('',(0.,0.,-1.));
#1428 = PCURVE('',#286,#1429);
#1429 = DEFINITIONAL_REPRESENTATION('',(#1430),#1433);
#1430 = B_SPLINE_CURVE_WITH_KNOTS('',1,(#1431,#1432),.UNSPECIFIED.,.F.,
  .F.,(2,2),(-4.,0.),.PIECEWISE_BEZIER_KNOTS.);
#1431 = CARTESIAN_POINT('',(4.,38.5));
#1432 = CARTESIAN_POINT('',(0.,38.5));
#1433 = ( GEOMETRIC_REPRESENTATION_CONTEXT(2) 
PARAMETRIC_REPRESENTATION_CONTEXT() REPRESENTATION_CONTEXT('2D SPACE',''
  ) );
#1434 = PCURVE('',#565,#1435);
#1435 = DEFINITIONAL_REPRESENTATION('',(#1436),#1439);
#1436 = B_SPLINE_CURVE_WITH_KNOTS('',1,(#1437,#1438),.UNSPECIFIED.,.F.,
  .F.,(2,2),(-4.,0.),.PIECEWISE_BEZIER_KNOTS.);
#1437 = CARTESIAN_POINT('',(4.,-9.999999999977E-04));
#1438 = CARTESIAN_POINT('',(0.,-9.999999999977E-04));
#1439 = ( GEOMETRIC_REPRESENTATION_CONTEXT(2) 
PARAMETRIC_REPRESENTATION_CONTEXT() REPRESENTATION_CONTEXT('2D SPACE',''
  ) );
#1440 = ADVANCED_FACE('',(#1441),#565,.F.);
#1441 = FACE_BOUND('',#1442,.F.);
#1442 = EDGE_LOOP('',(#1443,#1466,#1467,#1468));
#1443 = ORIENTED_EDGE('',*,*,#1444,.F.);
#1444 = EDGE_CURVE('',#1397,#1445,#1447,.T.);
#1445 = VERTEX_POINT('',#1446);
#1446 = CARTESIAN_POINT('',(-5.5,37.399,4.));
#1447 = SURFACE_CURVE('',#1448,(#1452,#1459),.PCURVE_S1.);
#1448 = LINE('',#1449,#1450);
#1449 = CARTESIAN_POINT('',(-5.5,29.399,4.));
#1450 = VECTOR('',#1451,1.);
#1451 = DIRECTION('',(0.,1.,0.));
#1452 = PCURVE('',#565,#1453);
#1453 = DEFINITIONAL_REPRESENTATION('',(#1454),#1458);
#1454 = LINE('',#1455,#1456);
#1455 = CARTESIAN_POINT('',(4.,0.));
#1456 = VECTOR('',#1457,1.);
#1457 = DIRECTION('',(0.,-1.));
#1458 = ( GEOMETRIC_REPRESENTATION_CONTEXT(2) 
PARAMETRIC_REPRESENTATION_CONTEXT() REPRESENTATION_CONTEXT('2D SPACE',''
  ) );
#1459 = PCURVE('',#1411,#1460);
#1460 = DEFINITIONAL_REPRESENTATION('',(#1461),#1465);
#1461 = LINE('',#1462,#1463);
#1462 = CARTESIAN_POINT('',(0.,0.));
#1463 = VECTOR('',#1464,1.);
#1464 = DIRECTION('',(0.,1.));
#1465 = ( GEOMETRIC_REPRESENTATION_CONTEXT(2) 
PARAMETRIC_REPRESENTATION_CONTEXT() REPRESENTATION_CONTEXT('2D SPACE',''
  ) );
#1466 = ORIENTED_EDGE('',*,*,#1422,.T.);
#1467 = ORIENTED_EDGE('',*,*,#551,.T.);
#1468 = ORIENTED_EDGE('',*,*,#1469,.T.);
#1469 = EDGE_CURVE('',#524,#1445,#1470,.T.);
#1470 = SURFACE_CURVE('',#1471,(#1475,#1482),.PCURVE_S1.);
#1471 = LINE('',#1472,#1473);
#1472 = CARTESIAN_POINT('',(-5.5,37.399,0.));
#1473 = VECTOR('',#1474,1.);
#1474 = DIRECTION('',(0.,0.,1.));
#1475 = PCURVE('',#565,#1476);
#1476 = DEFINITIONAL_REPRESENTATION('',(#1477),#1481);
#1477 = LINE('',#1478,#1479);
#1478 = CARTESIAN_POINT('',(0.,-8.));
#1479 = VECTOR('',#1480,1.);
#1480 = DIRECTION('',(1.,0.));
#1481 = ( GEOMETRIC_REPRESENTATION_CONTEXT(2) 
PARAMETRIC_REPRESENTATION_CONTEXT() REPRESENTATION_CONTEXT('2D SPACE',''
  ) );
#1482 = PCURVE('',#539,#1483);
#1483 = DEFINITIONAL_REPRESENTATION('',(#1484),#1488);
#1484 = LINE('',#1485,#1486);
#1485 = CARTESIAN_POINT('',(0.,0.));
#1486 = VECTOR('',#1487,1.);
#1487 = DIRECTION('',(1.,0.));
#1488 = ( GEOMETRIC_REPRESENTATION_CONTEXT(2) 
PARAMETRIC_REPRESENTATION_CONTEXT() REPRESENTATION_CONTEXT('2D SPACE',''
  ) );
#1489 = ADVANCED_FACE('',(#1490),#539,.T.);
#1490 = FACE_BOUND('',#1491,.T.);
#1491 = EDGE_LOOP('',(#1492,#1493,#1494,#1517));
#1492 = ORIENTED_EDGE('',*,*,#523,.F.);
#1493 = ORIENTED_EDGE('',*,*,#1469,.T.);
#1494 = ORIENTED_EDGE('',*,*,#1495,.T.);
#1495 = EDGE_CURVE('',#1445,#1496,#1498,.T.);
#1496 = VERTEX_POINT('',#1497);
#1497 = CARTESIAN_POINT('',(6.5,37.399,4.));
#1498 = SURFACE_CURVE('',#1499,(#1503,#1510),.PCURVE_S1.);
#1499 = LINE('',#1500,#1501);
#1500 = CARTESIAN_POINT('',(-5.5,37.399,4.));
#1501 = VECTOR('',#1502,1.);
#1502 = DIRECTION('',(1.,0.,0.));
#1503 = PCURVE('',#539,#1504);
#1504 = DEFINITIONAL_REPRESENTATION('',(#1505),#1509);
#1505 = LINE('',#1506,#1507);
#1506 = CARTESIAN_POINT('',(4.,0.));
#1507 = VECTOR('',#1508,1.);
#1508 = DIRECTION('',(0.,1.));
#1509 = ( GEOMETRIC_REPRESENTATION_CONTEXT(2) 
PARAMETRIC_REPRESENTATION_CONTEXT() REPRESENTATION_CONTEXT('2D SPACE',''
  ) );
#1510 = PCURVE('',#1411,#1511);
#1511 = DEFINITIONAL_REPRESENTATION('',(#1512),#1516);
#1512 = LINE('',#1513,#1514);
#1513 = CARTESIAN_POINT('',(0.,8.));
#1514 = VECTOR('',#1515,1.);
#1515 = DIRECTION('',(1.,0.));
#1516 = ( GEOMETRIC_REPRESENTATION_CONTEXT(2) 
PARAMETRIC_REPRESENTATION_CONTEXT() REPRESENTATION_CONTEXT('2D SPACE',''
  ) );
#1517 = ORIENTED_EDGE('',*,*,#1518,.F.);
#1518 = EDGE_CURVE('',#496,#1496,#1519,.T.);
#1519 = SURFACE_CURVE('',#1520,(#1524,#1531),.PCURVE_S1.);
#1520 = LINE('',#1521,#1522);
#1521 = CARTESIAN_POINT('',(6.5,37.399,0.));
#1522 = VECTOR('',#1523,1.);
#1523 = DIRECTION('',(0.,0.,1.));
#1524 = PCURVE('',#539,#1525);
#1525 = DEFINITIONAL_REPRESENTATION('',(#1526),#1530);
#1526 = LINE('',#1527,#1528);
#1527 = CARTESIAN_POINT('',(0.,12.));
#1528 = VECTOR('',#1529,1.);
#1529 = DIRECTION('',(1.,0.));
#1530 = ( GEOMETRIC_REPRESENTATION_CONTEXT(2) 
PARAMETRIC_REPRESENTATION_CONTEXT() REPRESENTATION_CONTEXT('2D SPACE',''
  ) );
#1531 = PCURVE('',#511,#1532);
#1532 = DEFINITIONAL_REPRESENTATION('',(#1533),#1537);
#1533 = LINE('',#1534,#1535);
#1534 = CARTESIAN_POINT('',(0.,-8.));
#1535 = VECTOR('',#1536,1.);
#1536 = DIRECTION('',(1.,0.));
#1537 = ( GEOMETRIC_REPRESENTATION_CONTEXT(2) 
PARAMETRIC_REPRESENTATION_CONTEXT() REPRESENTATION_CONTEXT('2D SPACE',''
  ) );
#1538 = ADVANCED_FACE('',(#1539),#511,.T.);
#1539 = FACE_BOUND('',#1540,.T.);
#1540 = EDGE_LOOP('',(#1541,#1562,#1563,#1564));
#1541 = ORIENTED_EDGE('',*,*,#1542,.F.);
#1542 = EDGE_CURVE('',#1376,#1496,#1543,.T.);
#1543 = SURFACE_CURVE('',#1544,(#1548,#1555),.PCURVE_S1.);
#1544 = LINE('',#1545,#1546);
#1545 = CARTESIAN_POINT('',(6.5,29.399,4.));
#1546 = VECTOR('',#1547,1.);
#1547 = DIRECTION('',(0.,1.,0.));
#1548 = PCURVE('',#511,#1549);
#1549 = DEFINITIONAL_REPRESENTATION('',(#1550),#1554);
#1550 = LINE('',#1551,#1552);
#1551 = CARTESIAN_POINT('',(4.,0.));
#1552 = VECTOR('',#1553,1.);
#1553 = DIRECTION('',(0.,-1.));
#1554 = ( GEOMETRIC_REPRESENTATION_CONTEXT(2) 
PARAMETRIC_REPRESENTATION_CONTEXT() REPRESENTATION_CONTEXT('2D SPACE',''
  ) );
#1555 = PCURVE('',#1411,#1556);
#1556 = DEFINITIONAL_REPRESENTATION('',(#1557),#1561);
#1557 = LINE('',#1558,#1559);
#1558 = CARTESIAN_POINT('',(12.,0.));
#1559 = VECTOR('',#1560,1.);
#1560 = DIRECTION('',(0.,1.));
#1561 = ( GEOMETRIC_REPRESENTATION_CONTEXT(2) 
PARAMETRIC_REPRESENTATION_CONTEXT() REPRESENTATION_CONTEXT('2D SPACE',''
  ) );
#1562 = ORIENTED_EDGE('',*,*,#1375,.T.);
#1563 = ORIENTED_EDGE('',*,*,#495,.T.);
#1564 = ORIENTED_EDGE('',*,*,#1518,.T.);
#1565 = ADVANCED_FACE('',(#1566),#359,.F.);
#1566 = FACE_BOUND('',#1567,.F.);
#1567 = EDGE_LOOP('',(#1568,#1569,#1570,#1571));
#1568 = ORIENTED_EDGE('',*,*,#343,.F.);
#1569 = ORIENTED_EDGE('',*,*,#893,.T.);
#1570 = ORIENTED_EDGE('',*,*,#920,.T.);
#1571 = ORIENTED_EDGE('',*,*,#995,.F.);
#1572 = ADVANCED_FACE('',(#1573),#460,.T.);
#1573 = FACE_BOUND('',#1574,.T.);
#1574 = EDGE_LOOP('',(#1575,#1576,#1577,#1578));
#1575 = ORIENTED_EDGE('',*,*,#444,.F.);
#1576 = ORIENTED_EDGE('',*,*,#1353,.T.);
#1577 = ORIENTED_EDGE('',*,*,#1299,.T.);
#1578 = ORIENTED_EDGE('',*,*,#1579,.F.);
#1579 = EDGE_CURVE('',#417,#1277,#1580,.T.);
#1580 = SURFACE_CURVE('',#1581,(#1585,#1592),.PCURVE_S1.);
#1581 = LINE('',#1582,#1583);
#1582 = CARTESIAN_POINT('',(45.,27.9,0.));
#1583 = VECTOR('',#1584,1.);
#1584 = DIRECTION('',(0.,0.,1.));
#1585 = PCURVE('',#460,#1586);
#1586 = DEFINITIONAL_REPRESENTATION('',(#1587),#1591);
#1587 = LINE('',#1588,#1589);
#1588 = CARTESIAN_POINT('',(0.,1.06066017178));
#1589 = VECTOR('',#1590,1.);
#1590 = DIRECTION('',(1.,0.));
#1591 = ( GEOMETRIC_REPRESENTATION_CONTEXT(2) 
PARAMETRIC_REPRESENTATION_CONTEXT() REPRESENTATION_CONTEXT('2D SPACE',''
  ) );
#1592 = PCURVE('',#432,#1593);
#1593 = DEFINITIONAL_REPRESENTATION('',(#1594),#1598);
#1594 = LINE('',#1595,#1596);
#1595 = CARTESIAN_POINT('',(0.,-57.3));
#1596 = VECTOR('',#1597,1.);
#1597 = DIRECTION('',(1.,0.));
#1598 = ( GEOMETRIC_REPRESENTATION_CONTEXT(2) 
PARAMETRIC_REPRESENTATION_CONTEXT() REPRESENTATION_CONTEXT('2D SPACE',''
  ) );
#1599 = ADVANCED_FACE('',(#1600),#432,.T.);
#1600 = FACE_BOUND('',#1601,.T.);
#1601 = EDGE_LOOP('',(#1602,#1603,#1604,#1605,#1606,#1607,#1630,#1658,
    #1686,#1714,#1742,#1770,#1798,#1826,#1854,#1882));
#1602 = ORIENTED_EDGE('',*,*,#1118,.F.);
#1603 = ORIENTED_EDGE('',*,*,#1046,.F.);
#1604 = ORIENTED_EDGE('',*,*,#416,.T.);
#1605 = ORIENTED_EDGE('',*,*,#1579,.T.);
#1606 = ORIENTED_EDGE('',*,*,#1276,.F.);
#1607 = ORIENTED_EDGE('',*,*,#1608,.F.);
#1608 = EDGE_CURVE('',#1609,#1249,#1611,.T.);
#1609 = VERTEX_POINT('',#1610);
#1610 = CARTESIAN_POINT('',(45.,22.9,24.4));
#1611 = SURFACE_CURVE('',#1612,(#1616,#1623),.PCURVE_S1.);
#1612 = LINE('',#1613,#1614);
#1613 = CARTESIAN_POINT('',(45.,22.9,24.4));
#1614 = VECTOR('',#1615,1.);
#1615 = DIRECTION('',(0.,0.,1.));
#1616 = PCURVE('',#432,#1617);
#1617 = DEFINITIONAL_REPRESENTATION('',(#1618),#1622);
#1618 = LINE('',#1619,#1620);
#1619 = CARTESIAN_POINT('',(24.4,-52.3));
#1620 = VECTOR('',#1621,1.);
#1621 = DIRECTION('',(1.,0.));
#1622 = ( GEOMETRIC_REPRESENTATION_CONTEXT(2) 
PARAMETRIC_REPRESENTATION_CONTEXT() REPRESENTATION_CONTEXT('2D SPACE',''
  ) );
#1623 = PCURVE('',#1264,#1624);
#1624 = DEFINITIONAL_REPRESENTATION('',(#1625),#1629);
#1625 = LINE('',#1626,#1627);
#1626 = CARTESIAN_POINT('',(-0.,-1.06066017178));
#1627 = VECTOR('',#1628,1.);
#1628 = DIRECTION('',(-1.,0.));
#1629 = ( GEOMETRIC_REPRESENTATION_CONTEXT(2) 
PARAMETRIC_REPRESENTATION_CONTEXT() REPRESENTATION_CONTEXT('2D SPACE',''
  ) );
#1630 = ORIENTED_EDGE('',*,*,#1631,.T.);
#1631 = EDGE_CURVE('',#1609,#1632,#1634,.T.);
#1632 = VERTEX_POINT('',#1633);
#1633 = CARTESIAN_POINT('',(45.,26.3,24.4));
#1634 = SURFACE_CURVE('',#1635,(#1639,#1646),.PCURVE_S1.);
#1635 = LINE('',#1636,#1637);
#1636 = CARTESIAN_POINT('',(45.,22.9,24.4));
#1637 = VECTOR('',#1638,1.);
#1638 = DIRECTION('',(0.,1.,0.));
#1639 = PCURVE('',#432,#1640);
#1640 = DEFINITIONAL_REPRESENTATION('',(#1641),#1645);
#1641 = LINE('',#1642,#1643);
#1642 = CARTESIAN_POINT('',(24.4,-52.3));
#1643 = VECTOR('',#1644,1.);
#1644 = DIRECTION('',(0.,-1.));
#1645 = ( GEOMETRIC_REPRESENTATION_CONTEXT(2) 
PARAMETRIC_REPRESENTATION_CONTEXT() REPRESENTATION_CONTEXT('2D SPACE',''
  ) );
#1646 = PCURVE('',#1647,#1652);
#1647 = PLANE('',#1648);
#1648 = AXIS2_PLACEMENT_3D('',#1649,#1650,#1651);
#1649 = CARTESIAN_POINT('',(-39.,18.,24.4));
#1650 = DIRECTION('',(0.,0.,1.));
#1651 = DIRECTION('',(1.,0.,0.));
#1652 = DEFINITIONAL_REPRESENTATION('',(#1653),#1657);
#1653 = LINE('',#1654,#1655);
#1654 = CARTESIAN_POINT('',(84.,4.9));
#1655 = VECTOR('',#1656,1.);
#1656 = DIRECTION('',(0.,1.));
#1657 = ( GEOMETRIC_REPRESENTATION_CONTEXT(2) 
PARAMETRIC_REPRESENTATION_CONTEXT() REPRESENTATION_CONTEXT('2D SPACE',''
  ) );
#1658 = ORIENTED_EDGE('',*,*,#1659,.F.);
#1659 = EDGE_CURVE('',#1660,#1632,#1662,.T.);
#1660 = VERTEX_POINT('',#1661);
#1661 = CARTESIAN_POINT('',(45.,26.3,17.6));
#1662 = SURFACE_CURVE('',#1663,(#1667,#1674),.PCURVE_S1.);
#1663 = LINE('',#1664,#1665);
#1664 = CARTESIAN_POINT('',(45.,26.3,17.6));
#1665 = VECTOR('',#1666,1.);
#1666 = DIRECTION('',(0.,0.,1.));
#1667 = PCURVE('',#432,#1668);
#1668 = DEFINITIONAL_REPRESENTATION('',(#1669),#1673);
#1669 = LINE('',#1670,#1671);
#1670 = CARTESIAN_POINT('',(17.6,-55.7));
#1671 = VECTOR('',#1672,1.);
#1672 = DIRECTION('',(1.,0.));
#1673 = ( GEOMETRIC_REPRESENTATION_CONTEXT(2) 
PARAMETRIC_REPRESENTATION_CONTEXT() REPRESENTATION_CONTEXT('2D SPACE',''
  ) );
#1674 = PCURVE('',#1675,#1680);
#1675 = PLANE('',#1676);
#1676 = AXIS2_PLACEMENT_3D('',#1677,#1678,#1679);
#1677 = CARTESIAN_POINT('',(44.25,25.55,17.6));
#1678 = DIRECTION('',(-0.707106781187,0.707106781187,0.));
#1679 = DIRECTION('',(-0.,-0.,-1.));
#1680 = DEFINITIONAL_REPRESENTATION('',(#1681),#1685);
#1681 = LINE('',#1682,#1683);
#1682 = CARTESIAN_POINT('',(-0.,-1.06066017178));
#1683 = VECTOR('',#1684,1.);
#1684 = DIRECTION('',(-1.,0.));
#1685 = ( GEOMETRIC_REPRESENTATION_CONTEXT(2) 
PARAMETRIC_REPRESENTATION_CONTEXT() REPRESENTATION_CONTEXT('2D SPACE',''
  ) );
#1686 = ORIENTED_EDGE('',*,*,#1687,.T.);
#1687 = EDGE_CURVE('',#1660,#1688,#1690,.T.);
#1688 = VERTEX_POINT('',#1689);
#1689 = CARTESIAN_POINT('',(45.,22.9,17.6));
#1690 = SURFACE_CURVE('',#1691,(#1695,#1702),.PCURVE_S1.);
#1691 = LINE('',#1692,#1693);
#1692 = CARTESIAN_POINT('',(45.,26.3,17.6));
#1693 = VECTOR('',#1694,1.);
#1694 = DIRECTION('',(0.,-1.,0.));
#1695 = PCURVE('',#432,#1696);
#1696 = DEFINITIONAL_REPRESENTATION('',(#1697),#1701);
#1697 = LINE('',#1698,#1699);
#1698 = CARTESIAN_POINT('',(17.6,-55.7));
#1699 = VECTOR('',#1700,1.);
#1700 = DIRECTION('',(0.,1.));
#1701 = ( GEOMETRIC_REPRESENTATION_CONTEXT(2) 
PARAMETRIC_REPRESENTATION_CONTEXT() REPRESENTATION_CONTEXT('2D SPACE',''
  ) );
#1702 = PCURVE('',#1703,#1708);
#1703 = PLANE('',#1704);
#1704 = AXIS2_PLACEMENT_3D('',#1705,#1706,#1707);
#1705 = CARTESIAN_POINT('',(-39.,18.,17.6));
#1706 = DIRECTION('',(0.,0.,1.));
#1707 = DIRECTION('',(1.,0.,0.));
#1708 = DEFINITIONAL_REPRESENTATION('',(#1709),#1713);
#1709 = LINE('',#1710,#1711);
#1710 = CARTESIAN_POINT('',(84.,8.3));
#1711 = VECTOR('',#1712,1.);
#1712 = DIRECTION('',(0.,-1.));
#1713 = ( GEOMETRIC_REPRESENTATION_CONTEXT(2) 
PARAMETRIC_REPRESENTATION_CONTEXT() REPRESENTATION_CONTEXT('2D SPACE',''
  ) );
#1714 = ORIENTED_EDGE('',*,*,#1715,.F.);
#1715 = EDGE_CURVE('',#1716,#1688,#1718,.T.);
#1716 = VERTEX_POINT('',#1717);
#1717 = CARTESIAN_POINT('',(45.,22.9,4.));
#1718 = SURFACE_CURVE('',#1719,(#1723,#1730),.PCURVE_S1.);
#1719 = LINE('',#1720,#1721);
#1720 = CARTESIAN_POINT('',(45.,22.9,4.));
#1721 = VECTOR('',#1722,1.);
#1722 = DIRECTION('',(0.,0.,1.));
#1723 = PCURVE('',#432,#1724);
#1724 = DEFINITIONAL_REPRESENTATION('',(#1725),#1729);
#1725 = LINE('',#1726,#1727);
#1726 = CARTESIAN_POINT('',(4.,-52.3));
#1727 = VECTOR('',#1728,1.);
#1728 = DIRECTION('',(1.,0.));
#1729 = ( GEOMETRIC_REPRESENTATION_CONTEXT(2) 
PARAMETRIC_REPRESENTATION_CONTEXT() REPRESENTATION_CONTEXT('2D SPACE',''
  ) );
#1730 = PCURVE('',#1731,#1736);
#1731 = PLANE('',#1732);
#1732 = AXIS2_PLACEMENT_3D('',#1733,#1734,#1735);
#1733 = CARTESIAN_POINT('',(44.25,22.15,4.));
#1734 = DIRECTION('',(-0.707106781187,0.707106781187,0.));
#1735 = DIRECTION('',(-0.,-0.,-1.));
#1736 = DEFINITIONAL_REPRESENTATION('',(#1737),#1741);
#1737 = LINE('',#1738,#1739);
#1738 = CARTESIAN_POINT('',(-0.,-1.06066017178));
#1739 = VECTOR('',#1740,1.);
#1740 = DIRECTION('',(-1.,0.));
#1741 = ( GEOMETRIC_REPRESENTATION_CONTEXT(2) 
PARAMETRIC_REPRESENTATION_CONTEXT() REPRESENTATION_CONTEXT('2D SPACE',''
  ) );
#1742 = ORIENTED_EDGE('',*,*,#1743,.T.);
#1743 = EDGE_CURVE('',#1716,#1744,#1746,.T.);
#1744 = VERTEX_POINT('',#1745);
#1745 = CARTESIAN_POINT('',(45.,-22.9,4.));
#1746 = SURFACE_CURVE('',#1747,(#1751,#1758),.PCURVE_S1.);
#1747 = LINE('',#1748,#1749);
#1748 = CARTESIAN_POINT('',(45.,22.9,4.));
#1749 = VECTOR('',#1750,1.);
#1750 = DIRECTION('',(0.,-1.,0.));
#1751 = PCURVE('',#432,#1752);
#1752 = DEFINITIONAL_REPRESENTATION('',(#1753),#1757);
#1753 = LINE('',#1754,#1755);
#1754 = CARTESIAN_POINT('',(4.,-52.3));
#1755 = VECTOR('',#1756,1.);
#1756 = DIRECTION('',(0.,1.));
#1757 = ( GEOMETRIC_REPRESENTATION_CONTEXT(2) 
PARAMETRIC_REPRESENTATION_CONTEXT() REPRESENTATION_CONTEXT('2D SPACE',''
  ) );
#1758 = PCURVE('',#1759,#1764);
#1759 = PLANE('',#1760);
#1760 = AXIS2_PLACEMENT_3D('',#1761,#1762,#1763);
#1761 = CARTESIAN_POINT('',(-39.,-21.4,4.));
#1762 = DIRECTION('',(0.,0.,1.));
#1763 = DIRECTION('',(1.,0.,0.));
#1764 = DEFINITIONAL_REPRESENTATION('',(#1765),#1769);
#1765 = LINE('',#1766,#1767);
#1766 = CARTESIAN_POINT('',(84.,44.3));
#1767 = VECTOR('',#1768,1.);
#1768 = DIRECTION('',(0.,-1.));
#1769 = ( GEOMETRIC_REPRESENTATION_CONTEXT(2) 
PARAMETRIC_REPRESENTATION_CONTEXT() REPRESENTATION_CONTEXT('2D SPACE',''
  ) );
#1770 = ORIENTED_EDGE('',*,*,#1771,.T.);
#1771 = EDGE_CURVE('',#1744,#1772,#1774,.T.);
#1772 = VERTEX_POINT('',#1773);
#1773 = CARTESIAN_POINT('',(45.,-22.9,17.6));
#1774 = SURFACE_CURVE('',#1775,(#1779,#1786),.PCURVE_S1.);
#1775 = LINE('',#1776,#1777);
#1776 = CARTESIAN_POINT('',(45.,-22.9,4.));
#1777 = VECTOR('',#1778,1.);
#1778 = DIRECTION('',(0.,0.,1.));
#1779 = PCURVE('',#432,#1780);
#1780 = DEFINITIONAL_REPRESENTATION('',(#1781),#1785);
#1781 = LINE('',#1782,#1783);
#1782 = CARTESIAN_POINT('',(4.,-6.5));
#1783 = VECTOR('',#1784,1.);
#1784 = DIRECTION('',(1.,0.));
#1785 = ( GEOMETRIC_REPRESENTATION_CONTEXT(2) 
PARAMETRIC_REPRESENTATION_CONTEXT() REPRESENTATION_CONTEXT('2D SPACE',''
  ) );
#1786 = PCURVE('',#1787,#1792);
#1787 = PLANE('',#1788);
#1788 = AXIS2_PLACEMENT_3D('',#1789,#1790,#1791);
#1789 = CARTESIAN_POINT('',(44.25,-22.15,4.));
#1790 = DIRECTION('',(0.707106781187,0.707106781187,0.));
#1791 = DIRECTION('',(-0.,0.,-1.));
#1792 = DEFINITIONAL_REPRESENTATION('',(#1793),#1797);
#1793 = LINE('',#1794,#1795);
#1794 = CARTESIAN_POINT('',(-0.,-1.06066017178));
#1795 = VECTOR('',#1796,1.);
#1796 = DIRECTION('',(-1.,0.));
#1797 = ( GEOMETRIC_REPRESENTATION_CONTEXT(2) 
PARAMETRIC_REPRESENTATION_CONTEXT() REPRESENTATION_CONTEXT('2D SPACE',''
  ) );
#1798 = ORIENTED_EDGE('',*,*,#1799,.T.);
#1799 = EDGE_CURVE('',#1772,#1800,#1802,.T.);
#1800 = VERTEX_POINT('',#1801);
#1801 = CARTESIAN_POINT('',(45.,-26.3,17.6));
#1802 = SURFACE_CURVE('',#1803,(#1807,#1814),.PCURVE_S1.);
#1803 = LINE('',#1804,#1805);
#1804 = CARTESIAN_POINT('',(45.,-22.9,17.6));
#1805 = VECTOR('',#1806,1.);
#1806 = DIRECTION('',(0.,-1.,0.));
#1807 = PCURVE('',#432,#1808);
#1808 = DEFINITIONAL_REPRESENTATION('',(#1809),#1813);
#1809 = LINE('',#1810,#1811);
#1810 = CARTESIAN_POINT('',(17.6,-6.5));
#1811 = VECTOR('',#1812,1.);
#1812 = DIRECTION('',(0.,1.));
#1813 = ( GEOMETRIC_REPRESENTATION_CONTEXT(2) 
PARAMETRIC_REPRESENTATION_CONTEXT() REPRESENTATION_CONTEXT('2D SPACE',''
  ) );
#1814 = PCURVE('',#1815,#1820);
#1815 = PLANE('',#1816);
#1816 = AXIS2_PLACEMENT_3D('',#1817,#1818,#1819);
#1817 = CARTESIAN_POINT('',(-39.,-24.8,17.6));
#1818 = DIRECTION('',(0.,0.,1.));
#1819 = DIRECTION('',(1.,0.,0.));
#1820 = DEFINITIONAL_REPRESENTATION('',(#1821),#1825);
#1821 = LINE('',#1822,#1823);
#1822 = CARTESIAN_POINT('',(84.,1.9));
#1823 = VECTOR('',#1824,1.);
#1824 = DIRECTION('',(0.,-1.));
#1825 = ( GEOMETRIC_REPRESENTATION_CONTEXT(2) 
PARAMETRIC_REPRESENTATION_CONTEXT() REPRESENTATION_CONTEXT('2D SPACE',''
  ) );
#1826 = ORIENTED_EDGE('',*,*,#1827,.T.);
#1827 = EDGE_CURVE('',#1800,#1828,#1830,.T.);
#1828 = VERTEX_POINT('',#1829);
#1829 = CARTESIAN_POINT('',(45.,-26.3,24.4));
#1830 = SURFACE_CURVE('',#1831,(#1835,#1842),.PCURVE_S1.);
#1831 = LINE('',#1832,#1833);
#1832 = CARTESIAN_POINT('',(45.,-26.3,17.6));
#1833 = VECTOR('',#1834,1.);
#1834 = DIRECTION('',(0.,0.,1.));
#1835 = PCURVE('',#432,#1836);
#1836 = DEFINITIONAL_REPRESENTATION('',(#1837),#1841);
#1837 = LINE('',#1838,#1839);
#1838 = CARTESIAN_POINT('',(17.6,-3.1));
#1839 = VECTOR('',#1840,1.);
#1840 = DIRECTION('',(1.,0.));
#1841 = ( GEOMETRIC_REPRESENTATION_CONTEXT(2) 
PARAMETRIC_REPRESENTATION_CONTEXT() REPRESENTATION_CONTEXT('2D SPACE',''
  ) );
#1842 = PCURVE('',#1843,#1848);
#1843 = PLANE('',#1844);
#1844 = AXIS2_PLACEMENT_3D('',#1845,#1846,#1847);
#1845 = CARTESIAN_POINT('',(44.25,-25.55,17.6));
#1846 = DIRECTION('',(0.707106781187,0.707106781187,0.));
#1847 = DIRECTION('',(-0.,0.,-1.));
#1848 = DEFINITIONAL_REPRESENTATION('',(#1849),#1853);
#1849 = LINE('',#1850,#1851);
#1850 = CARTESIAN_POINT('',(-0.,-1.06066017178));
#1851 = VECTOR('',#1852,1.);
#1852 = DIRECTION('',(-1.,0.));
#1853 = ( GEOMETRIC_REPRESENTATION_CONTEXT(2) 
PARAMETRIC_REPRESENTATION_CONTEXT() REPRESENTATION_CONTEXT('2D SPACE',''
  ) );
#1854 = ORIENTED_EDGE('',*,*,#1855,.T.);
#1855 = EDGE_CURVE('',#1828,#1856,#1858,.T.);
#1856 = VERTEX_POINT('',#1857);
#1857 = CARTESIAN_POINT('',(45.,-22.9,24.4));
#1858 = SURFACE_CURVE('',#1859,(#1863,#1870),.PCURVE_S1.);
#1859 = LINE('',#1860,#1861);
#1860 = CARTESIAN_POINT('',(45.,-26.3,24.4));
#1861 = VECTOR('',#1862,1.);
#1862 = DIRECTION('',(0.,1.,0.));
#1863 = PCURVE('',#432,#1864);
#1864 = DEFINITIONAL_REPRESENTATION('',(#1865),#1869);
#1865 = LINE('',#1866,#1867);
#1866 = CARTESIAN_POINT('',(24.4,-3.1));
#1867 = VECTOR('',#1868,1.);
#1868 = DIRECTION('',(0.,-1.));
#1869 = ( GEOMETRIC_REPRESENTATION_CONTEXT(2) 
PARAMETRIC_REPRESENTATION_CONTEXT() REPRESENTATION_CONTEXT('2D SPACE',''
  ) );
#1870 = PCURVE('',#1871,#1876);
#1871 = PLANE('',#1872);
#1872 = AXIS2_PLACEMENT_3D('',#1873,#1874,#1875);
#1873 = CARTESIAN_POINT('',(-39.,-24.8,24.4));
#1874 = DIRECTION('',(0.,0.,1.));
#1875 = DIRECTION('',(1.,0.,0.));
#1876 = DEFINITIONAL_REPRESENTATION('',(#1877),#1881);
#1877 = LINE('',#1878,#1879);
#1878 = CARTESIAN_POINT('',(84.,-1.5));
#1879 = VECTOR('',#1880,1.);
#1880 = DIRECTION('',(0.,1.));
#1881 = ( GEOMETRIC_REPRESENTATION_CONTEXT(2) 
PARAMETRIC_REPRESENTATION_CONTEXT() REPRESENTATION_CONTEXT('2D SPACE',''
  ) );
#1882 = ORIENTED_EDGE('',*,*,#1883,.T.);
#1883 = EDGE_CURVE('',#1856,#1119,#1884,.T.);
#1884 = SURFACE_CURVE('',#1885,(#1889,#1896),.PCURVE_S1.);
#1885 = LINE('',#1886,#1887);
#1886 = CARTESIAN_POINT('',(45.,-22.9,24.4));
#1887 = VECTOR('',#1888,1.);
#1888 = DIRECTION('',(0.,0.,1.));
#1889 = PCURVE('',#432,#1890);
#1890 = DEFINITIONAL_REPRESENTATION('',(#1891),#1895);
#1891 = LINE('',#1892,#1893);
#1892 = CARTESIAN_POINT('',(24.4,-6.5));
#1893 = VECTOR('',#1894,1.);
#1894 = DIRECTION('',(1.,0.));
#1895 = ( GEOMETRIC_REPRESENTATION_CONTEXT(2) 
PARAMETRIC_REPRESENTATION_CONTEXT() REPRESENTATION_CONTEXT('2D SPACE',''
  ) );
#1896 = PCURVE('',#1157,#1897);
#1897 = DEFINITIONAL_REPRESENTATION('',(#1898),#1902);
#1898 = LINE('',#1899,#1900);
#1899 = CARTESIAN_POINT('',(-0.,-1.06066017178));
#1900 = VECTOR('',#1901,1.);
#1901 = DIRECTION('',(-1.,0.));
#1902 = ( GEOMETRIC_REPRESENTATION_CONTEXT(2) 
PARAMETRIC_REPRESENTATION_CONTEXT() REPRESENTATION_CONTEXT('2D SPACE',''
  ) );
#1903 = ADVANCED_FACE('',(#1904),#596,.F.);
#1904 = FACE_BOUND('',#1905,.T.);
#1905 = EDGE_LOOP('',(#1906,#1927,#1928,#1929));
#1906 = ORIENTED_EDGE('',*,*,#1907,.T.);
#1907 = EDGE_CURVE('',#580,#968,#1908,.T.);
#1908 = SEAM_CURVE('',#1909,(#1913,#1920),.PCURVE_S1.);
#1909 = LINE('',#1910,#1911);
#1910 = CARTESIAN_POINT('',(2.1,-33.4,0.));
#1911 = VECTOR('',#1912,1.);
#1912 = DIRECTION('',(0.,0.,1.));
#1913 = PCURVE('',#596,#1914);
#1914 = DEFINITIONAL_REPRESENTATION('',(#1915),#1919);
#1915 = LINE('',#1916,#1917);
#1916 = CARTESIAN_POINT('',(-0.,0.));
#1917 = VECTOR('',#1918,1.);
#1918 = DIRECTION('',(-0.,-1.));
#1919 = ( GEOMETRIC_REPRESENTATION_CONTEXT(2) 
PARAMETRIC_REPRESENTATION_CONTEXT() REPRESENTATION_CONTEXT('2D SPACE',''
  ) );
#1920 = PCURVE('',#596,#1921);
#1921 = DEFINITIONAL_REPRESENTATION('',(#1922),#1926);
#1922 = LINE('',#1923,#1924);
#1923 = CARTESIAN_POINT('',(-6.28318530718,0.));
#1924 = VECTOR('',#1925,1.);
#1925 = DIRECTION('',(-0.,-1.));
#1926 = ( GEOMETRIC_REPRESENTATION_CONTEXT(2) 
PARAMETRIC_REPRESENTATION_CONTEXT() REPRESENTATION_CONTEXT('2D SPACE',''
  ) );
#1927 = ORIENTED_EDGE('',*,*,#967,.T.);
#1928 = ORIENTED_EDGE('',*,*,#1907,.F.);
#1929 = ORIENTED_EDGE('',*,*,#579,.F.);
#1930 = ADVANCED_FACE('',(#1931),#628,.T.);
#1931 = FACE_BOUND('',#1932,.T.);
#1932 = EDGE_LOOP('',(#1933,#1956,#1957,#1980));
#1933 = ORIENTED_EDGE('',*,*,#1934,.F.);
#1934 = EDGE_CURVE('',#611,#1935,#1937,.T.);
#1935 = VERTEX_POINT('',#1936);
#1936 = CARTESIAN_POINT('',(-30.,-12.,4.));
#1937 = SURFACE_CURVE('',#1938,(#1942,#1949),.PCURVE_S1.);
#1938 = LINE('',#1939,#1940);
#1939 = CARTESIAN_POINT('',(-30.,-12.,0.));
#1940 = VECTOR('',#1941,1.);
#1941 = DIRECTION('',(0.,0.,1.));
#1942 = PCURVE('',#628,#1943);
#1943 = DEFINITIONAL_REPRESENTATION('',(#1944),#1948);
#1944 = LINE('',#1945,#1946);
#1945 = CARTESIAN_POINT('',(0.,0.));
#1946 = VECTOR('',#1947,1.);
#1947 = DIRECTION('',(1.,0.));
#1948 = ( GEOMETRIC_REPRESENTATION_CONTEXT(2) 
PARAMETRIC_REPRESENTATION_CONTEXT() REPRESENTATION_CONTEXT('2D SPACE',''
  ) );
#1949 = PCURVE('',#710,#1950);
#1950 = DEFINITIONAL_REPRESENTATION('',(#1951),#1955);
#1951 = LINE('',#1952,#1953);
#1952 = CARTESIAN_POINT('',(0.,0.));
#1953 = VECTOR('',#1954,1.);
#1954 = DIRECTION('',(1.,0.));
#1955 = ( GEOMETRIC_REPRESENTATION_CONTEXT(2) 
PARAMETRIC_REPRESENTATION_CONTEXT() REPRESENTATION_CONTEXT('2D SPACE',''
  ) );
#1956 = ORIENTED_EDGE('',*,*,#610,.T.);
#1957 = ORIENTED_EDGE('',*,*,#1958,.T.);
#1958 = EDGE_CURVE('',#613,#1959,#1961,.T.);
#1959 = VERTEX_POINT('',#1960);
#1960 = CARTESIAN_POINT('',(-30.,12.,4.));
#1961 = SURFACE_CURVE('',#1962,(#1966,#1973),.PCURVE_S1.);
#1962 = LINE('',#1963,#1964);
#1963 = CARTESIAN_POINT('',(-30.,12.,0.));
#1964 = VECTOR('',#1965,1.);
#1965 = DIRECTION('',(0.,0.,1.));
#1966 = PCURVE('',#628,#1967);
#1967 = DEFINITIONAL_REPRESENTATION('',(#1968),#1972);
#1968 = LINE('',#1969,#1970);
#1969 = CARTESIAN_POINT('',(0.,-24.));
#1970 = VECTOR('',#1971,1.);
#1971 = DIRECTION('',(1.,0.));
#1972 = ( GEOMETRIC_REPRESENTATION_CONTEXT(2) 
PARAMETRIC_REPRESENTATION_CONTEXT() REPRESENTATION_CONTEXT('2D SPACE',''
  ) );
#1973 = PCURVE('',#656,#1974);
#1974 = DEFINITIONAL_REPRESENTATION('',(#1975),#1979);
#1975 = LINE('',#1976,#1977);
#1976 = CARTESIAN_POINT('',(0.,0.));
#1977 = VECTOR('',#1978,1.);
#1978 = DIRECTION('',(1.,0.));
#1979 = ( GEOMETRIC_REPRESENTATION_CONTEXT(2) 
PARAMETRIC_REPRESENTATION_CONTEXT() REPRESENTATION_CONTEXT('2D SPACE',''
  ) );
#1980 = ORIENTED_EDGE('',*,*,#1981,.F.);
#1981 = EDGE_CURVE('',#1935,#1959,#1982,.T.);
#1982 = SURFACE_CURVE('',#1983,(#1987,#1994),.PCURVE_S1.);
#1983 = LINE('',#1984,#1985);
#1984 = CARTESIAN_POINT('',(-30.,-12.,4.));
#1985 = VECTOR('',#1986,1.);
#1986 = DIRECTION('',(0.,1.,0.));
#1987 = PCURVE('',#628,#1988);
#1988 = DEFINITIONAL_REPRESENTATION('',(#1989),#1993);
#1989 = LINE('',#1990,#1991);
#1990 = CARTESIAN_POINT('',(4.,0.));
#1991 = VECTOR('',#1992,1.);
#1992 = DIRECTION('',(0.,-1.));
#1993 = ( GEOMETRIC_REPRESENTATION_CONTEXT(2) 
PARAMETRIC_REPRESENTATION_CONTEXT() REPRESENTATION_CONTEXT('2D SPACE',''
  ) );
#1994 = PCURVE('',#1759,#1995);
#1995 = DEFINITIONAL_REPRESENTATION('',(#1996),#2000);
#1996 = LINE('',#1997,#1998);
#1997 = CARTESIAN_POINT('',(9.,9.4));
#1998 = VECTOR('',#1999,1.);
#1999 = DIRECTION('',(0.,1.));
#2000 = ( GEOMETRIC_REPRESENTATION_CONTEXT(2) 
PARAMETRIC_REPRESENTATION_CONTEXT() REPRESENTATION_CONTEXT('2D SPACE',''
  ) );
#2001 = ADVANCED_FACE('',(#2002),#656,.F.);
#2002 = FACE_BOUND('',#2003,.F.);
#2003 = EDGE_LOOP('',(#2004,#2005,#2006,#2029));
#2004 = ORIENTED_EDGE('',*,*,#640,.F.);
#2005 = ORIENTED_EDGE('',*,*,#1958,.T.);
#2006 = ORIENTED_EDGE('',*,*,#2007,.T.);
#2007 = EDGE_CURVE('',#1959,#2008,#2010,.T.);
#2008 = VERTEX_POINT('',#2009);
#2009 = CARTESIAN_POINT('',(-14.,12.,4.));
#2010 = SURFACE_CURVE('',#2011,(#2015,#2022),.PCURVE_S1.);
#2011 = LINE('',#2012,#2013);
#2012 = CARTESIAN_POINT('',(-30.,12.,4.));
#2013 = VECTOR('',#2014,1.);
#2014 = DIRECTION('',(1.,0.,0.));
#2015 = PCURVE('',#656,#2016);
#2016 = DEFINITIONAL_REPRESENTATION('',(#2017),#2021);
#2017 = LINE('',#2018,#2019);
#2018 = CARTESIAN_POINT('',(4.,0.));
#2019 = VECTOR('',#2020,1.);
#2020 = DIRECTION('',(0.,1.));
#2021 = ( GEOMETRIC_REPRESENTATION_CONTEXT(2) 
PARAMETRIC_REPRESENTATION_CONTEXT() REPRESENTATION_CONTEXT('2D SPACE',''
  ) );
#2022 = PCURVE('',#1759,#2023);
#2023 = DEFINITIONAL_REPRESENTATION('',(#2024),#2028);
#2024 = LINE('',#2025,#2026);
#2025 = CARTESIAN_POINT('',(9.,33.4));
#2026 = VECTOR('',#2027,1.);
#2027 = DIRECTION('',(1.,0.));
#2028 = ( GEOMETRIC_REPRESENTATION_CONTEXT(2) 
PARAMETRIC_REPRESENTATION_CONTEXT() REPRESENTATION_CONTEXT('2D SPACE',''
  ) );
#2029 = ORIENTED_EDGE('',*,*,#2030,.F.);
#2030 = EDGE_CURVE('',#641,#2008,#2031,.T.);
#2031 = SURFACE_CURVE('',#2032,(#2036,#2043),.PCURVE_S1.);
#2032 = LINE('',#2033,#2034);
#2033 = CARTESIAN_POINT('',(-14.,12.,0.));
#2034 = VECTOR('',#2035,1.);
#2035 = DIRECTION('',(0.,0.,1.));
#2036 = PCURVE('',#656,#2037);
#2037 = DEFINITIONAL_REPRESENTATION('',(#2038),#2042);
#2038 = LINE('',#2039,#2040);
#2039 = CARTESIAN_POINT('',(0.,16.));
#2040 = VECTOR('',#2041,1.);
#2041 = DIRECTION('',(1.,0.));
#2042 = ( GEOMETRIC_REPRESENTATION_CONTEXT(2) 
PARAMETRIC_REPRESENTATION_CONTEXT() REPRESENTATION_CONTEXT('2D SPACE',''
  ) );
#2043 = PCURVE('',#684,#2044);
#2044 = DEFINITIONAL_REPRESENTATION('',(#2045),#2049);
#2045 = LINE('',#2046,#2047);
#2046 = CARTESIAN_POINT('',(0.,-24.));
#2047 = VECTOR('',#2048,1.);
#2048 = DIRECTION('',(1.,0.));
#2049 = ( GEOMETRIC_REPRESENTATION_CONTEXT(2) 
PARAMETRIC_REPRESENTATION_CONTEXT() REPRESENTATION_CONTEXT('2D SPACE',''
  ) );
#2050 = ADVANCED_FACE('',(#2051),#710,.T.);
#2051 = FACE_BOUND('',#2052,.T.);
#2052 = EDGE_LOOP('',(#2053,#2054,#2055,#2078));
#2053 = ORIENTED_EDGE('',*,*,#696,.F.);
#2054 = ORIENTED_EDGE('',*,*,#1934,.T.);
#2055 = ORIENTED_EDGE('',*,*,#2056,.T.);
#2056 = EDGE_CURVE('',#1935,#2057,#2059,.T.);
#2057 = VERTEX_POINT('',#2058);
#2058 = CARTESIAN_POINT('',(-14.,-12.,4.));
#2059 = SURFACE_CURVE('',#2060,(#2064,#2071),.PCURVE_S1.);
#2060 = LINE('',#2061,#2062);
#2061 = CARTESIAN_POINT('',(-30.,-12.,4.));
#2062 = VECTOR('',#2063,1.);
#2063 = DIRECTION('',(1.,0.,0.));
#2064 = PCURVE('',#710,#2065);
#2065 = DEFINITIONAL_REPRESENTATION('',(#2066),#2070);
#2066 = LINE('',#2067,#2068);
#2067 = CARTESIAN_POINT('',(4.,0.));
#2068 = VECTOR('',#2069,1.);
#2069 = DIRECTION('',(0.,1.));
#2070 = ( GEOMETRIC_REPRESENTATION_CONTEXT(2) 
PARAMETRIC_REPRESENTATION_CONTEXT() REPRESENTATION_CONTEXT('2D SPACE',''
  ) );
#2071 = PCURVE('',#1759,#2072);
#2072 = DEFINITIONAL_REPRESENTATION('',(#2073),#2077);
#2073 = LINE('',#2074,#2075);
#2074 = CARTESIAN_POINT('',(9.,9.4));
#2075 = VECTOR('',#2076,1.);
#2076 = DIRECTION('',(1.,0.));
#2077 = ( GEOMETRIC_REPRESENTATION_CONTEXT(2) 
PARAMETRIC_REPRESENTATION_CONTEXT() REPRESENTATION_CONTEXT('2D SPACE',''
  ) );
#2078 = ORIENTED_EDGE('',*,*,#2079,.F.);
#2079 = EDGE_CURVE('',#669,#2057,#2080,.T.);
#2080 = SURFACE_CURVE('',#2081,(#2085,#2092),.PCURVE_S1.);
#2081 = LINE('',#2082,#2083);
#2082 = CARTESIAN_POINT('',(-14.,-12.,0.));
#2083 = VECTOR('',#2084,1.);
#2084 = DIRECTION('',(0.,0.,1.));
#2085 = PCURVE('',#710,#2086);
#2086 = DEFINITIONAL_REPRESENTATION('',(#2087),#2091);
#2087 = LINE('',#2088,#2089);
#2088 = CARTESIAN_POINT('',(0.,16.));
#2089 = VECTOR('',#2090,1.);
#2090 = DIRECTION('',(1.,0.));
#2091 = ( GEOMETRIC_REPRESENTATION_CONTEXT(2) 
PARAMETRIC_REPRESENTATION_CONTEXT() REPRESENTATION_CONTEXT('2D SPACE',''
  ) );
#2092 = PCURVE('',#684,#2093);
#2093 = DEFINITIONAL_REPRESENTATION('',(#2094),#2098);
#2094 = LINE('',#2095,#2096);
#2095 = CARTESIAN_POINT('',(0.,0.));
#2096 = VECTOR('',#2097,1.);
#2097 = DIRECTION('',(1.,0.));
#2098 = ( GEOMETRIC_REPRESENTATION_CONTEXT(2) 
PARAMETRIC_REPRESENTATION_CONTEXT() REPRESENTATION_CONTEXT('2D SPACE',''
  ) );
#2099 = ADVANCED_FACE('',(#2100),#684,.F.);
#2100 = FACE_BOUND('',#2101,.F.);
#2101 = EDGE_LOOP('',(#2102,#2103,#2104,#2105));
#2102 = ORIENTED_EDGE('',*,*,#2079,.F.);
#2103 = ORIENTED_EDGE('',*,*,#668,.T.);
#2104 = ORIENTED_EDGE('',*,*,#2030,.T.);
#2105 = ORIENTED_EDGE('',*,*,#2106,.F.);
#2106 = EDGE_CURVE('',#2057,#2008,#2107,.T.);
#2107 = SURFACE_CURVE('',#2108,(#2112,#2119),.PCURVE_S1.);
#2108 = LINE('',#2109,#2110);
#2109 = CARTESIAN_POINT('',(-14.,-12.,4.));
#2110 = VECTOR('',#2111,1.);
#2111 = DIRECTION('',(0.,1.,0.));
#2112 = PCURVE('',#684,#2113);
#2113 = DEFINITIONAL_REPRESENTATION('',(#2114),#2118);
#2114 = LINE('',#2115,#2116);
#2115 = CARTESIAN_POINT('',(4.,0.));
#2116 = VECTOR('',#2117,1.);
#2117 = DIRECTION('',(0.,-1.));
#2118 = ( GEOMETRIC_REPRESENTATION_CONTEXT(2) 
PARAMETRIC_REPRESENTATION_CONTEXT() REPRESENTATION_CONTEXT('2D SPACE',''
  ) );
#2119 = PCURVE('',#1759,#2120);
#2120 = DEFINITIONAL_REPRESENTATION('',(#2121),#2125);
#2121 = LINE('',#2122,#2123);
#2122 = CARTESIAN_POINT('',(25.,9.4));
#2123 = VECTOR('',#2124,1.);
#2124 = DIRECTION('',(0.,1.));
#2125 = ( GEOMETRIC_REPRESENTATION_CONTEXT(2) 
PARAMETRIC_REPRESENTATION_CONTEXT() REPRESENTATION_CONTEXT('2D SPACE',''
  ) );
#2126 = ADVANCED_FACE('',(#2127),#742,.T.);
#2127 = FACE_BOUND('',#2128,.T.);
#2128 = EDGE_LOOP('',(#2129,#2152,#2153,#2176));
#2129 = ORIENTED_EDGE('',*,*,#2130,.F.);
#2130 = EDGE_CURVE('',#725,#2131,#2133,.T.);
#2131 = VERTEX_POINT('',#2132);
#2132 = CARTESIAN_POINT('',(-8.,-12.,4.));
#2133 = SURFACE_CURVE('',#2134,(#2138,#2145),.PCURVE_S1.);
#2134 = LINE('',#2135,#2136);
#2135 = CARTESIAN_POINT('',(-8.,-12.,0.));
#2136 = VECTOR('',#2137,1.);
#2137 = DIRECTION('',(0.,0.,1.));
#2138 = PCURVE('',#742,#2139);
#2139 = DEFINITIONAL_REPRESENTATION('',(#2140),#2144);
#2140 = LINE('',#2141,#2142);
#2141 = CARTESIAN_POINT('',(0.,0.));
#2142 = VECTOR('',#2143,1.);
#2143 = DIRECTION('',(1.,0.));
#2144 = ( GEOMETRIC_REPRESENTATION_CONTEXT(2) 
PARAMETRIC_REPRESENTATION_CONTEXT() REPRESENTATION_CONTEXT('2D SPACE',''
  ) );
#2145 = PCURVE('',#824,#2146);
#2146 = DEFINITIONAL_REPRESENTATION('',(#2147),#2151);
#2147 = LINE('',#2148,#2149);
#2148 = CARTESIAN_POINT('',(0.,0.));
#2149 = VECTOR('',#2150,1.);
#2150 = DIRECTION('',(1.,0.));
#2151 = ( GEOMETRIC_REPRESENTATION_CONTEXT(2) 
PARAMETRIC_REPRESENTATION_CONTEXT() REPRESENTATION_CONTEXT('2D SPACE',''
  ) );
#2152 = ORIENTED_EDGE('',*,*,#724,.T.);
#2153 = ORIENTED_EDGE('',*,*,#2154,.T.);
#2154 = EDGE_CURVE('',#727,#2155,#2157,.T.);
#2155 = VERTEX_POINT('',#2156);
#2156 = CARTESIAN_POINT('',(-8.,12.,4.));
#2157 = SURFACE_CURVE('',#2158,(#2162,#2169),.PCURVE_S1.);
#2158 = LINE('',#2159,#2160);
#2159 = CARTESIAN_POINT('',(-8.,12.,0.));
#2160 = VECTOR('',#2161,1.);
#2161 = DIRECTION('',(0.,0.,1.));
#2162 = PCURVE('',#742,#2163);
#2163 = DEFINITIONAL_REPRESENTATION('',(#2164),#2168);
#2164 = LINE('',#2165,#2166);
#2165 = CARTESIAN_POINT('',(0.,-24.));
#2166 = VECTOR('',#2167,1.);
#2167 = DIRECTION('',(1.,0.));
#2168 = ( GEOMETRIC_REPRESENTATION_CONTEXT(2) 
PARAMETRIC_REPRESENTATION_CONTEXT() REPRESENTATION_CONTEXT('2D SPACE',''
  ) );
#2169 = PCURVE('',#770,#2170);
#2170 = DEFINITIONAL_REPRESENTATION('',(#2171),#2175);
#2171 = LINE('',#2172,#2173);
#2172 = CARTESIAN_POINT('',(0.,0.));
#2173 = VECTOR('',#2174,1.);
#2174 = DIRECTION('',(1.,0.));
#2175 = ( GEOMETRIC_REPRESENTATION_CONTEXT(2) 
PARAMETRIC_REPRESENTATION_CONTEXT() REPRESENTATION_CONTEXT('2D SPACE',''
  ) );
#2176 = ORIENTED_EDGE('',*,*,#2177,.F.);
#2177 = EDGE_CURVE('',#2131,#2155,#2178,.T.);
#2178 = SURFACE_CURVE('',#2179,(#2183,#2190),.PCURVE_S1.);
#2179 = LINE('',#2180,#2181);
#2180 = CARTESIAN_POINT('',(-8.,-12.,4.));
#2181 = VECTOR('',#2182,1.);
#2182 = DIRECTION('',(0.,1.,0.));
#2183 = PCURVE('',#742,#2184);
#2184 = DEFINITIONAL_REPRESENTATION('',(#2185),#2189);
#2185 = LINE('',#2186,#2187);
#2186 = CARTESIAN_POINT('',(4.,0.));
#2187 = VECTOR('',#2188,1.);
#2188 = DIRECTION('',(0.,-1.));
#2189 = ( GEOMETRIC_REPRESENTATION_CONTEXT(2) 
PARAMETRIC_REPRESENTATION_CONTEXT() REPRESENTATION_CONTEXT('2D SPACE',''
  ) );
#2190 = PCURVE('',#1759,#2191);
#2191 = DEFINITIONAL_REPRESENTATION('',(#2192),#2196);
#2192 = LINE('',#2193,#2194);
#2193 = CARTESIAN_POINT('',(31.,9.4));
#2194 = VECTOR('',#2195,1.);
#2195 = DIRECTION('',(0.,1.));
#2196 = ( GEOMETRIC_REPRESENTATION_CONTEXT(2) 
PARAMETRIC_REPRESENTATION_CONTEXT() REPRESENTATION_CONTEXT('2D SPACE',''
  ) );
#2197 = ADVANCED_FACE('',(#2198),#770,.F.);
#2198 = FACE_BOUND('',#2199,.F.);
#2199 = EDGE_LOOP('',(#2200,#2201,#2202,#2225));
#2200 = ORIENTED_EDGE('',*,*,#754,.F.);
#2201 = ORIENTED_EDGE('',*,*,#2154,.T.);
#2202 = ORIENTED_EDGE('',*,*,#2203,.T.);
#2203 = EDGE_CURVE('',#2155,#2204,#2206,.T.);
#2204 = VERTEX_POINT('',#2205);
#2205 = CARTESIAN_POINT('',(8.,12.,4.));
#2206 = SURFACE_CURVE('',#2207,(#2211,#2218),.PCURVE_S1.);
#2207 = LINE('',#2208,#2209);
#2208 = CARTESIAN_POINT('',(-8.,12.,4.));
#2209 = VECTOR('',#2210,1.);
#2210 = DIRECTION('',(1.,0.,0.));
#2211 = PCURVE('',#770,#2212);
#2212 = DEFINITIONAL_REPRESENTATION('',(#2213),#2217);
#2213 = LINE('',#2214,#2215);
#2214 = CARTESIAN_POINT('',(4.,0.));
#2215 = VECTOR('',#2216,1.);
#2216 = DIRECTION('',(0.,1.));
#2217 = ( GEOMETRIC_REPRESENTATION_CONTEXT(2) 
PARAMETRIC_REPRESENTATION_CONTEXT() REPRESENTATION_CONTEXT('2D SPACE',''
  ) );
#2218 = PCURVE('',#1759,#2219);
#2219 = DEFINITIONAL_REPRESENTATION('',(#2220),#2224);
#2220 = LINE('',#2221,#2222);
#2221 = CARTESIAN_POINT('',(31.,33.4));
#2222 = VECTOR('',#2223,1.);
#2223 = DIRECTION('',(1.,0.));
#2224 = ( GEOMETRIC_REPRESENTATION_CONTEXT(2) 
PARAMETRIC_REPRESENTATION_CONTEXT() REPRESENTATION_CONTEXT('2D SPACE',''
  ) );
#2225 = ORIENTED_EDGE('',*,*,#2226,.F.);
#2226 = EDGE_CURVE('',#755,#2204,#2227,.T.);
#2227 = SURFACE_CURVE('',#2228,(#2232,#2239),.PCURVE_S1.);
#2228 = LINE('',#2229,#2230);
#2229 = CARTESIAN_POINT('',(8.,12.,0.));
#2230 = VECTOR('',#2231,1.);
#2231 = DIRECTION('',(0.,0.,1.));
#2232 = PCURVE('',#770,#2233);
#2233 = DEFINITIONAL_REPRESENTATION('',(#2234),#2238);
#2234 = LINE('',#2235,#2236);
#2235 = CARTESIAN_POINT('',(0.,16.));
#2236 = VECTOR('',#2237,1.);
#2237 = DIRECTION('',(1.,0.));
#2238 = ( GEOMETRIC_REPRESENTATION_CONTEXT(2) 
PARAMETRIC_REPRESENTATION_CONTEXT() REPRESENTATION_CONTEXT('2D SPACE',''
  ) );
#2239 = PCURVE('',#798,#2240);
#2240 = DEFINITIONAL_REPRESENTATION('',(#2241),#2245);
#2241 = LINE('',#2242,#2243);
#2242 = CARTESIAN_POINT('',(0.,-24.));
#2243 = VECTOR('',#2244,1.);
#2244 = DIRECTION('',(1.,0.));
#2245 = ( GEOMETRIC_REPRESENTATION_CONTEXT(2) 
PARAMETRIC_REPRESENTATION_CONTEXT() REPRESENTATION_CONTEXT('2D SPACE',''
  ) );
#2246 = ADVANCED_FACE('',(#2247),#824,.T.);
#2247 = FACE_BOUND('',#2248,.T.);
#2248 = EDGE_LOOP('',(#2249,#2250,#2251,#2274));
#2249 = ORIENTED_EDGE('',*,*,#810,.F.);
#2250 = ORIENTED_EDGE('',*,*,#2130,.T.);
#2251 = ORIENTED_EDGE('',*,*,#2252,.T.);
#2252 = EDGE_CURVE('',#2131,#2253,#2255,.T.);
#2253 = VERTEX_POINT('',#2254);
#2254 = CARTESIAN_POINT('',(8.,-12.,4.));
#2255 = SURFACE_CURVE('',#2256,(#2260,#2267),.PCURVE_S1.);
#2256 = LINE('',#2257,#2258);
#2257 = CARTESIAN_POINT('',(-8.,-12.,4.));
#2258 = VECTOR('',#2259,1.);
#2259 = DIRECTION('',(1.,0.,0.));
#2260 = PCURVE('',#824,#2261);
#2261 = DEFINITIONAL_REPRESENTATION('',(#2262),#2266);
#2262 = LINE('',#2263,#2264);
#2263 = CARTESIAN_POINT('',(4.,0.));
#2264 = VECTOR('',#2265,1.);
#2265 = DIRECTION('',(0.,1.));
#2266 = ( GEOMETRIC_REPRESENTATION_CONTEXT(2) 
PARAMETRIC_REPRESENTATION_CONTEXT() REPRESENTATION_CONTEXT('2D SPACE',''
  ) );
#2267 = PCURVE('',#1759,#2268);
#2268 = DEFINITIONAL_REPRESENTATION('',(#2269),#2273);
#2269 = LINE('',#2270,#2271);
#2270 = CARTESIAN_POINT('',(31.,9.4));
#2271 = VECTOR('',#2272,1.);
#2272 = DIRECTION('',(1.,0.));
#2273 = ( GEOMETRIC_REPRESENTATION_CONTEXT(2) 
PARAMETRIC_REPRESENTATION_CONTEXT() REPRESENTATION_CONTEXT('2D SPACE',''
  ) );
#2274 = ORIENTED_EDGE('',*,*,#2275,.F.);
#2275 = EDGE_CURVE('',#783,#2253,#2276,.T.);
#2276 = SURFACE_CURVE('',#2277,(#2281,#2288),.PCURVE_S1.);
#2277 = LINE('',#2278,#2279);
#2278 = CARTESIAN_POINT('',(8.,-12.,0.));
#2279 = VECTOR('',#2280,1.);
#2280 = DIRECTION('',(0.,0.,1.));
#2281 = PCURVE('',#824,#2282);
#2282 = DEFINITIONAL_REPRESENTATION('',(#2283),#2287);
#2283 = LINE('',#2284,#2285);
#2284 = CARTESIAN_POINT('',(0.,16.));
#2285 = VECTOR('',#2286,1.);
#2286 = DIRECTION('',(1.,0.));
#2287 = ( GEOMETRIC_REPRESENTATION_CONTEXT(2) 
PARAMETRIC_REPRESENTATION_CONTEXT() REPRESENTATION_CONTEXT('2D SPACE',''
  ) );
#2288 = PCURVE('',#798,#2289);
#2289 = DEFINITIONAL_REPRESENTATION('',(#2290),#2294);
#2290 = LINE('',#2291,#2292);
#2291 = CARTESIAN_POINT('',(0.,0.));
#2292 = VECTOR('',#2293,1.);
#2293 = DIRECTION('',(1.,0.));
#2294 = ( GEOMETRIC_REPRESENTATION_CONTEXT(2) 
PARAMETRIC_REPRESENTATION_CONTEXT() REPRESENTATION_CONTEXT('2D SPACE',''
  ) );
#2295 = ADVANCED_FACE('',(#2296),#798,.F.);
#2296 = FACE_BOUND('',#2297,.F.);
#2297 = EDGE_LOOP('',(#2298,#2299,#2300,#2301));
#2298 = ORIENTED_EDGE('',*,*,#2275,.F.);
#2299 = ORIENTED_EDGE('',*,*,#782,.T.);
#2300 = ORIENTED_EDGE('',*,*,#2226,.T.);
#2301 = ORIENTED_EDGE('',*,*,#2302,.F.);
#2302 = EDGE_CURVE('',#2253,#2204,#2303,.T.);
#2303 = SURFACE_CURVE('',#2304,(#2308,#2315),.PCURVE_S1.);
#2304 = LINE('',#2305,#2306);
#2305 = CARTESIAN_POINT('',(8.,-12.,4.));
#2306 = VECTOR('',#2307,1.);
#2307 = DIRECTION('',(0.,1.,0.));
#2308 = PCURVE('',#798,#2309);
#2309 = DEFINITIONAL_REPRESENTATION('',(#2310),#2314);
#2310 = LINE('',#2311,#2312);
#2311 = CARTESIAN_POINT('',(4.,0.));
#2312 = VECTOR('',#2313,1.);
#2313 = DIRECTION('',(0.,-1.));
#2314 = ( GEOMETRIC_REPRESENTATION_CONTEXT(2) 
PARAMETRIC_REPRESENTATION_CONTEXT() REPRESENTATION_CONTEXT('2D SPACE',''
  ) );
#2315 = PCURVE('',#1759,#2316);
#2316 = DEFINITIONAL_REPRESENTATION('',(#2317),#2321);
#2317 = LINE('',#2318,#2319);
#2318 = CARTESIAN_POINT('',(47.,9.4));
#2319 = VECTOR('',#2320,1.);
#2320 = DIRECTION('',(0.,1.));
#2321 = ( GEOMETRIC_REPRESENTATION_CONTEXT(2) 
PARAMETRIC_REPRESENTATION_CONTEXT() REPRESENTATION_CONTEXT('2D SPACE',''
  ) );
#2322 = ADVANCED_FACE('',(#2323),#855,.F.);
#2323 = FACE_BOUND('',#2324,.T.);
#2324 = EDGE_LOOP('',(#2325,#2348,#2370,#2371));
#2325 = ORIENTED_EDGE('',*,*,#2326,.T.);
#2326 = EDGE_CURVE('',#839,#2327,#2329,.T.);
#2327 = VERTEX_POINT('',#2328);
#2328 = CARTESIAN_POINT('',(2.1,33.4,4.));
#2329 = SEAM_CURVE('',#2330,(#2334,#2341),.PCURVE_S1.);
#2330 = LINE('',#2331,#2332);
#2331 = CARTESIAN_POINT('',(2.1,33.4,0.));
#2332 = VECTOR('',#2333,1.);
#2333 = DIRECTION('',(0.,0.,1.));
#2334 = PCURVE('',#855,#2335);
#2335 = DEFINITIONAL_REPRESENTATION('',(#2336),#2340);
#2336 = LINE('',#2337,#2338);
#2337 = CARTESIAN_POINT('',(-0.,0.));
#2338 = VECTOR('',#2339,1.);
#2339 = DIRECTION('',(-0.,-1.));
#2340 = ( GEOMETRIC_REPRESENTATION_CONTEXT(2) 
PARAMETRIC_REPRESENTATION_CONTEXT() REPRESENTATION_CONTEXT('2D SPACE',''
  ) );
#2341 = PCURVE('',#855,#2342);
#2342 = DEFINITIONAL_REPRESENTATION('',(#2343),#2347);
#2343 = LINE('',#2344,#2345);
#2344 = CARTESIAN_POINT('',(-6.28318530718,0.));
#2345 = VECTOR('',#2346,1.);
#2346 = DIRECTION('',(-0.,-1.));
#2347 = ( GEOMETRIC_REPRESENTATION_CONTEXT(2) 
PARAMETRIC_REPRESENTATION_CONTEXT() REPRESENTATION_CONTEXT('2D SPACE',''
  ) );
#2348 = ORIENTED_EDGE('',*,*,#2349,.T.);
#2349 = EDGE_CURVE('',#2327,#2327,#2350,.T.);
#2350 = SURFACE_CURVE('',#2351,(#2356,#2363),.PCURVE_S1.);
#2351 = CIRCLE('',#2352,1.6);
#2352 = AXIS2_PLACEMENT_3D('',#2353,#2354,#2355);
#2353 = CARTESIAN_POINT('',(0.5,33.4,4.));
#2354 = DIRECTION('',(0.,0.,1.));
#2355 = DIRECTION('',(1.,0.,0.));
#2356 = PCURVE('',#855,#2357);
#2357 = DEFINITIONAL_REPRESENTATION('',(#2358),#2362);
#2358 = LINE('',#2359,#2360);
#2359 = CARTESIAN_POINT('',(-0.,-4.));
#2360 = VECTOR('',#2361,1.);
#2361 = DIRECTION('',(-1.,0.));
#2362 = ( GEOMETRIC_REPRESENTATION_CONTEXT(2) 
PARAMETRIC_REPRESENTATION_CONTEXT() REPRESENTATION_CONTEXT('2D SPACE',''
  ) );
#2363 = PCURVE('',#1411,#2364);
#2364 = DEFINITIONAL_REPRESENTATION('',(#2365),#2369);
#2365 = CIRCLE('',#2366,1.6);
#2366 = AXIS2_PLACEMENT_2D('',#2367,#2368);
#2367 = CARTESIAN_POINT('',(6.,4.001));
#2368 = DIRECTION('',(1.,0.));
#2369 = ( GEOMETRIC_REPRESENTATION_CONTEXT(2) 
PARAMETRIC_REPRESENTATION_CONTEXT() REPRESENTATION_CONTEXT('2D SPACE',''
  ) );
#2370 = ORIENTED_EDGE('',*,*,#2326,.F.);
#2371 = ORIENTED_EDGE('',*,*,#838,.F.);
#2372 = ADVANCED_FACE('',(#2373),#1264,.F.);
#2373 = FACE_BOUND('',#2374,.T.);
#2374 = EDGE_LOOP('',(#2375,#2398,#2399,#2400));
#2375 = ORIENTED_EDGE('',*,*,#2376,.F.);
#2376 = EDGE_CURVE('',#1609,#2377,#2379,.T.);
#2377 = VERTEX_POINT('',#2378);
#2378 = CARTESIAN_POINT('',(43.5,21.4,24.4));
#2379 = SURFACE_CURVE('',#2380,(#2384,#2391),.PCURVE_S1.);
#2380 = LINE('',#2381,#2382);
#2381 = CARTESIAN_POINT('',(22.4,0.3,24.4));
#2382 = VECTOR('',#2383,1.);
#2383 = DIRECTION('',(-0.707106781187,-0.707106781187,0.));
#2384 = PCURVE('',#1264,#2385);
#2385 = DEFINITIONAL_REPRESENTATION('',(#2386),#2390);
#2386 = LINE('',#2387,#2388);
#2387 = CARTESIAN_POINT('',(-0.,30.900566337852));
#2388 = VECTOR('',#2389,1.);
#2389 = DIRECTION('',(-0.,1.));
#2390 = ( GEOMETRIC_REPRESENTATION_CONTEXT(2) 
PARAMETRIC_REPRESENTATION_CONTEXT() REPRESENTATION_CONTEXT('2D SPACE',''
  ) );
#2391 = PCURVE('',#1647,#2392);
#2392 = DEFINITIONAL_REPRESENTATION('',(#2393),#2397);
#2393 = LINE('',#2394,#2395);
#2394 = CARTESIAN_POINT('',(61.4,-17.7));
#2395 = VECTOR('',#2396,1.);
#2396 = DIRECTION('',(-0.707106781187,-0.707106781187));
#2397 = ( GEOMETRIC_REPRESENTATION_CONTEXT(2) 
PARAMETRIC_REPRESENTATION_CONTEXT() REPRESENTATION_CONTEXT('2D SPACE',''
  ) );
#2398 = ORIENTED_EDGE('',*,*,#1608,.T.);
#2399 = ORIENTED_EDGE('',*,*,#1248,.T.);
#2400 = ORIENTED_EDGE('',*,*,#2401,.F.);
#2401 = EDGE_CURVE('',#2377,#1223,#2402,.T.);
#2402 = SURFACE_CURVE('',#2403,(#2407,#2414),.PCURVE_S1.);
#2403 = LINE('',#2404,#2405);
#2404 = CARTESIAN_POINT('',(43.5,21.4,24.4));
#2405 = VECTOR('',#2406,1.);
#2406 = DIRECTION('',(0.,0.,1.));
#2407 = PCURVE('',#1264,#2408);
#2408 = DEFINITIONAL_REPRESENTATION('',(#2409),#2413);
#2409 = LINE('',#2410,#2411);
#2410 = CARTESIAN_POINT('',(-0.,1.06066017178));
#2411 = VECTOR('',#2412,1.);
#2412 = DIRECTION('',(-1.,0.));
#2413 = ( GEOMETRIC_REPRESENTATION_CONTEXT(2) 
PARAMETRIC_REPRESENTATION_CONTEXT() REPRESENTATION_CONTEXT('2D SPACE',''
  ) );
#2414 = PCURVE('',#1237,#2415);
#2415 = DEFINITIONAL_REPRESENTATION('',(#2416),#2420);
#2416 = LINE('',#2417,#2418);
#2417 = CARTESIAN_POINT('',(20.4,82.5));
#2418 = VECTOR('',#2419,1.);
#2419 = DIRECTION('',(1.,0.));
#2420 = ( GEOMETRIC_REPRESENTATION_CONTEXT(2) 
PARAMETRIC_REPRESENTATION_CONTEXT() REPRESENTATION_CONTEXT('2D SPACE',''
  ) );
#2421 = ADVANCED_FACE('',(#2422),#1237,.F.);
#2422 = FACE_BOUND('',#2423,.F.);
#2423 = EDGE_LOOP('',(#2424,#2425,#2426,#2447));
#2424 = ORIENTED_EDGE('',*,*,#1222,.F.);
#2425 = ORIENTED_EDGE('',*,*,#2401,.F.);
#2426 = ORIENTED_EDGE('',*,*,#2427,.F.);
#2427 = EDGE_CURVE('',#2428,#2377,#2430,.T.);
#2428 = VERTEX_POINT('',#2429);
#2429 = CARTESIAN_POINT('',(-39.,21.4,24.4));
#2430 = SURFACE_CURVE('',#2431,(#2435,#2441),.PCURVE_S1.);
#2431 = LINE('',#2432,#2433);
#2432 = CARTESIAN_POINT('',(-39.,21.4,24.4));
#2433 = VECTOR('',#2434,1.);
#2434 = DIRECTION('',(1.,0.,0.));
#2435 = PCURVE('',#1237,#2436);
#2436 = DEFINITIONAL_REPRESENTATION('',(#2437),#2440);
#2437 = B_SPLINE_CURVE_WITH_KNOTS('',1,(#2438,#2439),.UNSPECIFIED.,.F.,
  .F.,(2,2),(0.,84.),.PIECEWISE_BEZIER_KNOTS.);
#2438 = CARTESIAN_POINT('',(20.4,0.));
#2439 = CARTESIAN_POINT('',(20.4,84.));
#2440 = ( GEOMETRIC_REPRESENTATION_CONTEXT(2) 
PARAMETRIC_REPRESENTATION_CONTEXT() REPRESENTATION_CONTEXT('2D SPACE',''
  ) );
#2441 = PCURVE('',#1647,#2442);
#2442 = DEFINITIONAL_REPRESENTATION('',(#2443),#2446);
#2443 = B_SPLINE_CURVE_WITH_KNOTS('',1,(#2444,#2445),.UNSPECIFIED.,.F.,
  .F.,(2,2),(0.,84.),.PIECEWISE_BEZIER_KNOTS.);
#2444 = CARTESIAN_POINT('',(0.,3.4));
#2445 = CARTESIAN_POINT('',(84.,3.4));
#2446 = ( GEOMETRIC_REPRESENTATION_CONTEXT(2) 
PARAMETRIC_REPRESENTATION_CONTEXT() REPRESENTATION_CONTEXT('2D SPACE',''
  ) );
#2447 = ORIENTED_EDGE('',*,*,#2448,.T.);
#2448 = EDGE_CURVE('',#2428,#1196,#2449,.T.);
#2449 = SURFACE_CURVE('',#2450,(#2454,#2461),.PCURVE_S1.);
#2450 = LINE('',#2451,#2452);
#2451 = CARTESIAN_POINT('',(-39.,21.4,4.));
#2452 = VECTOR('',#2453,1.);
#2453 = DIRECTION('',(0.,0.,1.));
#2454 = PCURVE('',#1237,#2455);
#2455 = DEFINITIONAL_REPRESENTATION('',(#2456),#2460);
#2456 = LINE('',#2457,#2458);
#2457 = CARTESIAN_POINT('',(0.,0.));
#2458 = VECTOR('',#2459,1.);
#2459 = DIRECTION('',(1.,0.));
#2460 = ( GEOMETRIC_REPRESENTATION_CONTEXT(2) 
PARAMETRIC_REPRESENTATION_CONTEXT() REPRESENTATION_CONTEXT('2D SPACE',''
  ) );
#2461 = PCURVE('',#1210,#2462);
#2462 = DEFINITIONAL_REPRESENTATION('',(#2463),#2467);
#2463 = LINE('',#2464,#2465);
#2464 = CARTESIAN_POINT('',(0.,-42.8));
#2465 = VECTOR('',#2466,1.);
#2466 = DIRECTION('',(1.,0.));
#2467 = ( GEOMETRIC_REPRESENTATION_CONTEXT(2) 
PARAMETRIC_REPRESENTATION_CONTEXT() REPRESENTATION_CONTEXT('2D SPACE',''
  ) );
#2468 = ADVANCED_FACE('',(#2469),#1210,.T.);
#2469 = FACE_BOUND('',#2470,.T.);
#2470 = EDGE_LOOP('',(#2471,#2501,#2524,#2552,#2575,#2603,#2624,#2625,
    #2626,#2649,#2672,#2700));
#2471 = ORIENTED_EDGE('',*,*,#2472,.F.);
#2472 = EDGE_CURVE('',#2473,#2475,#2477,.T.);
#2473 = VERTEX_POINT('',#2474);
#2474 = CARTESIAN_POINT('',(-39.,-21.4,4.));
#2475 = VERTEX_POINT('',#2476);
#2476 = CARTESIAN_POINT('',(-39.,-21.4,17.6));
#2477 = SURFACE_CURVE('',#2478,(#2482,#2489),.PCURVE_S1.);
#2478 = LINE('',#2479,#2480);
#2479 = CARTESIAN_POINT('',(-39.,-21.4,4.));
#2480 = VECTOR('',#2481,1.);
#2481 = DIRECTION('',(0.,0.,1.));
#2482 = PCURVE('',#1210,#2483);
#2483 = DEFINITIONAL_REPRESENTATION('',(#2484),#2488);
#2484 = LINE('',#2485,#2486);
#2485 = CARTESIAN_POINT('',(0.,0.));
#2486 = VECTOR('',#2487,1.);
#2487 = DIRECTION('',(1.,0.));
#2488 = ( GEOMETRIC_REPRESENTATION_CONTEXT(2) 
PARAMETRIC_REPRESENTATION_CONTEXT() REPRESENTATION_CONTEXT('2D SPACE',''
  ) );
#2489 = PCURVE('',#2490,#2495);
#2490 = PLANE('',#2491);
#2491 = AXIS2_PLACEMENT_3D('',#2492,#2493,#2494);
#2492 = CARTESIAN_POINT('',(-39.,-21.4,4.));
#2493 = DIRECTION('',(0.,1.,0.));
#2494 = DIRECTION('',(0.,0.,1.));
#2495 = DEFINITIONAL_REPRESENTATION('',(#2496),#2500);
#2496 = LINE('',#2497,#2498);
#2497 = CARTESIAN_POINT('',(0.,0.));
#2498 = VECTOR('',#2499,1.);
#2499 = DIRECTION('',(1.,0.));
#2500 = ( GEOMETRIC_REPRESENTATION_CONTEXT(2) 
PARAMETRIC_REPRESENTATION_CONTEXT() REPRESENTATION_CONTEXT('2D SPACE',''
  ) );
#2501 = ORIENTED_EDGE('',*,*,#2502,.T.);
#2502 = EDGE_CURVE('',#2473,#2503,#2505,.T.);
#2503 = VERTEX_POINT('',#2504);
#2504 = CARTESIAN_POINT('',(-39.,21.4,4.));
#2505 = SURFACE_CURVE('',#2506,(#2510,#2517),.PCURVE_S1.);
#2506 = LINE('',#2507,#2508);
#2507 = CARTESIAN_POINT('',(-39.,-21.4,4.));
#2508 = VECTOR('',#2509,1.);
#2509 = DIRECTION('',(0.,1.,0.));
#2510 = PCURVE('',#1210,#2511);
#2511 = DEFINITIONAL_REPRESENTATION('',(#2512),#2516);
#2512 = LINE('',#2513,#2514);
#2513 = CARTESIAN_POINT('',(0.,0.));
#2514 = VECTOR('',#2515,1.);
#2515 = DIRECTION('',(0.,-1.));
#2516 = ( GEOMETRIC_REPRESENTATION_CONTEXT(2) 
PARAMETRIC_REPRESENTATION_CONTEXT() REPRESENTATION_CONTEXT('2D SPACE',''
  ) );
#2517 = PCURVE('',#1759,#2518);
#2518 = DEFINITIONAL_REPRESENTATION('',(#2519),#2523);
#2519 = LINE('',#2520,#2521);
#2520 = CARTESIAN_POINT('',(0.,0.));
#2521 = VECTOR('',#2522,1.);
#2522 = DIRECTION('',(0.,1.));
#2523 = ( GEOMETRIC_REPRESENTATION_CONTEXT(2) 
PARAMETRIC_REPRESENTATION_CONTEXT() REPRESENTATION_CONTEXT('2D SPACE',''
  ) );
#2524 = ORIENTED_EDGE('',*,*,#2525,.T.);
#2525 = EDGE_CURVE('',#2503,#2526,#2528,.T.);
#2526 = VERTEX_POINT('',#2527);
#2527 = CARTESIAN_POINT('',(-39.,21.4,17.6));
#2528 = SURFACE_CURVE('',#2529,(#2533,#2540),.PCURVE_S1.);
#2529 = LINE('',#2530,#2531);
#2530 = CARTESIAN_POINT('',(-39.,21.4,4.));
#2531 = VECTOR('',#2532,1.);
#2532 = DIRECTION('',(0.,0.,1.));
#2533 = PCURVE('',#1210,#2534);
#2534 = DEFINITIONAL_REPRESENTATION('',(#2535),#2539);
#2535 = LINE('',#2536,#2537);
#2536 = CARTESIAN_POINT('',(0.,-42.8));
#2537 = VECTOR('',#2538,1.);
#2538 = DIRECTION('',(1.,0.));
#2539 = ( GEOMETRIC_REPRESENTATION_CONTEXT(2) 
PARAMETRIC_REPRESENTATION_CONTEXT() REPRESENTATION_CONTEXT('2D SPACE',''
  ) );
#2540 = PCURVE('',#2541,#2546);
#2541 = PLANE('',#2542);
#2542 = AXIS2_PLACEMENT_3D('',#2543,#2544,#2545);
#2543 = CARTESIAN_POINT('',(-39.,21.4,4.));
#2544 = DIRECTION('',(0.,1.,0.));
#2545 = DIRECTION('',(0.,0.,1.));
#2546 = DEFINITIONAL_REPRESENTATION('',(#2547),#2551);
#2547 = LINE('',#2548,#2549);
#2548 = CARTESIAN_POINT('',(0.,0.));
#2549 = VECTOR('',#2550,1.);
#2550 = DIRECTION('',(1.,0.));
#2551 = ( GEOMETRIC_REPRESENTATION_CONTEXT(2) 
PARAMETRIC_REPRESENTATION_CONTEXT() REPRESENTATION_CONTEXT('2D SPACE',''
  ) );
#2552 = ORIENTED_EDGE('',*,*,#2553,.T.);
#2553 = EDGE_CURVE('',#2526,#2554,#2556,.T.);
#2554 = VERTEX_POINT('',#2555);
#2555 = CARTESIAN_POINT('',(-39.,24.8,17.6));
#2556 = SURFACE_CURVE('',#2557,(#2561,#2568),.PCURVE_S1.);
#2557 = LINE('',#2558,#2559);
#2558 = CARTESIAN_POINT('',(-39.,18.,17.6));
#2559 = VECTOR('',#2560,1.);
#2560 = DIRECTION('',(0.,1.,0.));
#2561 = PCURVE('',#1210,#2562);
#2562 = DEFINITIONAL_REPRESENTATION('',(#2563),#2567);
#2563 = LINE('',#2564,#2565);
#2564 = CARTESIAN_POINT('',(13.6,-39.4));
#2565 = VECTOR('',#2566,1.);
#2566 = DIRECTION('',(0.,-1.));
#2567 = ( GEOMETRIC_REPRESENTATION_CONTEXT(2) 
PARAMETRIC_REPRESENTATION_CONTEXT() REPRESENTATION_CONTEXT('2D SPACE',''
  ) );
#2568 = PCURVE('',#1703,#2569);
#2569 = DEFINITIONAL_REPRESENTATION('',(#2570),#2574);
#2570 = LINE('',#2571,#2572);
#2571 = CARTESIAN_POINT('',(0.,0.));
#2572 = VECTOR('',#2573,1.);
#2573 = DIRECTION('',(0.,1.));
#2574 = ( GEOMETRIC_REPRESENTATION_CONTEXT(2) 
PARAMETRIC_REPRESENTATION_CONTEXT() REPRESENTATION_CONTEXT('2D SPACE',''
  ) );
#2575 = ORIENTED_EDGE('',*,*,#2576,.T.);
#2576 = EDGE_CURVE('',#2554,#2577,#2579,.T.);
#2577 = VERTEX_POINT('',#2578);
#2578 = CARTESIAN_POINT('',(-39.,24.8,24.4));
#2579 = SURFACE_CURVE('',#2580,(#2584,#2591),.PCURVE_S1.);
#2580 = LINE('',#2581,#2582);
#2581 = CARTESIAN_POINT('',(-39.,24.8,17.6));
#2582 = VECTOR('',#2583,1.);
#2583 = DIRECTION('',(0.,0.,1.));
#2584 = PCURVE('',#1210,#2585);
#2585 = DEFINITIONAL_REPRESENTATION('',(#2586),#2590);
#2586 = LINE('',#2587,#2588);
#2587 = CARTESIAN_POINT('',(13.6,-46.2));
#2588 = VECTOR('',#2589,1.);
#2589 = DIRECTION('',(1.,0.));
#2590 = ( GEOMETRIC_REPRESENTATION_CONTEXT(2) 
PARAMETRIC_REPRESENTATION_CONTEXT() REPRESENTATION_CONTEXT('2D SPACE',''
  ) );
#2591 = PCURVE('',#2592,#2597);
#2592 = PLANE('',#2593);
#2593 = AXIS2_PLACEMENT_3D('',#2594,#2595,#2596);
#2594 = CARTESIAN_POINT('',(-39.,24.8,17.6));
#2595 = DIRECTION('',(0.,1.,0.));
#2596 = DIRECTION('',(0.,0.,1.));
#2597 = DEFINITIONAL_REPRESENTATION('',(#2598),#2602);
#2598 = LINE('',#2599,#2600);
#2599 = CARTESIAN_POINT('',(0.,0.));
#2600 = VECTOR('',#2601,1.);
#2601 = DIRECTION('',(1.,0.));
#2602 = ( GEOMETRIC_REPRESENTATION_CONTEXT(2) 
PARAMETRIC_REPRESENTATION_CONTEXT() REPRESENTATION_CONTEXT('2D SPACE',''
  ) );
#2603 = ORIENTED_EDGE('',*,*,#2604,.F.);
#2604 = EDGE_CURVE('',#2428,#2577,#2605,.T.);
#2605 = SURFACE_CURVE('',#2606,(#2610,#2617),.PCURVE_S1.);
#2606 = LINE('',#2607,#2608);
#2607 = CARTESIAN_POINT('',(-39.,18.,24.4));
#2608 = VECTOR('',#2609,1.);
#2609 = DIRECTION('',(0.,1.,0.));
#2610 = PCURVE('',#1210,#2611);
#2611 = DEFINITIONAL_REPRESENTATION('',(#2612),#2616);
#2612 = LINE('',#2613,#2614);
#2613 = CARTESIAN_POINT('',(20.4,-39.4));
#2614 = VECTOR('',#2615,1.);
#2615 = DIRECTION('',(0.,-1.));
#2616 = ( GEOMETRIC_REPRESENTATION_CONTEXT(2) 
PARAMETRIC_REPRESENTATION_CONTEXT() REPRESENTATION_CONTEXT('2D SPACE',''
  ) );
#2617 = PCURVE('',#1647,#2618);
#2618 = DEFINITIONAL_REPRESENTATION('',(#2619),#2623);
#2619 = LINE('',#2620,#2621);
#2620 = CARTESIAN_POINT('',(0.,0.));
#2621 = VECTOR('',#2622,1.);
#2622 = DIRECTION('',(0.,1.));
#2623 = ( GEOMETRIC_REPRESENTATION_CONTEXT(2) 
PARAMETRIC_REPRESENTATION_CONTEXT() REPRESENTATION_CONTEXT('2D SPACE',''
  ) );
#2624 = ORIENTED_EDGE('',*,*,#2448,.T.);
#2625 = ORIENTED_EDGE('',*,*,#1195,.F.);
#2626 = ORIENTED_EDGE('',*,*,#2627,.F.);
#2627 = EDGE_CURVE('',#2628,#1170,#2630,.T.);
#2628 = VERTEX_POINT('',#2629);
#2629 = CARTESIAN_POINT('',(-39.,-21.4,24.4));
#2630 = SURFACE_CURVE('',#2631,(#2635,#2642),.PCURVE_S1.);
#2631 = LINE('',#2632,#2633);
#2632 = CARTESIAN_POINT('',(-39.,-21.4,4.));
#2633 = VECTOR('',#2634,1.);
#2634 = DIRECTION('',(0.,0.,1.));
#2635 = PCURVE('',#1210,#2636);
#2636 = DEFINITIONAL_REPRESENTATION('',(#2637),#2641);
#2637 = LINE('',#2638,#2639);
#2638 = CARTESIAN_POINT('',(0.,0.));
#2639 = VECTOR('',#2640,1.);
#2640 = DIRECTION('',(1.,0.));
#2641 = ( GEOMETRIC_REPRESENTATION_CONTEXT(2) 
PARAMETRIC_REPRESENTATION_CONTEXT() REPRESENTATION_CONTEXT('2D SPACE',''
  ) );
#2642 = PCURVE('',#1184,#2643);
#2643 = DEFINITIONAL_REPRESENTATION('',(#2644),#2648);
#2644 = LINE('',#2645,#2646);
#2645 = CARTESIAN_POINT('',(0.,0.));
#2646 = VECTOR('',#2647,1.);
#2647 = DIRECTION('',(1.,0.));
#2648 = ( GEOMETRIC_REPRESENTATION_CONTEXT(2) 
PARAMETRIC_REPRESENTATION_CONTEXT() REPRESENTATION_CONTEXT('2D SPACE',''
  ) );
#2649 = ORIENTED_EDGE('',*,*,#2650,.F.);
#2650 = EDGE_CURVE('',#2651,#2628,#2653,.T.);
#2651 = VERTEX_POINT('',#2652);
#2652 = CARTESIAN_POINT('',(-39.,-24.8,24.4));
#2653 = SURFACE_CURVE('',#2654,(#2658,#2665),.PCURVE_S1.);
#2654 = LINE('',#2655,#2656);
#2655 = CARTESIAN_POINT('',(-39.,-24.8,24.4));
#2656 = VECTOR('',#2657,1.);
#2657 = DIRECTION('',(0.,1.,0.));
#2658 = PCURVE('',#1210,#2659);
#2659 = DEFINITIONAL_REPRESENTATION('',(#2660),#2664);
#2660 = LINE('',#2661,#2662);
#2661 = CARTESIAN_POINT('',(20.4,3.4));
#2662 = VECTOR('',#2663,1.);
#2663 = DIRECTION('',(0.,-1.));
#2664 = ( GEOMETRIC_REPRESENTATION_CONTEXT(2) 
PARAMETRIC_REPRESENTATION_CONTEXT() REPRESENTATION_CONTEXT('2D SPACE',''
  ) );
#2665 = PCURVE('',#1871,#2666);
#2666 = DEFINITIONAL_REPRESENTATION('',(#2667),#2671);
#2667 = LINE('',#2668,#2669);
#2668 = CARTESIAN_POINT('',(0.,0.));
#2669 = VECTOR('',#2670,1.);
#2670 = DIRECTION('',(0.,1.));
#2671 = ( GEOMETRIC_REPRESENTATION_CONTEXT(2) 
PARAMETRIC_REPRESENTATION_CONTEXT() REPRESENTATION_CONTEXT('2D SPACE',''
  ) );
#2672 = ORIENTED_EDGE('',*,*,#2673,.F.);
#2673 = EDGE_CURVE('',#2674,#2651,#2676,.T.);
#2674 = VERTEX_POINT('',#2675);
#2675 = CARTESIAN_POINT('',(-39.,-24.8,17.6));
#2676 = SURFACE_CURVE('',#2677,(#2681,#2688),.PCURVE_S1.);
#2677 = LINE('',#2678,#2679);
#2678 = CARTESIAN_POINT('',(-39.,-24.8,17.6));
#2679 = VECTOR('',#2680,1.);
#2680 = DIRECTION('',(0.,0.,1.));
#2681 = PCURVE('',#1210,#2682);
#2682 = DEFINITIONAL_REPRESENTATION('',(#2683),#2687);
#2683 = LINE('',#2684,#2685);
#2684 = CARTESIAN_POINT('',(13.6,3.4));
#2685 = VECTOR('',#2686,1.);
#2686 = DIRECTION('',(1.,0.));
#2687 = ( GEOMETRIC_REPRESENTATION_CONTEXT(2) 
PARAMETRIC_REPRESENTATION_CONTEXT() REPRESENTATION_CONTEXT('2D SPACE',''
  ) );
#2688 = PCURVE('',#2689,#2694);
#2689 = PLANE('',#2690);
#2690 = AXIS2_PLACEMENT_3D('',#2691,#2692,#2693);
#2691 = CARTESIAN_POINT('',(-39.,-24.8,17.6));
#2692 = DIRECTION('',(0.,1.,0.));
#2693 = DIRECTION('',(0.,0.,1.));
#2694 = DEFINITIONAL_REPRESENTATION('',(#2695),#2699);
#2695 = LINE('',#2696,#2697);
#2696 = CARTESIAN_POINT('',(0.,0.));
#2697 = VECTOR('',#2698,1.);
#2698 = DIRECTION('',(1.,0.));
#2699 = ( GEOMETRIC_REPRESENTATION_CONTEXT(2) 
PARAMETRIC_REPRESENTATION_CONTEXT() REPRESENTATION_CONTEXT('2D SPACE',''
  ) );
#2700 = ORIENTED_EDGE('',*,*,#2701,.T.);
#2701 = EDGE_CURVE('',#2674,#2475,#2702,.T.);
#2702 = SURFACE_CURVE('',#2703,(#2707,#2714),.PCURVE_S1.);
#2703 = LINE('',#2704,#2705);
#2704 = CARTESIAN_POINT('',(-39.,-24.8,17.6));
#2705 = VECTOR('',#2706,1.);
#2706 = DIRECTION('',(0.,1.,0.));
#2707 = PCURVE('',#1210,#2708);
#2708 = DEFINITIONAL_REPRESENTATION('',(#2709),#2713);
#2709 = LINE('',#2710,#2711);
#2710 = CARTESIAN_POINT('',(13.6,3.4));
#2711 = VECTOR('',#2712,1.);
#2712 = DIRECTION('',(0.,-1.));
#2713 = ( GEOMETRIC_REPRESENTATION_CONTEXT(2) 
PARAMETRIC_REPRESENTATION_CONTEXT() REPRESENTATION_CONTEXT('2D SPACE',''
  ) );
#2714 = PCURVE('',#1815,#2715);
#2715 = DEFINITIONAL_REPRESENTATION('',(#2716),#2720);
#2716 = LINE('',#2717,#2718);
#2717 = CARTESIAN_POINT('',(0.,0.));
#2718 = VECTOR('',#2719,1.);
#2719 = DIRECTION('',(0.,1.));
#2720 = ( GEOMETRIC_REPRESENTATION_CONTEXT(2) 
PARAMETRIC_REPRESENTATION_CONTEXT() REPRESENTATION_CONTEXT('2D SPACE',''
  ) );
#2721 = ADVANCED_FACE('',(#2722),#1157,.T.);
#2722 = FACE_BOUND('',#2723,.F.);
#2723 = EDGE_LOOP('',(#2724,#2747,#2748,#2749));
#2724 = ORIENTED_EDGE('',*,*,#2725,.F.);
#2725 = EDGE_CURVE('',#1856,#2726,#2728,.T.);
#2726 = VERTEX_POINT('',#2727);
#2727 = CARTESIAN_POINT('',(43.5,-21.4,24.4));
#2728 = SURFACE_CURVE('',#2729,(#2733,#2740),.PCURVE_S1.);
#2729 = LINE('',#2730,#2731);
#2730 = CARTESIAN_POINT('',(24.1,-2.,24.4));
#2731 = VECTOR('',#2732,1.);
#2732 = DIRECTION('',(-0.707106781187,0.707106781187,0.));
#2733 = PCURVE('',#1157,#2734);
#2734 = DEFINITIONAL_REPRESENTATION('',(#2735),#2739);
#2735 = LINE('',#2736,#2737);
#2736 = CARTESIAN_POINT('',(-0.,28.496403281818));
#2737 = VECTOR('',#2738,1.);
#2738 = DIRECTION('',(-0.,1.));
#2739 = ( GEOMETRIC_REPRESENTATION_CONTEXT(2) 
PARAMETRIC_REPRESENTATION_CONTEXT() REPRESENTATION_CONTEXT('2D SPACE',''
  ) );
#2740 = PCURVE('',#1871,#2741);
#2741 = DEFINITIONAL_REPRESENTATION('',(#2742),#2746);
#2742 = LINE('',#2743,#2744);
#2743 = CARTESIAN_POINT('',(63.1,22.8));
#2744 = VECTOR('',#2745,1.);
#2745 = DIRECTION('',(-0.707106781187,0.707106781187));
#2746 = ( GEOMETRIC_REPRESENTATION_CONTEXT(2) 
PARAMETRIC_REPRESENTATION_CONTEXT() REPRESENTATION_CONTEXT('2D SPACE',''
  ) );
#2747 = ORIENTED_EDGE('',*,*,#1883,.T.);
#2748 = ORIENTED_EDGE('',*,*,#1141,.T.);
#2749 = ORIENTED_EDGE('',*,*,#2750,.F.);
#2750 = EDGE_CURVE('',#2726,#1142,#2751,.T.);
#2751 = SURFACE_CURVE('',#2752,(#2756,#2763),.PCURVE_S1.);
#2752 = LINE('',#2753,#2754);
#2753 = CARTESIAN_POINT('',(43.5,-21.4,24.4));
#2754 = VECTOR('',#2755,1.);
#2755 = DIRECTION('',(0.,0.,1.));
#2756 = PCURVE('',#1157,#2757);
#2757 = DEFINITIONAL_REPRESENTATION('',(#2758),#2762);
#2758 = LINE('',#2759,#2760);
#2759 = CARTESIAN_POINT('',(-0.,1.06066017178));
#2760 = VECTOR('',#2761,1.);
#2761 = DIRECTION('',(-1.,0.));
#2762 = ( GEOMETRIC_REPRESENTATION_CONTEXT(2) 
PARAMETRIC_REPRESENTATION_CONTEXT() REPRESENTATION_CONTEXT('2D SPACE',''
  ) );
#2763 = PCURVE('',#1184,#2764);
#2764 = DEFINITIONAL_REPRESENTATION('',(#2765),#2769);
#2765 = LINE('',#2766,#2767);
#2766 = CARTESIAN_POINT('',(20.4,82.5));
#2767 = VECTOR('',#2768,1.);
#2768 = DIRECTION('',(1.,0.));
#2769 = ( GEOMETRIC_REPRESENTATION_CONTEXT(2) 
PARAMETRIC_REPRESENTATION_CONTEXT() REPRESENTATION_CONTEXT('2D SPACE',''
  ) );
#2770 = ADVANCED_FACE('',(#2771),#1184,.T.);
#2771 = FACE_BOUND('',#2772,.T.);
#2772 = EDGE_LOOP('',(#2773,#2774,#2775,#2794));
#2773 = ORIENTED_EDGE('',*,*,#1169,.F.);
#2774 = ORIENTED_EDGE('',*,*,#2750,.F.);
#2775 = ORIENTED_EDGE('',*,*,#2776,.F.);
#2776 = EDGE_CURVE('',#2628,#2726,#2777,.T.);
#2777 = SURFACE_CURVE('',#2778,(#2782,#2788),.PCURVE_S1.);
#2778 = LINE('',#2779,#2780);
#2779 = CARTESIAN_POINT('',(-39.,-21.4,24.4));
#2780 = VECTOR('',#2781,1.);
#2781 = DIRECTION('',(1.,0.,0.));
#2782 = PCURVE('',#1184,#2783);
#2783 = DEFINITIONAL_REPRESENTATION('',(#2784),#2787);
#2784 = B_SPLINE_CURVE_WITH_KNOTS('',1,(#2785,#2786),.UNSPECIFIED.,.F.,
  .F.,(2,2),(0.,84.),.PIECEWISE_BEZIER_KNOTS.);
#2785 = CARTESIAN_POINT('',(20.4,0.));
#2786 = CARTESIAN_POINT('',(20.4,84.));
#2787 = ( GEOMETRIC_REPRESENTATION_CONTEXT(2) 
PARAMETRIC_REPRESENTATION_CONTEXT() REPRESENTATION_CONTEXT('2D SPACE',''
  ) );
#2788 = PCURVE('',#1871,#2789);
#2789 = DEFINITIONAL_REPRESENTATION('',(#2790),#2793);
#2790 = B_SPLINE_CURVE_WITH_KNOTS('',1,(#2791,#2792),.UNSPECIFIED.,.F.,
  .F.,(2,2),(0.,84.),.PIECEWISE_BEZIER_KNOTS.);
#2791 = CARTESIAN_POINT('',(0.,3.4));
#2792 = CARTESIAN_POINT('',(84.,3.4));
#2793 = ( GEOMETRIC_REPRESENTATION_CONTEXT(2) 
PARAMETRIC_REPRESENTATION_CONTEXT() REPRESENTATION_CONTEXT('2D SPACE',''
  ) );
#2794 = ORIENTED_EDGE('',*,*,#2627,.T.);
#2795 = ADVANCED_FACE('',(#2796,#2802),#1411,.T.);
#2796 = FACE_BOUND('',#2797,.T.);
#2797 = EDGE_LOOP('',(#2798,#2799,#2800,#2801));
#2798 = ORIENTED_EDGE('',*,*,#1444,.F.);
#2799 = ORIENTED_EDGE('',*,*,#1396,.T.);
#2800 = ORIENTED_EDGE('',*,*,#1542,.T.);
#2801 = ORIENTED_EDGE('',*,*,#1495,.F.);
#2802 = FACE_BOUND('',#2803,.T.);
#2803 = EDGE_LOOP('',(#2804));
#2804 = ORIENTED_EDGE('',*,*,#2349,.F.);
#2805 = ADVANCED_FACE('',(#2806),#1647,.F.);
#2806 = FACE_BOUND('',#2807,.F.);
#2807 = EDGE_LOOP('',(#2808,#2831,#2832,#2833,#2834,#2835));
#2808 = ORIENTED_EDGE('',*,*,#2809,.F.);
#2809 = EDGE_CURVE('',#2577,#2810,#2812,.T.);
#2810 = VERTEX_POINT('',#2811);
#2811 = CARTESIAN_POINT('',(43.5,24.8,24.4));
#2812 = SURFACE_CURVE('',#2813,(#2817,#2824),.PCURVE_S1.);
#2813 = LINE('',#2814,#2815);
#2814 = CARTESIAN_POINT('',(-39.,24.8,24.4));
#2815 = VECTOR('',#2816,1.);
#2816 = DIRECTION('',(1.,0.,0.));
#2817 = PCURVE('',#1647,#2818);
#2818 = DEFINITIONAL_REPRESENTATION('',(#2819),#2823);
#2819 = LINE('',#2820,#2821);
#2820 = CARTESIAN_POINT('',(0.,6.8));
#2821 = VECTOR('',#2822,1.);
#2822 = DIRECTION('',(1.,0.));
#2823 = ( GEOMETRIC_REPRESENTATION_CONTEXT(2) 
PARAMETRIC_REPRESENTATION_CONTEXT() REPRESENTATION_CONTEXT('2D SPACE',''
  ) );
#2824 = PCURVE('',#2592,#2825);
#2825 = DEFINITIONAL_REPRESENTATION('',(#2826),#2830);
#2826 = LINE('',#2827,#2828);
#2827 = CARTESIAN_POINT('',(6.8,0.));
#2828 = VECTOR('',#2829,1.);
#2829 = DIRECTION('',(0.,1.));
#2830 = ( GEOMETRIC_REPRESENTATION_CONTEXT(2) 
PARAMETRIC_REPRESENTATION_CONTEXT() REPRESENTATION_CONTEXT('2D SPACE',''
  ) );
#2831 = ORIENTED_EDGE('',*,*,#2604,.F.);
#2832 = ORIENTED_EDGE('',*,*,#2427,.T.);
#2833 = ORIENTED_EDGE('',*,*,#2376,.F.);
#2834 = ORIENTED_EDGE('',*,*,#1631,.T.);
#2835 = ORIENTED_EDGE('',*,*,#2836,.T.);
#2836 = EDGE_CURVE('',#1632,#2810,#2837,.T.);
#2837 = SURFACE_CURVE('',#2838,(#2842,#2849),.PCURVE_S1.);
#2838 = LINE('',#2839,#2840);
#2839 = CARTESIAN_POINT('',(21.55,2.85,24.4));
#2840 = VECTOR('',#2841,1.);
#2841 = DIRECTION('',(-0.707106781187,-0.707106781187,0.));
#2842 = PCURVE('',#1647,#2843);
#2843 = DEFINITIONAL_REPRESENTATION('',(#2844),#2848);
#2844 = LINE('',#2845,#2846);
#2845 = CARTESIAN_POINT('',(60.55,-15.15));
#2846 = VECTOR('',#2847,1.);
#2847 = DIRECTION('',(-0.707106781187,-0.707106781187));
#2848 = ( GEOMETRIC_REPRESENTATION_CONTEXT(2) 
PARAMETRIC_REPRESENTATION_CONTEXT() REPRESENTATION_CONTEXT('2D SPACE',''
  ) );
#2849 = PCURVE('',#1675,#2850);
#2850 = DEFINITIONAL_REPRESENTATION('',(#2851),#2855);
#2851 = LINE('',#2852,#2853);
#2852 = CARTESIAN_POINT('',(-6.8,32.102647865869));
#2853 = VECTOR('',#2854,1.);
#2854 = DIRECTION('',(-0.,1.));
#2855 = ( GEOMETRIC_REPRESENTATION_CONTEXT(2) 
PARAMETRIC_REPRESENTATION_CONTEXT() REPRESENTATION_CONTEXT('2D SPACE',''
  ) );
#2856 = ADVANCED_FACE('',(#2857),#1675,.F.);
#2857 = FACE_BOUND('',#2858,.T.);
#2858 = EDGE_LOOP('',(#2859,#2882,#2883,#2884));
#2859 = ORIENTED_EDGE('',*,*,#2860,.F.);
#2860 = EDGE_CURVE('',#1660,#2861,#2863,.T.);
#2861 = VERTEX_POINT('',#2862);
#2862 = CARTESIAN_POINT('',(43.5,24.8,17.6));
#2863 = SURFACE_CURVE('',#2864,(#2868,#2875),.PCURVE_S1.);
#2864 = LINE('',#2865,#2866);
#2865 = CARTESIAN_POINT('',(21.55,2.85,17.6));
#2866 = VECTOR('',#2867,1.);
#2867 = DIRECTION('',(-0.707106781187,-0.707106781187,0.));
#2868 = PCURVE('',#1675,#2869);
#2869 = DEFINITIONAL_REPRESENTATION('',(#2870),#2874);
#2870 = LINE('',#2871,#2872);
#2871 = CARTESIAN_POINT('',(-0.,32.102647865869));
#2872 = VECTOR('',#2873,1.);
#2873 = DIRECTION('',(-0.,1.));
#2874 = ( GEOMETRIC_REPRESENTATION_CONTEXT(2) 
PARAMETRIC_REPRESENTATION_CONTEXT() REPRESENTATION_CONTEXT('2D SPACE',''
  ) );
#2875 = PCURVE('',#1703,#2876);
#2876 = DEFINITIONAL_REPRESENTATION('',(#2877),#2881);
#2877 = LINE('',#2878,#2879);
#2878 = CARTESIAN_POINT('',(60.55,-15.15));
#2879 = VECTOR('',#2880,1.);
#2880 = DIRECTION('',(-0.707106781187,-0.707106781187));
#2881 = ( GEOMETRIC_REPRESENTATION_CONTEXT(2) 
PARAMETRIC_REPRESENTATION_CONTEXT() REPRESENTATION_CONTEXT('2D SPACE',''
  ) );
#2882 = ORIENTED_EDGE('',*,*,#1659,.T.);
#2883 = ORIENTED_EDGE('',*,*,#2836,.T.);
#2884 = ORIENTED_EDGE('',*,*,#2885,.F.);
#2885 = EDGE_CURVE('',#2861,#2810,#2886,.T.);
#2886 = SURFACE_CURVE('',#2887,(#2891,#2898),.PCURVE_S1.);
#2887 = LINE('',#2888,#2889);
#2888 = CARTESIAN_POINT('',(43.5,24.8,17.6));
#2889 = VECTOR('',#2890,1.);
#2890 = DIRECTION('',(0.,0.,1.));
#2891 = PCURVE('',#1675,#2892);
#2892 = DEFINITIONAL_REPRESENTATION('',(#2893),#2897);
#2893 = LINE('',#2894,#2895);
#2894 = CARTESIAN_POINT('',(-0.,1.06066017178));
#2895 = VECTOR('',#2896,1.);
#2896 = DIRECTION('',(-1.,0.));
#2897 = ( GEOMETRIC_REPRESENTATION_CONTEXT(2) 
PARAMETRIC_REPRESENTATION_CONTEXT() REPRESENTATION_CONTEXT('2D SPACE',''
  ) );
#2898 = PCURVE('',#2592,#2899);
#2899 = DEFINITIONAL_REPRESENTATION('',(#2900),#2904);
#2900 = LINE('',#2901,#2902);
#2901 = CARTESIAN_POINT('',(0.,82.5));
#2902 = VECTOR('',#2903,1.);
#2903 = DIRECTION('',(1.,0.));
#2904 = ( GEOMETRIC_REPRESENTATION_CONTEXT(2) 
PARAMETRIC_REPRESENTATION_CONTEXT() REPRESENTATION_CONTEXT('2D SPACE',''
  ) );
#2905 = ADVANCED_FACE('',(#2906),#1703,.T.);
#2906 = FACE_BOUND('',#2907,.T.);
#2907 = EDGE_LOOP('',(#2908,#2929,#2930,#2951,#2972,#2973));
#2908 = ORIENTED_EDGE('',*,*,#2909,.F.);
#2909 = EDGE_CURVE('',#2554,#2861,#2910,.T.);
#2910 = SURFACE_CURVE('',#2911,(#2915,#2922),.PCURVE_S1.);
#2911 = LINE('',#2912,#2913);
#2912 = CARTESIAN_POINT('',(-39.,24.8,17.6));
#2913 = VECTOR('',#2914,1.);
#2914 = DIRECTION('',(1.,0.,0.));
#2915 = PCURVE('',#1703,#2916);
#2916 = DEFINITIONAL_REPRESENTATION('',(#2917),#2921);
#2917 = LINE('',#2918,#2919);
#2918 = CARTESIAN_POINT('',(0.,6.8));
#2919 = VECTOR('',#2920,1.);
#2920 = DIRECTION('',(1.,0.));
#2921 = ( GEOMETRIC_REPRESENTATION_CONTEXT(2) 
PARAMETRIC_REPRESENTATION_CONTEXT() REPRESENTATION_CONTEXT('2D SPACE',''
  ) );
#2922 = PCURVE('',#2592,#2923);
#2923 = DEFINITIONAL_REPRESENTATION('',(#2924),#2928);
#2924 = LINE('',#2925,#2926);
#2925 = CARTESIAN_POINT('',(0.,0.));
#2926 = VECTOR('',#2927,1.);
#2927 = DIRECTION('',(0.,1.));
#2928 = ( GEOMETRIC_REPRESENTATION_CONTEXT(2) 
PARAMETRIC_REPRESENTATION_CONTEXT() REPRESENTATION_CONTEXT('2D SPACE',''
  ) );
#2929 = ORIENTED_EDGE('',*,*,#2553,.F.);
#2930 = ORIENTED_EDGE('',*,*,#2931,.T.);
#2931 = EDGE_CURVE('',#2526,#2932,#2934,.T.);
#2932 = VERTEX_POINT('',#2933);
#2933 = CARTESIAN_POINT('',(43.5,21.4,17.6));
#2934 = SURFACE_CURVE('',#2935,(#2939,#2945),.PCURVE_S1.);
#2935 = LINE('',#2936,#2937);
#2936 = CARTESIAN_POINT('',(-39.,21.4,17.6));
#2937 = VECTOR('',#2938,1.);
#2938 = DIRECTION('',(1.,0.,0.));
#2939 = PCURVE('',#1703,#2940);
#2940 = DEFINITIONAL_REPRESENTATION('',(#2941),#2944);
#2941 = B_SPLINE_CURVE_WITH_KNOTS('',1,(#2942,#2943),.UNSPECIFIED.,.F.,
  .F.,(2,2),(0.,84.),.PIECEWISE_BEZIER_KNOTS.);
#2942 = CARTESIAN_POINT('',(0.,3.4));
#2943 = CARTESIAN_POINT('',(84.,3.4));
#2944 = ( GEOMETRIC_REPRESENTATION_CONTEXT(2) 
PARAMETRIC_REPRESENTATION_CONTEXT() REPRESENTATION_CONTEXT('2D SPACE',''
  ) );
#2945 = PCURVE('',#2541,#2946);
#2946 = DEFINITIONAL_REPRESENTATION('',(#2947),#2950);
#2947 = B_SPLINE_CURVE_WITH_KNOTS('',1,(#2948,#2949),.UNSPECIFIED.,.F.,
  .F.,(2,2),(0.,84.),.PIECEWISE_BEZIER_KNOTS.);
#2948 = CARTESIAN_POINT('',(13.6,0.));
#2949 = CARTESIAN_POINT('',(13.6,84.));
#2950 = ( GEOMETRIC_REPRESENTATION_CONTEXT(2) 
PARAMETRIC_REPRESENTATION_CONTEXT() REPRESENTATION_CONTEXT('2D SPACE',''
  ) );
#2951 = ORIENTED_EDGE('',*,*,#2952,.F.);
#2952 = EDGE_CURVE('',#1688,#2932,#2953,.T.);
#2953 = SURFACE_CURVE('',#2954,(#2958,#2965),.PCURVE_S1.);
#2954 = LINE('',#2955,#2956);
#2955 = CARTESIAN_POINT('',(22.4,0.3,17.6));
#2956 = VECTOR('',#2957,1.);
#2957 = DIRECTION('',(-0.707106781187,-0.707106781187,0.));
#2958 = PCURVE('',#1703,#2959);
#2959 = DEFINITIONAL_REPRESENTATION('',(#2960),#2964);
#2960 = LINE('',#2961,#2962);
#2961 = CARTESIAN_POINT('',(61.4,-17.7));
#2962 = VECTOR('',#2963,1.);
#2963 = DIRECTION('',(-0.707106781187,-0.707106781187));
#2964 = ( GEOMETRIC_REPRESENTATION_CONTEXT(2) 
PARAMETRIC_REPRESENTATION_CONTEXT() REPRESENTATION_CONTEXT('2D SPACE',''
  ) );
#2965 = PCURVE('',#1731,#2966);
#2966 = DEFINITIONAL_REPRESENTATION('',(#2967),#2971);
#2967 = LINE('',#2968,#2969);
#2968 = CARTESIAN_POINT('',(-13.6,30.900566337852));
#2969 = VECTOR('',#2970,1.);
#2970 = DIRECTION('',(-0.,1.));
#2971 = ( GEOMETRIC_REPRESENTATION_CONTEXT(2) 
PARAMETRIC_REPRESENTATION_CONTEXT() REPRESENTATION_CONTEXT('2D SPACE',''
  ) );
#2972 = ORIENTED_EDGE('',*,*,#1687,.F.);
#2973 = ORIENTED_EDGE('',*,*,#2860,.T.);
#2974 = ADVANCED_FACE('',(#2975),#1731,.F.);
#2975 = FACE_BOUND('',#2976,.T.);
#2976 = EDGE_LOOP('',(#2977,#3000,#3001,#3002));
#2977 = ORIENTED_EDGE('',*,*,#2978,.F.);
#2978 = EDGE_CURVE('',#1716,#2979,#2981,.T.);
#2979 = VERTEX_POINT('',#2980);
#2980 = CARTESIAN_POINT('',(43.5,21.4,4.));
#2981 = SURFACE_CURVE('',#2982,(#2986,#2993),.PCURVE_S1.);
#2982 = LINE('',#2983,#2984);
#2983 = CARTESIAN_POINT('',(12.55,-9.55,4.));
#2984 = VECTOR('',#2985,1.);
#2985 = DIRECTION('',(-0.707106781187,-0.707106781187,0.));
#2986 = PCURVE('',#1731,#2987);
#2987 = DEFINITIONAL_REPRESENTATION('',(#2988),#2992);
#2988 = LINE('',#2989,#2990);
#2989 = CARTESIAN_POINT('',(-0.,44.830569927227));
#2990 = VECTOR('',#2991,1.);
#2991 = DIRECTION('',(-0.,1.));
#2992 = ( GEOMETRIC_REPRESENTATION_CONTEXT(2) 
PARAMETRIC_REPRESENTATION_CONTEXT() REPRESENTATION_CONTEXT('2D SPACE',''
  ) );
#2993 = PCURVE('',#1759,#2994);
#2994 = DEFINITIONAL_REPRESENTATION('',(#2995),#2999);
#2995 = LINE('',#2996,#2997);
#2996 = CARTESIAN_POINT('',(51.55,11.85));
#2997 = VECTOR('',#2998,1.);
#2998 = DIRECTION('',(-0.707106781187,-0.707106781187));
#2999 = ( GEOMETRIC_REPRESENTATION_CONTEXT(2) 
PARAMETRIC_REPRESENTATION_CONTEXT() REPRESENTATION_CONTEXT('2D SPACE',''
  ) );
#3000 = ORIENTED_EDGE('',*,*,#1715,.T.);
#3001 = ORIENTED_EDGE('',*,*,#2952,.T.);
#3002 = ORIENTED_EDGE('',*,*,#3003,.F.);
#3003 = EDGE_CURVE('',#2979,#2932,#3004,.T.);
#3004 = SURFACE_CURVE('',#3005,(#3009,#3016),.PCURVE_S1.);
#3005 = LINE('',#3006,#3007);
#3006 = CARTESIAN_POINT('',(43.5,21.4,4.));
#3007 = VECTOR('',#3008,1.);
#3008 = DIRECTION('',(0.,0.,1.));
#3009 = PCURVE('',#1731,#3010);
#3010 = DEFINITIONAL_REPRESENTATION('',(#3011),#3015);
#3011 = LINE('',#3012,#3013);
#3012 = CARTESIAN_POINT('',(-0.,1.06066017178));
#3013 = VECTOR('',#3014,1.);
#3014 = DIRECTION('',(-1.,0.));
#3015 = ( GEOMETRIC_REPRESENTATION_CONTEXT(2) 
PARAMETRIC_REPRESENTATION_CONTEXT() REPRESENTATION_CONTEXT('2D SPACE',''
  ) );
#3016 = PCURVE('',#2541,#3017);
#3017 = DEFINITIONAL_REPRESENTATION('',(#3018),#3022);
#3018 = LINE('',#3019,#3020);
#3019 = CARTESIAN_POINT('',(0.,82.5));
#3020 = VECTOR('',#3021,1.);
#3021 = DIRECTION('',(1.,0.));
#3022 = ( GEOMETRIC_REPRESENTATION_CONTEXT(2) 
PARAMETRIC_REPRESENTATION_CONTEXT() REPRESENTATION_CONTEXT('2D SPACE',''
  ) );
#3023 = ADVANCED_FACE('',(#3024,#3094,#3100,#3106),#1759,.T.);
#3024 = FACE_BOUND('',#3025,.T.);
#3025 = EDGE_LOOP('',(#3026,#3047,#3048,#3071,#3092,#3093));
#3026 = ORIENTED_EDGE('',*,*,#3027,.F.);
#3027 = EDGE_CURVE('',#2503,#2979,#3028,.T.);
#3028 = SURFACE_CURVE('',#3029,(#3033,#3040),.PCURVE_S1.);
#3029 = LINE('',#3030,#3031);
#3030 = CARTESIAN_POINT('',(-39.,21.4,4.));
#3031 = VECTOR('',#3032,1.);
#3032 = DIRECTION('',(1.,0.,0.));
#3033 = PCURVE('',#1759,#3034);
#3034 = DEFINITIONAL_REPRESENTATION('',(#3035),#3039);
#3035 = LINE('',#3036,#3037);
#3036 = CARTESIAN_POINT('',(0.,42.8));
#3037 = VECTOR('',#3038,1.);
#3038 = DIRECTION('',(1.,0.));
#3039 = ( GEOMETRIC_REPRESENTATION_CONTEXT(2) 
PARAMETRIC_REPRESENTATION_CONTEXT() REPRESENTATION_CONTEXT('2D SPACE',''
  ) );
#3040 = PCURVE('',#2541,#3041);
#3041 = DEFINITIONAL_REPRESENTATION('',(#3042),#3046);
#3042 = LINE('',#3043,#3044);
#3043 = CARTESIAN_POINT('',(0.,0.));
#3044 = VECTOR('',#3045,1.);
#3045 = DIRECTION('',(0.,1.));
#3046 = ( GEOMETRIC_REPRESENTATION_CONTEXT(2) 
PARAMETRIC_REPRESENTATION_CONTEXT() REPRESENTATION_CONTEXT('2D SPACE',''
  ) );
#3047 = ORIENTED_EDGE('',*,*,#2502,.F.);
#3048 = ORIENTED_EDGE('',*,*,#3049,.T.);
#3049 = EDGE_CURVE('',#2473,#3050,#3052,.T.);
#3050 = VERTEX_POINT('',#3051);
#3051 = CARTESIAN_POINT('',(43.5,-21.4,4.));
#3052 = SURFACE_CURVE('',#3053,(#3057,#3064),.PCURVE_S1.);
#3053 = LINE('',#3054,#3055);
#3054 = CARTESIAN_POINT('',(-39.,-21.4,4.));
#3055 = VECTOR('',#3056,1.);
#3056 = DIRECTION('',(1.,0.,0.));
#3057 = PCURVE('',#1759,#3058);
#3058 = DEFINITIONAL_REPRESENTATION('',(#3059),#3063);
#3059 = LINE('',#3060,#3061);
#3060 = CARTESIAN_POINT('',(0.,0.));
#3061 = VECTOR('',#3062,1.);
#3062 = DIRECTION('',(1.,0.));
#3063 = ( GEOMETRIC_REPRESENTATION_CONTEXT(2) 
PARAMETRIC_REPRESENTATION_CONTEXT() REPRESENTATION_CONTEXT('2D SPACE',''
  ) );
#3064 = PCURVE('',#2490,#3065);
#3065 = DEFINITIONAL_REPRESENTATION('',(#3066),#3070);
#3066 = LINE('',#3067,#3068);
#3067 = CARTESIAN_POINT('',(0.,0.));
#3068 = VECTOR('',#3069,1.);
#3069 = DIRECTION('',(0.,1.));
#3070 = ( GEOMETRIC_REPRESENTATION_CONTEXT(2) 
PARAMETRIC_REPRESENTATION_CONTEXT() REPRESENTATION_CONTEXT('2D SPACE',''
  ) );
#3071 = ORIENTED_EDGE('',*,*,#3072,.F.);
#3072 = EDGE_CURVE('',#1744,#3050,#3073,.T.);
#3073 = SURFACE_CURVE('',#3074,(#3078,#3085),.PCURVE_S1.);
#3074 = LINE('',#3075,#3076);
#3075 = CARTESIAN_POINT('',(23.25,-1.15,4.));
#3076 = VECTOR('',#3077,1.);
#3077 = DIRECTION('',(-0.707106781187,0.707106781187,0.));
#3078 = PCURVE('',#1759,#3079);
#3079 = DEFINITIONAL_REPRESENTATION('',(#3080),#3084);
#3080 = LINE('',#3081,#3082);
#3081 = CARTESIAN_POINT('',(62.25,20.25));
#3082 = VECTOR('',#3083,1.);
#3083 = DIRECTION('',(-0.707106781187,0.707106781187));
#3084 = ( GEOMETRIC_REPRESENTATION_CONTEXT(2) 
PARAMETRIC_REPRESENTATION_CONTEXT() REPRESENTATION_CONTEXT('2D SPACE',''
  ) );
#3085 = PCURVE('',#1787,#3086);
#3086 = DEFINITIONAL_REPRESENTATION('',(#3087),#3091);
#3087 = LINE('',#3088,#3089);
#3088 = CARTESIAN_POINT('',(-0.,29.698484809835));
#3089 = VECTOR('',#3090,1.);
#3090 = DIRECTION('',(-0.,1.));
#3091 = ( GEOMETRIC_REPRESENTATION_CONTEXT(2) 
PARAMETRIC_REPRESENTATION_CONTEXT() REPRESENTATION_CONTEXT('2D SPACE',''
  ) );
#3092 = ORIENTED_EDGE('',*,*,#1743,.F.);
#3093 = ORIENTED_EDGE('',*,*,#2978,.T.);
#3094 = FACE_BOUND('',#3095,.T.);
#3095 = EDGE_LOOP('',(#3096,#3097,#3098,#3099));
#3096 = ORIENTED_EDGE('',*,*,#1981,.T.);
#3097 = ORIENTED_EDGE('',*,*,#2007,.T.);
#3098 = ORIENTED_EDGE('',*,*,#2106,.F.);
#3099 = ORIENTED_EDGE('',*,*,#2056,.F.);
#3100 = FACE_BOUND('',#3101,.T.);
#3101 = EDGE_LOOP('',(#3102,#3103,#3104,#3105));
#3102 = ORIENTED_EDGE('',*,*,#2177,.T.);
#3103 = ORIENTED_EDGE('',*,*,#2203,.T.);
#3104 = ORIENTED_EDGE('',*,*,#2302,.F.);
#3105 = ORIENTED_EDGE('',*,*,#2252,.F.);
#3106 = FACE_BOUND('',#3107,.T.);
#3107 = EDGE_LOOP('',(#3108,#3136,#3162,#3188));
#3108 = ORIENTED_EDGE('',*,*,#3109,.T.);
#3109 = EDGE_CURVE('',#3110,#3112,#3114,.T.);
#3110 = VERTEX_POINT('',#3111);
#3111 = CARTESIAN_POINT('',(32.5,-7.,4.));
#3112 = VERTEX_POINT('',#3113);
#3113 = CARTESIAN_POINT('',(29.5,-7.,4.));
#3114 = SURFACE_CURVE('',#3115,(#3119,#3125),.PCURVE_S1.);
#3115 = LINE('',#3116,#3117);
#3116 = CARTESIAN_POINT('',(-4.75,-7.,4.));
#3117 = VECTOR('',#3118,1.);
#3118 = DIRECTION('',(-1.,0.,0.));
#3119 = PCURVE('',#1759,#3120);
#3120 = DEFINITIONAL_REPRESENTATION('',(#3121),#3124);
#3121 = B_SPLINE_CURVE_WITH_KNOTS('',1,(#3122,#3123),.UNSPECIFIED.,.F.,
  .F.,(2,2),(-44.75,-34.25),.PIECEWISE_BEZIER_KNOTS.);
#3122 = CARTESIAN_POINT('',(79.,14.4));
#3123 = CARTESIAN_POINT('',(68.5,14.4));
#3124 = ( GEOMETRIC_REPRESENTATION_CONTEXT(2) 
PARAMETRIC_REPRESENTATION_CONTEXT() REPRESENTATION_CONTEXT('2D SPACE',''
  ) );
#3125 = PCURVE('',#3126,#3131);
#3126 = PLANE('',#3127);
#3127 = AXIS2_PLACEMENT_3D('',#3128,#3129,#3130);
#3128 = CARTESIAN_POINT('',(29.5,-7.,0.));
#3129 = DIRECTION('',(0.,1.,0.));
#3130 = DIRECTION('',(0.,0.,1.));
#3131 = DEFINITIONAL_REPRESENTATION('',(#3132),#3135);
#3132 = B_SPLINE_CURVE_WITH_KNOTS('',1,(#3133,#3134),.UNSPECIFIED.,.F.,
  .F.,(2,2),(-44.75,-34.25),.PIECEWISE_BEZIER_KNOTS.);
#3133 = CARTESIAN_POINT('',(4.,10.5));
#3134 = CARTESIAN_POINT('',(4.,0.));
#3135 = ( GEOMETRIC_REPRESENTATION_CONTEXT(2) 
PARAMETRIC_REPRESENTATION_CONTEXT() REPRESENTATION_CONTEXT('2D SPACE',''
  ) );
#3136 = ORIENTED_EDGE('',*,*,#3137,.T.);
#3137 = EDGE_CURVE('',#3112,#3138,#3140,.T.);
#3138 = VERTEX_POINT('',#3139);
#3139 = CARTESIAN_POINT('',(29.5,7.,4.));
#3140 = SURFACE_CURVE('',#3141,(#3145,#3151),.PCURVE_S1.);
#3141 = LINE('',#3142,#3143);
#3142 = CARTESIAN_POINT('',(29.5,-14.2,4.));
#3143 = VECTOR('',#3144,1.);
#3144 = DIRECTION('',(0.,1.,0.));
#3145 = PCURVE('',#1759,#3146);
#3146 = DEFINITIONAL_REPRESENTATION('',(#3147),#3150);
#3147 = B_SPLINE_CURVE_WITH_KNOTS('',1,(#3148,#3149),.UNSPECIFIED.,.F.,
  .F.,(2,2),(7.2,21.2),.PIECEWISE_BEZIER_KNOTS.);
#3148 = CARTESIAN_POINT('',(68.5,14.4));
#3149 = CARTESIAN_POINT('',(68.5,28.4));
#3150 = ( GEOMETRIC_REPRESENTATION_CONTEXT(2) 
PARAMETRIC_REPRESENTATION_CONTEXT() REPRESENTATION_CONTEXT('2D SPACE',''
  ) );
#3151 = PCURVE('',#3152,#3157);
#3152 = PLANE('',#3153);
#3153 = AXIS2_PLACEMENT_3D('',#3154,#3155,#3156);
#3154 = CARTESIAN_POINT('',(29.5,-7.,0.));
#3155 = DIRECTION('',(1.,0.,0.));
#3156 = DIRECTION('',(0.,0.,1.));
#3157 = DEFINITIONAL_REPRESENTATION('',(#3158),#3161);
#3158 = B_SPLINE_CURVE_WITH_KNOTS('',1,(#3159,#3160),.UNSPECIFIED.,.F.,
  .F.,(2,2),(7.2,21.2),.PIECEWISE_BEZIER_KNOTS.);
#3159 = CARTESIAN_POINT('',(4.,0.));
#3160 = CARTESIAN_POINT('',(4.,-14.));
#3161 = ( GEOMETRIC_REPRESENTATION_CONTEXT(2) 
PARAMETRIC_REPRESENTATION_CONTEXT() REPRESENTATION_CONTEXT('2D SPACE',''
  ) );
#3162 = ORIENTED_EDGE('',*,*,#3163,.F.);
#3163 = EDGE_CURVE('',#3164,#3138,#3166,.T.);
#3164 = VERTEX_POINT('',#3165);
#3165 = CARTESIAN_POINT('',(32.5,7.,4.));
#3166 = SURFACE_CURVE('',#3167,(#3171,#3177),.PCURVE_S1.);
#3167 = LINE('',#3168,#3169);
#3168 = CARTESIAN_POINT('',(-4.75,7.,4.));
#3169 = VECTOR('',#3170,1.);
#3170 = DIRECTION('',(-1.,0.,0.));
#3171 = PCURVE('',#1759,#3172);
#3172 = DEFINITIONAL_REPRESENTATION('',(#3173),#3176);
#3173 = B_SPLINE_CURVE_WITH_KNOTS('',1,(#3174,#3175),.UNSPECIFIED.,.F.,
  .F.,(2,2),(-44.75,-34.25),.PIECEWISE_BEZIER_KNOTS.);
#3174 = CARTESIAN_POINT('',(79.,28.4));
#3175 = CARTESIAN_POINT('',(68.5,28.4));
#3176 = ( GEOMETRIC_REPRESENTATION_CONTEXT(2) 
PARAMETRIC_REPRESENTATION_CONTEXT() REPRESENTATION_CONTEXT('2D SPACE',''
  ) );
#3177 = PCURVE('',#3178,#3183);
#3178 = PLANE('',#3179);
#3179 = AXIS2_PLACEMENT_3D('',#3180,#3181,#3182);
#3180 = CARTESIAN_POINT('',(29.5,7.,0.));
#3181 = DIRECTION('',(0.,1.,0.));
#3182 = DIRECTION('',(0.,0.,1.));
#3183 = DEFINITIONAL_REPRESENTATION('',(#3184),#3187);
#3184 = B_SPLINE_CURVE_WITH_KNOTS('',1,(#3185,#3186),.UNSPECIFIED.,.F.,
  .F.,(2,2),(-44.75,-34.25),.PIECEWISE_BEZIER_KNOTS.);
#3185 = CARTESIAN_POINT('',(4.,10.5));
#3186 = CARTESIAN_POINT('',(4.,0.));
#3187 = ( GEOMETRIC_REPRESENTATION_CONTEXT(2) 
PARAMETRIC_REPRESENTATION_CONTEXT() REPRESENTATION_CONTEXT('2D SPACE',''
  ) );
#3188 = ORIENTED_EDGE('',*,*,#3189,.F.);
#3189 = EDGE_CURVE('',#3110,#3164,#3190,.T.);
#3190 = SURFACE_CURVE('',#3191,(#3195,#3201),.PCURVE_S1.);
#3191 = LINE('',#3192,#3193);
#3192 = CARTESIAN_POINT('',(32.5,-14.2,4.));
#3193 = VECTOR('',#3194,1.);
#3194 = DIRECTION('',(0.,1.,0.));
#3195 = PCURVE('',#1759,#3196);
#3196 = DEFINITIONAL_REPRESENTATION('',(#3197),#3200);
#3197 = B_SPLINE_CURVE_WITH_KNOTS('',1,(#3198,#3199),.UNSPECIFIED.,.F.,
  .F.,(2,2),(7.2,21.2),.PIECEWISE_BEZIER_KNOTS.);
#3198 = CARTESIAN_POINT('',(71.5,14.4));
#3199 = CARTESIAN_POINT('',(71.5,28.4));
#3200 = ( GEOMETRIC_REPRESENTATION_CONTEXT(2) 
PARAMETRIC_REPRESENTATION_CONTEXT() REPRESENTATION_CONTEXT('2D SPACE',''
  ) );
#3201 = PCURVE('',#3202,#3207);
#3202 = PLANE('',#3203);
#3203 = AXIS2_PLACEMENT_3D('',#3204,#3205,#3206);
#3204 = CARTESIAN_POINT('',(32.5,-7.,0.));
#3205 = DIRECTION('',(1.,0.,0.));
#3206 = DIRECTION('',(0.,0.,1.));
#3207 = DEFINITIONAL_REPRESENTATION('',(#3208),#3211);
#3208 = B_SPLINE_CURVE_WITH_KNOTS('',1,(#3209,#3210),.UNSPECIFIED.,.F.,
  .F.,(2,2),(7.2,21.2),.PIECEWISE_BEZIER_KNOTS.);
#3209 = CARTESIAN_POINT('',(4.,0.));
#3210 = CARTESIAN_POINT('',(4.,-14.));
#3211 = ( GEOMETRIC_REPRESENTATION_CONTEXT(2) 
PARAMETRIC_REPRESENTATION_CONTEXT() REPRESENTATION_CONTEXT('2D SPACE',''
  ) );
#3212 = ADVANCED_FACE('',(#3213),#1787,.T.);
#3213 = FACE_BOUND('',#3214,.F.);
#3214 = EDGE_LOOP('',(#3215,#3216,#3217,#3240));
#3215 = ORIENTED_EDGE('',*,*,#3072,.F.);
#3216 = ORIENTED_EDGE('',*,*,#1771,.T.);
#3217 = ORIENTED_EDGE('',*,*,#3218,.T.);
#3218 = EDGE_CURVE('',#1772,#3219,#3221,.T.);
#3219 = VERTEX_POINT('',#3220);
#3220 = CARTESIAN_POINT('',(43.5,-21.4,17.6));
#3221 = SURFACE_CURVE('',#3222,(#3226,#3233),.PCURVE_S1.);
#3222 = LINE('',#3223,#3224);
#3223 = CARTESIAN_POINT('',(24.1,-2.,17.6));
#3224 = VECTOR('',#3225,1.);
#3225 = DIRECTION('',(-0.707106781187,0.707106781187,0.));
#3226 = PCURVE('',#1787,#3227);
#3227 = DEFINITIONAL_REPRESENTATION('',(#3228),#3232);
#3228 = LINE('',#3229,#3230);
#3229 = CARTESIAN_POINT('',(-13.6,28.496403281818));
#3230 = VECTOR('',#3231,1.);
#3231 = DIRECTION('',(-0.,1.));
#3232 = ( GEOMETRIC_REPRESENTATION_CONTEXT(2) 
PARAMETRIC_REPRESENTATION_CONTEXT() REPRESENTATION_CONTEXT('2D SPACE',''
  ) );
#3233 = PCURVE('',#1815,#3234);
#3234 = DEFINITIONAL_REPRESENTATION('',(#3235),#3239);
#3235 = LINE('',#3236,#3237);
#3236 = CARTESIAN_POINT('',(63.1,22.8));
#3237 = VECTOR('',#3238,1.);
#3238 = DIRECTION('',(-0.707106781187,0.707106781187));
#3239 = ( GEOMETRIC_REPRESENTATION_CONTEXT(2) 
PARAMETRIC_REPRESENTATION_CONTEXT() REPRESENTATION_CONTEXT('2D SPACE',''
  ) );
#3240 = ORIENTED_EDGE('',*,*,#3241,.F.);
#3241 = EDGE_CURVE('',#3050,#3219,#3242,.T.);
#3242 = SURFACE_CURVE('',#3243,(#3247,#3254),.PCURVE_S1.);
#3243 = LINE('',#3244,#3245);
#3244 = CARTESIAN_POINT('',(43.5,-21.4,4.));
#3245 = VECTOR('',#3246,1.);
#3246 = DIRECTION('',(0.,0.,1.));
#3247 = PCURVE('',#1787,#3248);
#3248 = DEFINITIONAL_REPRESENTATION('',(#3249),#3253);
#3249 = LINE('',#3250,#3251);
#3250 = CARTESIAN_POINT('',(-0.,1.06066017178));
#3251 = VECTOR('',#3252,1.);
#3252 = DIRECTION('',(-1.,0.));
#3253 = ( GEOMETRIC_REPRESENTATION_CONTEXT(2) 
PARAMETRIC_REPRESENTATION_CONTEXT() REPRESENTATION_CONTEXT('2D SPACE',''
  ) );
#3254 = PCURVE('',#2490,#3255);
#3255 = DEFINITIONAL_REPRESENTATION('',(#3256),#3260);
#3256 = LINE('',#3257,#3258);
#3257 = CARTESIAN_POINT('',(0.,82.5));
#3258 = VECTOR('',#3259,1.);
#3259 = DIRECTION('',(1.,0.));
#3260 = ( GEOMETRIC_REPRESENTATION_CONTEXT(2) 
PARAMETRIC_REPRESENTATION_CONTEXT() REPRESENTATION_CONTEXT('2D SPACE',''
  ) );
#3261 = ADVANCED_FACE('',(#3262),#1815,.T.);
#3262 = FACE_BOUND('',#3263,.T.);
#3263 = EDGE_LOOP('',(#3264,#3283,#3284,#3307,#3328,#3329));
#3264 = ORIENTED_EDGE('',*,*,#3265,.F.);
#3265 = EDGE_CURVE('',#2475,#3219,#3266,.T.);
#3266 = SURFACE_CURVE('',#3267,(#3271,#3277),.PCURVE_S1.);
#3267 = LINE('',#3268,#3269);
#3268 = CARTESIAN_POINT('',(-39.,-21.4,17.6));
#3269 = VECTOR('',#3270,1.);
#3270 = DIRECTION('',(1.,0.,0.));
#3271 = PCURVE('',#1815,#3272);
#3272 = DEFINITIONAL_REPRESENTATION('',(#3273),#3276);
#3273 = B_SPLINE_CURVE_WITH_KNOTS('',1,(#3274,#3275),.UNSPECIFIED.,.F.,
  .F.,(2,2),(0.,84.),.PIECEWISE_BEZIER_KNOTS.);
#3274 = CARTESIAN_POINT('',(0.,3.4));
#3275 = CARTESIAN_POINT('',(84.,3.4));
#3276 = ( GEOMETRIC_REPRESENTATION_CONTEXT(2) 
PARAMETRIC_REPRESENTATION_CONTEXT() REPRESENTATION_CONTEXT('2D SPACE',''
  ) );
#3277 = PCURVE('',#2490,#3278);
#3278 = DEFINITIONAL_REPRESENTATION('',(#3279),#3282);
#3279 = B_SPLINE_CURVE_WITH_KNOTS('',1,(#3280,#3281),.UNSPECIFIED.,.F.,
  .F.,(2,2),(0.,84.),.PIECEWISE_BEZIER_KNOTS.);
#3280 = CARTESIAN_POINT('',(13.6,0.));
#3281 = CARTESIAN_POINT('',(13.6,84.));
#3282 = ( GEOMETRIC_REPRESENTATION_CONTEXT(2) 
PARAMETRIC_REPRESENTATION_CONTEXT() REPRESENTATION_CONTEXT('2D SPACE',''
  ) );
#3283 = ORIENTED_EDGE('',*,*,#2701,.F.);
#3284 = ORIENTED_EDGE('',*,*,#3285,.T.);
#3285 = EDGE_CURVE('',#2674,#3286,#3288,.T.);
#3286 = VERTEX_POINT('',#3287);
#3287 = CARTESIAN_POINT('',(43.5,-24.8,17.6));
#3288 = SURFACE_CURVE('',#3289,(#3293,#3300),.PCURVE_S1.);
#3289 = LINE('',#3290,#3291);
#3290 = CARTESIAN_POINT('',(-39.,-24.8,17.6));
#3291 = VECTOR('',#3292,1.);
#3292 = DIRECTION('',(1.,0.,0.));
#3293 = PCURVE('',#1815,#3294);
#3294 = DEFINITIONAL_REPRESENTATION('',(#3295),#3299);
#3295 = LINE('',#3296,#3297);
#3296 = CARTESIAN_POINT('',(0.,0.));
#3297 = VECTOR('',#3298,1.);
#3298 = DIRECTION('',(1.,0.));
#3299 = ( GEOMETRIC_REPRESENTATION_CONTEXT(2) 
PARAMETRIC_REPRESENTATION_CONTEXT() REPRESENTATION_CONTEXT('2D SPACE',''
  ) );
#3300 = PCURVE('',#2689,#3301);
#3301 = DEFINITIONAL_REPRESENTATION('',(#3302),#3306);
#3302 = LINE('',#3303,#3304);
#3303 = CARTESIAN_POINT('',(0.,0.));
#3304 = VECTOR('',#3305,1.);
#3305 = DIRECTION('',(0.,1.));
#3306 = ( GEOMETRIC_REPRESENTATION_CONTEXT(2) 
PARAMETRIC_REPRESENTATION_CONTEXT() REPRESENTATION_CONTEXT('2D SPACE',''
  ) );
#3307 = ORIENTED_EDGE('',*,*,#3308,.F.);
#3308 = EDGE_CURVE('',#1800,#3286,#3309,.T.);
#3309 = SURFACE_CURVE('',#3310,(#3314,#3321),.PCURVE_S1.);
#3310 = LINE('',#3311,#3312);
#3311 = CARTESIAN_POINT('',(23.25,-4.55,17.6));
#3312 = VECTOR('',#3313,1.);
#3313 = DIRECTION('',(-0.707106781187,0.707106781187,0.));
#3314 = PCURVE('',#1815,#3315);
#3315 = DEFINITIONAL_REPRESENTATION('',(#3316),#3320);
#3316 = LINE('',#3317,#3318);
#3317 = CARTESIAN_POINT('',(62.25,20.25));
#3318 = VECTOR('',#3319,1.);
#3319 = DIRECTION('',(-0.707106781187,0.707106781187));
#3320 = ( GEOMETRIC_REPRESENTATION_CONTEXT(2) 
PARAMETRIC_REPRESENTATION_CONTEXT() REPRESENTATION_CONTEXT('2D SPACE',''
  ) );
#3321 = PCURVE('',#1843,#3322);
#3322 = DEFINITIONAL_REPRESENTATION('',(#3323),#3327);
#3323 = LINE('',#3324,#3325);
#3324 = CARTESIAN_POINT('',(-0.,29.698484809835));
#3325 = VECTOR('',#3326,1.);
#3326 = DIRECTION('',(-0.,1.));
#3327 = ( GEOMETRIC_REPRESENTATION_CONTEXT(2) 
PARAMETRIC_REPRESENTATION_CONTEXT() REPRESENTATION_CONTEXT('2D SPACE',''
  ) );
#3328 = ORIENTED_EDGE('',*,*,#1799,.F.);
#3329 = ORIENTED_EDGE('',*,*,#3218,.T.);
#3330 = ADVANCED_FACE('',(#3331),#1843,.T.);
#3331 = FACE_BOUND('',#3332,.F.);
#3332 = EDGE_LOOP('',(#3333,#3334,#3335,#3358));
#3333 = ORIENTED_EDGE('',*,*,#3308,.F.);
#3334 = ORIENTED_EDGE('',*,*,#1827,.T.);
#3335 = ORIENTED_EDGE('',*,*,#3336,.T.);
#3336 = EDGE_CURVE('',#1828,#3337,#3339,.T.);
#3337 = VERTEX_POINT('',#3338);
#3338 = CARTESIAN_POINT('',(43.5,-24.8,24.4));
#3339 = SURFACE_CURVE('',#3340,(#3344,#3351),.PCURVE_S1.);
#3340 = LINE('',#3341,#3342);
#3341 = CARTESIAN_POINT('',(23.25,-4.55,24.4));
#3342 = VECTOR('',#3343,1.);
#3343 = DIRECTION('',(-0.707106781187,0.707106781187,0.));
#3344 = PCURVE('',#1843,#3345);
#3345 = DEFINITIONAL_REPRESENTATION('',(#3346),#3350);
#3346 = LINE('',#3347,#3348);
#3347 = CARTESIAN_POINT('',(-6.8,29.698484809835));
#3348 = VECTOR('',#3349,1.);
#3349 = DIRECTION('',(-0.,1.));
#3350 = ( GEOMETRIC_REPRESENTATION_CONTEXT(2) 
PARAMETRIC_REPRESENTATION_CONTEXT() REPRESENTATION_CONTEXT('2D SPACE',''
  ) );
#3351 = PCURVE('',#1871,#3352);
#3352 = DEFINITIONAL_REPRESENTATION('',(#3353),#3357);
#3353 = LINE('',#3354,#3355);
#3354 = CARTESIAN_POINT('',(62.25,20.25));
#3355 = VECTOR('',#3356,1.);
#3356 = DIRECTION('',(-0.707106781187,0.707106781187));
#3357 = ( GEOMETRIC_REPRESENTATION_CONTEXT(2) 
PARAMETRIC_REPRESENTATION_CONTEXT() REPRESENTATION_CONTEXT('2D SPACE',''
  ) );
#3358 = ORIENTED_EDGE('',*,*,#3359,.F.);
#3359 = EDGE_CURVE('',#3286,#3337,#3360,.T.);
#3360 = SURFACE_CURVE('',#3361,(#3365,#3372),.PCURVE_S1.);
#3361 = LINE('',#3362,#3363);
#3362 = CARTESIAN_POINT('',(43.5,-24.8,17.6));
#3363 = VECTOR('',#3364,1.);
#3364 = DIRECTION('',(0.,0.,1.));
#3365 = PCURVE('',#1843,#3366);
#3366 = DEFINITIONAL_REPRESENTATION('',(#3367),#3371);
#3367 = LINE('',#3368,#3369);
#3368 = CARTESIAN_POINT('',(-0.,1.06066017178));
#3369 = VECTOR('',#3370,1.);
#3370 = DIRECTION('',(-1.,0.));
#3371 = ( GEOMETRIC_REPRESENTATION_CONTEXT(2) 
PARAMETRIC_REPRESENTATION_CONTEXT() REPRESENTATION_CONTEXT('2D SPACE',''
  ) );
#3372 = PCURVE('',#2689,#3373);
#3373 = DEFINITIONAL_REPRESENTATION('',(#3374),#3378);
#3374 = LINE('',#3375,#3376);
#3375 = CARTESIAN_POINT('',(0.,82.5));
#3376 = VECTOR('',#3377,1.);
#3377 = DIRECTION('',(1.,0.));
#3378 = ( GEOMETRIC_REPRESENTATION_CONTEXT(2) 
PARAMETRIC_REPRESENTATION_CONTEXT() REPRESENTATION_CONTEXT('2D SPACE',''
  ) );
#3379 = ADVANCED_FACE('',(#3380),#1871,.F.);
#3380 = FACE_BOUND('',#3381,.F.);
#3381 = EDGE_LOOP('',(#3382,#3383,#3384,#3405,#3406,#3407));
#3382 = ORIENTED_EDGE('',*,*,#2776,.F.);
#3383 = ORIENTED_EDGE('',*,*,#2650,.F.);
#3384 = ORIENTED_EDGE('',*,*,#3385,.T.);
#3385 = EDGE_CURVE('',#2651,#3337,#3386,.T.);
#3386 = SURFACE_CURVE('',#3387,(#3391,#3398),.PCURVE_S1.);
#3387 = LINE('',#3388,#3389);
#3388 = CARTESIAN_POINT('',(-39.,-24.8,24.4));
#3389 = VECTOR('',#3390,1.);
#3390 = DIRECTION('',(1.,0.,0.));
#3391 = PCURVE('',#1871,#3392);
#3392 = DEFINITIONAL_REPRESENTATION('',(#3393),#3397);
#3393 = LINE('',#3394,#3395);
#3394 = CARTESIAN_POINT('',(0.,0.));
#3395 = VECTOR('',#3396,1.);
#3396 = DIRECTION('',(1.,0.));
#3397 = ( GEOMETRIC_REPRESENTATION_CONTEXT(2) 
PARAMETRIC_REPRESENTATION_CONTEXT() REPRESENTATION_CONTEXT('2D SPACE',''
  ) );
#3398 = PCURVE('',#2689,#3399);
#3399 = DEFINITIONAL_REPRESENTATION('',(#3400),#3404);
#3400 = LINE('',#3401,#3402);
#3401 = CARTESIAN_POINT('',(6.8,0.));
#3402 = VECTOR('',#3403,1.);
#3403 = DIRECTION('',(0.,1.));
#3404 = ( GEOMETRIC_REPRESENTATION_CONTEXT(2) 
PARAMETRIC_REPRESENTATION_CONTEXT() REPRESENTATION_CONTEXT('2D SPACE',''
  ) );
#3405 = ORIENTED_EDGE('',*,*,#3336,.F.);
#3406 = ORIENTED_EDGE('',*,*,#1855,.T.);
#3407 = ORIENTED_EDGE('',*,*,#2725,.T.);
#3408 = ADVANCED_FACE('',(#3409),#2490,.T.);
#3409 = FACE_BOUND('',#3410,.T.);
#3410 = EDGE_LOOP('',(#3411,#3412,#3413,#3414));
#3411 = ORIENTED_EDGE('',*,*,#3265,.T.);
#3412 = ORIENTED_EDGE('',*,*,#3241,.F.);
#3413 = ORIENTED_EDGE('',*,*,#3049,.F.);
#3414 = ORIENTED_EDGE('',*,*,#2472,.T.);
#3415 = ADVANCED_FACE('',(#3416),#2541,.F.);
#3416 = FACE_BOUND('',#3417,.F.);
#3417 = EDGE_LOOP('',(#3418,#3419,#3420,#3421));
#3418 = ORIENTED_EDGE('',*,*,#2931,.T.);
#3419 = ORIENTED_EDGE('',*,*,#3003,.F.);
#3420 = ORIENTED_EDGE('',*,*,#3027,.F.);
#3421 = ORIENTED_EDGE('',*,*,#2525,.T.);
#3422 = ADVANCED_FACE('',(#3423),#2592,.F.);
#3423 = FACE_BOUND('',#3424,.F.);
#3424 = EDGE_LOOP('',(#3425,#3426,#3427,#3428));
#3425 = ORIENTED_EDGE('',*,*,#2909,.F.);
#3426 = ORIENTED_EDGE('',*,*,#2576,.T.);
#3427 = ORIENTED_EDGE('',*,*,#2809,.T.);
#3428 = ORIENTED_EDGE('',*,*,#2885,.F.);
#3429 = ADVANCED_FACE('',(#3430),#2689,.T.);
#3430 = FACE_BOUND('',#3431,.T.);
#3431 = EDGE_LOOP('',(#3432,#3433,#3434,#3435));
#3432 = ORIENTED_EDGE('',*,*,#3285,.F.);
#3433 = ORIENTED_EDGE('',*,*,#2673,.T.);
#3434 = ORIENTED_EDGE('',*,*,#3385,.T.);
#3435 = ORIENTED_EDGE('',*,*,#3359,.F.);
#3436 = ADVANCED_FACE('',(#3437),#3126,.F.);
#3437 = FACE_BOUND('',#3438,.F.);
#3438 = EDGE_LOOP('',(#3439,#3462,#3463,#3486,#3514,#3542,#3570,#3598,
    #3626,#3654));
#3439 = ORIENTED_EDGE('',*,*,#3440,.F.);
#3440 = EDGE_CURVE('',#3110,#3441,#3443,.T.);
#3441 = VERTEX_POINT('',#3442);
#3442 = CARTESIAN_POINT('',(32.5,-7.,14.));
#3443 = SURFACE_CURVE('',#3444,(#3448,#3455),.PCURVE_S1.);
#3444 = LINE('',#3445,#3446);
#3445 = CARTESIAN_POINT('',(32.5,-7.,0.));
#3446 = VECTOR('',#3447,1.);
#3447 = DIRECTION('',(0.,0.,1.));
#3448 = PCURVE('',#3126,#3449);
#3449 = DEFINITIONAL_REPRESENTATION('',(#3450),#3454);
#3450 = LINE('',#3451,#3452);
#3451 = CARTESIAN_POINT('',(0.,3.));
#3452 = VECTOR('',#3453,1.);
#3453 = DIRECTION('',(1.,0.));
#3454 = ( GEOMETRIC_REPRESENTATION_CONTEXT(2) 
PARAMETRIC_REPRESENTATION_CONTEXT() REPRESENTATION_CONTEXT('2D SPACE',''
  ) );
#3455 = PCURVE('',#3202,#3456);
#3456 = DEFINITIONAL_REPRESENTATION('',(#3457),#3461);
#3457 = LINE('',#3458,#3459);
#3458 = CARTESIAN_POINT('',(0.,0.));
#3459 = VECTOR('',#3460,1.);
#3460 = DIRECTION('',(1.,0.));
#3461 = ( GEOMETRIC_REPRESENTATION_CONTEXT(2) 
PARAMETRIC_REPRESENTATION_CONTEXT() REPRESENTATION_CONTEXT('2D SPACE',''
  ) );
#3462 = ORIENTED_EDGE('',*,*,#3109,.T.);
#3463 = ORIENTED_EDGE('',*,*,#3464,.T.);
#3464 = EDGE_CURVE('',#3112,#3465,#3467,.T.);
#3465 = VERTEX_POINT('',#3466);
#3466 = CARTESIAN_POINT('',(29.5,-7.,17.));
#3467 = SURFACE_CURVE('',#3468,(#3472,#3479),.PCURVE_S1.);
#3468 = LINE('',#3469,#3470);
#3469 = CARTESIAN_POINT('',(29.5,-7.,0.));
#3470 = VECTOR('',#3471,1.);
#3471 = DIRECTION('',(0.,0.,1.));
#3472 = PCURVE('',#3126,#3473);
#3473 = DEFINITIONAL_REPRESENTATION('',(#3474),#3478);
#3474 = LINE('',#3475,#3476);
#3475 = CARTESIAN_POINT('',(0.,0.));
#3476 = VECTOR('',#3477,1.);
#3477 = DIRECTION('',(1.,0.));
#3478 = ( GEOMETRIC_REPRESENTATION_CONTEXT(2) 
PARAMETRIC_REPRESENTATION_CONTEXT() REPRESENTATION_CONTEXT('2D SPACE',''
  ) );
#3479 = PCURVE('',#3152,#3480);
#3480 = DEFINITIONAL_REPRESENTATION('',(#3481),#3485);
#3481 = LINE('',#3482,#3483);
#3482 = CARTESIAN_POINT('',(0.,0.));
#3483 = VECTOR('',#3484,1.);
#3484 = DIRECTION('',(1.,0.));
#3485 = ( GEOMETRIC_REPRESENTATION_CONTEXT(2) 
PARAMETRIC_REPRESENTATION_CONTEXT() REPRESENTATION_CONTEXT('2D SPACE',''
  ) );
#3486 = ORIENTED_EDGE('',*,*,#3487,.T.);
#3487 = EDGE_CURVE('',#3465,#3488,#3490,.T.);
#3488 = VERTEX_POINT('',#3489);
#3489 = CARTESIAN_POINT('',(34.,-7.,17.));
#3490 = SURFACE_CURVE('',#3491,(#3495,#3502),.PCURVE_S1.);
#3491 = LINE('',#3492,#3493);
#3492 = CARTESIAN_POINT('',(29.5,-7.,17.));
#3493 = VECTOR('',#3494,1.);
#3494 = DIRECTION('',(1.,0.,0.));
#3495 = PCURVE('',#3126,#3496);
#3496 = DEFINITIONAL_REPRESENTATION('',(#3497),#3501);
#3497 = LINE('',#3498,#3499);
#3498 = CARTESIAN_POINT('',(17.,0.));
#3499 = VECTOR('',#3500,1.);
#3500 = DIRECTION('',(0.,1.));
#3501 = ( GEOMETRIC_REPRESENTATION_CONTEXT(2) 
PARAMETRIC_REPRESENTATION_CONTEXT() REPRESENTATION_CONTEXT('2D SPACE',''
  ) );
#3502 = PCURVE('',#3503,#3508);
#3503 = PLANE('',#3504);
#3504 = AXIS2_PLACEMENT_3D('',#3505,#3506,#3507);
#3505 = CARTESIAN_POINT('',(29.5,-7.,17.));
#3506 = DIRECTION('',(0.,0.,1.));
#3507 = DIRECTION('',(1.,0.,0.));
#3508 = DEFINITIONAL_REPRESENTATION('',(#3509),#3513);
#3509 = LINE('',#3510,#3511);
#3510 = CARTESIAN_POINT('',(0.,0.));
#3511 = VECTOR('',#3512,1.);
#3512 = DIRECTION('',(1.,0.));
#3513 = ( GEOMETRIC_REPRESENTATION_CONTEXT(2) 
PARAMETRIC_REPRESENTATION_CONTEXT() REPRESENTATION_CONTEXT('2D SPACE',''
  ) );
#3514 = ORIENTED_EDGE('',*,*,#3515,.F.);
#3515 = EDGE_CURVE('',#3516,#3488,#3518,.T.);
#3516 = VERTEX_POINT('',#3517);
#3517 = CARTESIAN_POINT('',(34.,-7.,14.5));
#3518 = SURFACE_CURVE('',#3519,(#3523,#3530),.PCURVE_S1.);
#3519 = LINE('',#3520,#3521);
#3520 = CARTESIAN_POINT('',(34.,-7.,14.));
#3521 = VECTOR('',#3522,1.);
#3522 = DIRECTION('',(0.,0.,1.));
#3523 = PCURVE('',#3126,#3524);
#3524 = DEFINITIONAL_REPRESENTATION('',(#3525),#3529);
#3525 = LINE('',#3526,#3527);
#3526 = CARTESIAN_POINT('',(14.,4.5));
#3527 = VECTOR('',#3528,1.);
#3528 = DIRECTION('',(1.,0.));
#3529 = ( GEOMETRIC_REPRESENTATION_CONTEXT(2) 
PARAMETRIC_REPRESENTATION_CONTEXT() REPRESENTATION_CONTEXT('2D SPACE',''
  ) );
#3530 = PCURVE('',#3531,#3536);
#3531 = PLANE('',#3532);
#3532 = AXIS2_PLACEMENT_3D('',#3533,#3534,#3535);
#3533 = CARTESIAN_POINT('',(34.,-7.,14.));
#3534 = DIRECTION('',(1.,0.,0.));
#3535 = DIRECTION('',(0.,0.,1.));
#3536 = DEFINITIONAL_REPRESENTATION('',(#3537),#3541);
#3537 = LINE('',#3538,#3539);
#3538 = CARTESIAN_POINT('',(0.,0.));
#3539 = VECTOR('',#3540,1.);
#3540 = DIRECTION('',(1.,0.));
#3541 = ( GEOMETRIC_REPRESENTATION_CONTEXT(2) 
PARAMETRIC_REPRESENTATION_CONTEXT() REPRESENTATION_CONTEXT('2D SPACE',''
  ) );
#3542 = ORIENTED_EDGE('',*,*,#3543,.T.);
#3543 = EDGE_CURVE('',#3516,#3544,#3546,.T.);
#3544 = VERTEX_POINT('',#3545);
#3545 = CARTESIAN_POINT('',(40.,-7.,14.5));
#3546 = SURFACE_CURVE('',#3547,(#3551,#3558),.PCURVE_S1.);
#3547 = LINE('',#3548,#3549);
#3548 = CARTESIAN_POINT('',(34.,-7.,14.5));
#3549 = VECTOR('',#3550,1.);
#3550 = DIRECTION('',(1.,0.,0.));
#3551 = PCURVE('',#3126,#3552);
#3552 = DEFINITIONAL_REPRESENTATION('',(#3553),#3557);
#3553 = LINE('',#3554,#3555);
#3554 = CARTESIAN_POINT('',(14.5,4.5));
#3555 = VECTOR('',#3556,1.);
#3556 = DIRECTION('',(0.,1.));
#3557 = ( GEOMETRIC_REPRESENTATION_CONTEXT(2) 
PARAMETRIC_REPRESENTATION_CONTEXT() REPRESENTATION_CONTEXT('2D SPACE',''
  ) );
#3558 = PCURVE('',#3559,#3564);
#3559 = PLANE('',#3560);
#3560 = AXIS2_PLACEMENT_3D('',#3561,#3562,#3563);
#3561 = CARTESIAN_POINT('',(34.,-7.,14.5));
#3562 = DIRECTION('',(0.,0.,1.));
#3563 = DIRECTION('',(1.,0.,0.));
#3564 = DEFINITIONAL_REPRESENTATION('',(#3565),#3569);
#3565 = LINE('',#3566,#3567);
#3566 = CARTESIAN_POINT('',(0.,0.));
#3567 = VECTOR('',#3568,1.);
#3568 = DIRECTION('',(1.,0.));
#3569 = ( GEOMETRIC_REPRESENTATION_CONTEXT(2) 
PARAMETRIC_REPRESENTATION_CONTEXT() REPRESENTATION_CONTEXT('2D SPACE',''
  ) );
#3570 = ORIENTED_EDGE('',*,*,#3571,.F.);
#3571 = EDGE_CURVE('',#3572,#3544,#3574,.T.);
#3572 = VERTEX_POINT('',#3573);
#3573 = CARTESIAN_POINT('',(40.,-7.,12.));
#3574 = SURFACE_CURVE('',#3575,(#3579,#3586),.PCURVE_S1.);
#3575 = LINE('',#3576,#3577);
#3576 = CARTESIAN_POINT('',(40.,-7.,12.));
#3577 = VECTOR('',#3578,1.);
#3578 = DIRECTION('',(0.,0.,1.));
#3579 = PCURVE('',#3126,#3580);
#3580 = DEFINITIONAL_REPRESENTATION('',(#3581),#3585);
#3581 = LINE('',#3582,#3583);
#3582 = CARTESIAN_POINT('',(12.,10.5));
#3583 = VECTOR('',#3584,1.);
#3584 = DIRECTION('',(1.,0.));
#3585 = ( GEOMETRIC_REPRESENTATION_CONTEXT(2) 
PARAMETRIC_REPRESENTATION_CONTEXT() REPRESENTATION_CONTEXT('2D SPACE',''
  ) );
#3586 = PCURVE('',#3587,#3592);
#3587 = PLANE('',#3588);
#3588 = AXIS2_PLACEMENT_3D('',#3589,#3590,#3591);
#3589 = CARTESIAN_POINT('',(40.,-7.,12.));
#3590 = DIRECTION('',(1.,0.,0.));
#3591 = DIRECTION('',(0.,0.,1.));
#3592 = DEFINITIONAL_REPRESENTATION('',(#3593),#3597);
#3593 = LINE('',#3594,#3595);
#3594 = CARTESIAN_POINT('',(0.,0.));
#3595 = VECTOR('',#3596,1.);
#3596 = DIRECTION('',(1.,0.));
#3597 = ( GEOMETRIC_REPRESENTATION_CONTEXT(2) 
PARAMETRIC_REPRESENTATION_CONTEXT() REPRESENTATION_CONTEXT('2D SPACE',''
  ) );
#3598 = ORIENTED_EDGE('',*,*,#3599,.F.);
#3599 = EDGE_CURVE('',#3600,#3572,#3602,.T.);
#3600 = VERTEX_POINT('',#3601);
#3601 = CARTESIAN_POINT('',(34.,-7.,12.));
#3602 = SURFACE_CURVE('',#3603,(#3607,#3614),.PCURVE_S1.);
#3603 = LINE('',#3604,#3605);
#3604 = CARTESIAN_POINT('',(34.,-7.,12.));
#3605 = VECTOR('',#3606,1.);
#3606 = DIRECTION('',(1.,0.,0.));
#3607 = PCURVE('',#3126,#3608);
#3608 = DEFINITIONAL_REPRESENTATION('',(#3609),#3613);
#3609 = LINE('',#3610,#3611);
#3610 = CARTESIAN_POINT('',(12.,4.5));
#3611 = VECTOR('',#3612,1.);
#3612 = DIRECTION('',(0.,1.));
#3613 = ( GEOMETRIC_REPRESENTATION_CONTEXT(2) 
PARAMETRIC_REPRESENTATION_CONTEXT() REPRESENTATION_CONTEXT('2D SPACE',''
  ) );
#3614 = PCURVE('',#3615,#3620);
#3615 = PLANE('',#3616);
#3616 = AXIS2_PLACEMENT_3D('',#3617,#3618,#3619);
#3617 = CARTESIAN_POINT('',(34.,-7.,12.));
#3618 = DIRECTION('',(0.,0.,1.));
#3619 = DIRECTION('',(1.,0.,0.));
#3620 = DEFINITIONAL_REPRESENTATION('',(#3621),#3625);
#3621 = LINE('',#3622,#3623);
#3622 = CARTESIAN_POINT('',(0.,0.));
#3623 = VECTOR('',#3624,1.);
#3624 = DIRECTION('',(1.,0.));
#3625 = ( GEOMETRIC_REPRESENTATION_CONTEXT(2) 
PARAMETRIC_REPRESENTATION_CONTEXT() REPRESENTATION_CONTEXT('2D SPACE',''
  ) );
#3626 = ORIENTED_EDGE('',*,*,#3627,.T.);
#3627 = EDGE_CURVE('',#3600,#3628,#3630,.T.);
#3628 = VERTEX_POINT('',#3629);
#3629 = CARTESIAN_POINT('',(34.,-7.,14.));
#3630 = SURFACE_CURVE('',#3631,(#3635,#3642),.PCURVE_S1.);
#3631 = LINE('',#3632,#3633);
#3632 = CARTESIAN_POINT('',(34.,-7.,12.));
#3633 = VECTOR('',#3634,1.);
#3634 = DIRECTION('',(0.,0.,1.));
#3635 = PCURVE('',#3126,#3636);
#3636 = DEFINITIONAL_REPRESENTATION('',(#3637),#3641);
#3637 = LINE('',#3638,#3639);
#3638 = CARTESIAN_POINT('',(12.,4.5));
#3639 = VECTOR('',#3640,1.);
#3640 = DIRECTION('',(1.,0.));
#3641 = ( GEOMETRIC_REPRESENTATION_CONTEXT(2) 
PARAMETRIC_REPRESENTATION_CONTEXT() REPRESENTATION_CONTEXT('2D SPACE',''
  ) );
#3642 = PCURVE('',#3643,#3648);
#3643 = PLANE('',#3644);
#3644 = AXIS2_PLACEMENT_3D('',#3645,#3646,#3647);
#3645 = CARTESIAN_POINT('',(34.,-7.,12.));
#3646 = DIRECTION('',(1.,0.,0.));
#3647 = DIRECTION('',(0.,0.,1.));
#3648 = DEFINITIONAL_REPRESENTATION('',(#3649),#3653);
#3649 = LINE('',#3650,#3651);
#3650 = CARTESIAN_POINT('',(0.,0.));
#3651 = VECTOR('',#3652,1.);
#3652 = DIRECTION('',(1.,0.));
#3653 = ( GEOMETRIC_REPRESENTATION_CONTEXT(2) 
PARAMETRIC_REPRESENTATION_CONTEXT() REPRESENTATION_CONTEXT('2D SPACE',''
  ) );
#3654 = ORIENTED_EDGE('',*,*,#3655,.F.);
#3655 = EDGE_CURVE('',#3441,#3628,#3656,.T.);
#3656 = SURFACE_CURVE('',#3657,(#3661,#3668),.PCURVE_S1.);
#3657 = LINE('',#3658,#3659);
#3658 = CARTESIAN_POINT('',(29.5,-7.,14.));
#3659 = VECTOR('',#3660,1.);
#3660 = DIRECTION('',(1.,0.,0.));
#3661 = PCURVE('',#3126,#3662);
#3662 = DEFINITIONAL_REPRESENTATION('',(#3663),#3667);
#3663 = LINE('',#3664,#3665);
#3664 = CARTESIAN_POINT('',(14.,0.));
#3665 = VECTOR('',#3666,1.);
#3666 = DIRECTION('',(0.,1.));
#3667 = ( GEOMETRIC_REPRESENTATION_CONTEXT(2) 
PARAMETRIC_REPRESENTATION_CONTEXT() REPRESENTATION_CONTEXT('2D SPACE',''
  ) );
#3668 = PCURVE('',#3669,#3674);
#3669 = PLANE('',#3670);
#3670 = AXIS2_PLACEMENT_3D('',#3671,#3672,#3673);
#3671 = CARTESIAN_POINT('',(29.5,-7.,14.));
#3672 = DIRECTION('',(0.,0.,1.));
#3673 = DIRECTION('',(1.,0.,0.));
#3674 = DEFINITIONAL_REPRESENTATION('',(#3675),#3679);
#3675 = LINE('',#3676,#3677);
#3676 = CARTESIAN_POINT('',(0.,0.));
#3677 = VECTOR('',#3678,1.);
#3678 = DIRECTION('',(1.,0.));
#3679 = ( GEOMETRIC_REPRESENTATION_CONTEXT(2) 
PARAMETRIC_REPRESENTATION_CONTEXT() REPRESENTATION_CONTEXT('2D SPACE',''
  ) );
#3680 = ADVANCED_FACE('',(#3681),#3202,.T.);
#3681 = FACE_BOUND('',#3682,.T.);
#3682 = EDGE_LOOP('',(#3683,#3684,#3685,#3708));
#3683 = ORIENTED_EDGE('',*,*,#3440,.F.);
#3684 = ORIENTED_EDGE('',*,*,#3189,.T.);
#3685 = ORIENTED_EDGE('',*,*,#3686,.T.);
#3686 = EDGE_CURVE('',#3164,#3687,#3689,.T.);
#3687 = VERTEX_POINT('',#3688);
#3688 = CARTESIAN_POINT('',(32.5,7.,14.));
#3689 = SURFACE_CURVE('',#3690,(#3694,#3701),.PCURVE_S1.);
#3690 = LINE('',#3691,#3692);
#3691 = CARTESIAN_POINT('',(32.5,7.,0.));
#3692 = VECTOR('',#3693,1.);
#3693 = DIRECTION('',(0.,0.,1.));
#3694 = PCURVE('',#3202,#3695);
#3695 = DEFINITIONAL_REPRESENTATION('',(#3696),#3700);
#3696 = LINE('',#3697,#3698);
#3697 = CARTESIAN_POINT('',(0.,-14.));
#3698 = VECTOR('',#3699,1.);
#3699 = DIRECTION('',(1.,0.));
#3700 = ( GEOMETRIC_REPRESENTATION_CONTEXT(2) 
PARAMETRIC_REPRESENTATION_CONTEXT() REPRESENTATION_CONTEXT('2D SPACE',''
  ) );
#3701 = PCURVE('',#3178,#3702);
#3702 = DEFINITIONAL_REPRESENTATION('',(#3703),#3707);
#3703 = LINE('',#3704,#3705);
#3704 = CARTESIAN_POINT('',(0.,3.));
#3705 = VECTOR('',#3706,1.);
#3706 = DIRECTION('',(1.,0.));
#3707 = ( GEOMETRIC_REPRESENTATION_CONTEXT(2) 
PARAMETRIC_REPRESENTATION_CONTEXT() REPRESENTATION_CONTEXT('2D SPACE',''
  ) );
#3708 = ORIENTED_EDGE('',*,*,#3709,.F.);
#3709 = EDGE_CURVE('',#3441,#3687,#3710,.T.);
#3710 = SURFACE_CURVE('',#3711,(#3715,#3722),.PCURVE_S1.);
#3711 = LINE('',#3712,#3713);
#3712 = CARTESIAN_POINT('',(32.5,-7.,14.));
#3713 = VECTOR('',#3714,1.);
#3714 = DIRECTION('',(0.,1.,0.));
#3715 = PCURVE('',#3202,#3716);
#3716 = DEFINITIONAL_REPRESENTATION('',(#3717),#3721);
#3717 = LINE('',#3718,#3719);
#3718 = CARTESIAN_POINT('',(14.,0.));
#3719 = VECTOR('',#3720,1.);
#3720 = DIRECTION('',(0.,-1.));
#3721 = ( GEOMETRIC_REPRESENTATION_CONTEXT(2) 
PARAMETRIC_REPRESENTATION_CONTEXT() REPRESENTATION_CONTEXT('2D SPACE',''
  ) );
#3722 = PCURVE('',#3669,#3723);
#3723 = DEFINITIONAL_REPRESENTATION('',(#3724),#3728);
#3724 = LINE('',#3725,#3726);
#3725 = CARTESIAN_POINT('',(3.,0.));
#3726 = VECTOR('',#3727,1.);
#3727 = DIRECTION('',(0.,1.));
#3728 = ( GEOMETRIC_REPRESENTATION_CONTEXT(2) 
PARAMETRIC_REPRESENTATION_CONTEXT() REPRESENTATION_CONTEXT('2D SPACE',''
  ) );
#3729 = ADVANCED_FACE('',(#3730),#3178,.T.);
#3730 = FACE_BOUND('',#3731,.T.);
#3731 = EDGE_LOOP('',(#3732,#3733,#3734,#3757,#3780,#3803,#3826,#3849,
    #3872,#3895));
#3732 = ORIENTED_EDGE('',*,*,#3686,.F.);
#3733 = ORIENTED_EDGE('',*,*,#3163,.T.);
#3734 = ORIENTED_EDGE('',*,*,#3735,.F.);
#3735 = EDGE_CURVE('',#3736,#3138,#3738,.T.);
#3736 = VERTEX_POINT('',#3737);
#3737 = CARTESIAN_POINT('',(29.5,7.,17.));
#3738 = SURFACE_CURVE('',#3739,(#3743,#3750),.PCURVE_S1.);
#3739 = LINE('',#3740,#3741);
#3740 = CARTESIAN_POINT('',(29.5,7.,17.));
#3741 = VECTOR('',#3742,1.);
#3742 = DIRECTION('',(0.,0.,-1.));
#3743 = PCURVE('',#3178,#3744);
#3744 = DEFINITIONAL_REPRESENTATION('',(#3745),#3749);
#3745 = LINE('',#3746,#3747);
#3746 = CARTESIAN_POINT('',(17.,0.));
#3747 = VECTOR('',#3748,1.);
#3748 = DIRECTION('',(-1.,0.));
#3749 = ( GEOMETRIC_REPRESENTATION_CONTEXT(2) 
PARAMETRIC_REPRESENTATION_CONTEXT() REPRESENTATION_CONTEXT('2D SPACE',''
  ) );
#3750 = PCURVE('',#3152,#3751);
#3751 = DEFINITIONAL_REPRESENTATION('',(#3752),#3756);
#3752 = LINE('',#3753,#3754);
#3753 = CARTESIAN_POINT('',(17.,-14.));
#3754 = VECTOR('',#3755,1.);
#3755 = DIRECTION('',(-1.,0.));
#3756 = ( GEOMETRIC_REPRESENTATION_CONTEXT(2) 
PARAMETRIC_REPRESENTATION_CONTEXT() REPRESENTATION_CONTEXT('2D SPACE',''
  ) );
#3757 = ORIENTED_EDGE('',*,*,#3758,.T.);
#3758 = EDGE_CURVE('',#3736,#3759,#3761,.T.);
#3759 = VERTEX_POINT('',#3760);
#3760 = CARTESIAN_POINT('',(34.,7.,17.));
#3761 = SURFACE_CURVE('',#3762,(#3766,#3773),.PCURVE_S1.);
#3762 = LINE('',#3763,#3764);
#3763 = CARTESIAN_POINT('',(29.5,7.,17.));
#3764 = VECTOR('',#3765,1.);
#3765 = DIRECTION('',(1.,0.,0.));
#3766 = PCURVE('',#3178,#3767);
#3767 = DEFINITIONAL_REPRESENTATION('',(#3768),#3772);
#3768 = LINE('',#3769,#3770);
#3769 = CARTESIAN_POINT('',(17.,0.));
#3770 = VECTOR('',#3771,1.);
#3771 = DIRECTION('',(0.,1.));
#3772 = ( GEOMETRIC_REPRESENTATION_CONTEXT(2) 
PARAMETRIC_REPRESENTATION_CONTEXT() REPRESENTATION_CONTEXT('2D SPACE',''
  ) );
#3773 = PCURVE('',#3503,#3774);
#3774 = DEFINITIONAL_REPRESENTATION('',(#3775),#3779);
#3775 = LINE('',#3776,#3777);
#3776 = CARTESIAN_POINT('',(0.,14.));
#3777 = VECTOR('',#3778,1.);
#3778 = DIRECTION('',(1.,0.));
#3779 = ( GEOMETRIC_REPRESENTATION_CONTEXT(2) 
PARAMETRIC_REPRESENTATION_CONTEXT() REPRESENTATION_CONTEXT('2D SPACE',''
  ) );
#3780 = ORIENTED_EDGE('',*,*,#3781,.F.);
#3781 = EDGE_CURVE('',#3782,#3759,#3784,.T.);
#3782 = VERTEX_POINT('',#3783);
#3783 = CARTESIAN_POINT('',(34.,7.,14.5));
#3784 = SURFACE_CURVE('',#3785,(#3789,#3796),.PCURVE_S1.);
#3785 = LINE('',#3786,#3787);
#3786 = CARTESIAN_POINT('',(34.,7.,14.));
#3787 = VECTOR('',#3788,1.);
#3788 = DIRECTION('',(0.,0.,1.));
#3789 = PCURVE('',#3178,#3790);
#3790 = DEFINITIONAL_REPRESENTATION('',(#3791),#3795);
#3791 = LINE('',#3792,#3793);
#3792 = CARTESIAN_POINT('',(14.,4.5));
#3793 = VECTOR('',#3794,1.);
#3794 = DIRECTION('',(1.,0.));
#3795 = ( GEOMETRIC_REPRESENTATION_CONTEXT(2) 
PARAMETRIC_REPRESENTATION_CONTEXT() REPRESENTATION_CONTEXT('2D SPACE',''
  ) );
#3796 = PCURVE('',#3531,#3797);
#3797 = DEFINITIONAL_REPRESENTATION('',(#3798),#3802);
#3798 = LINE('',#3799,#3800);
#3799 = CARTESIAN_POINT('',(0.,-14.));
#3800 = VECTOR('',#3801,1.);
#3801 = DIRECTION('',(1.,0.));
#3802 = ( GEOMETRIC_REPRESENTATION_CONTEXT(2) 
PARAMETRIC_REPRESENTATION_CONTEXT() REPRESENTATION_CONTEXT('2D SPACE',''
  ) );
#3803 = ORIENTED_EDGE('',*,*,#3804,.T.);
#3804 = EDGE_CURVE('',#3782,#3805,#3807,.T.);
#3805 = VERTEX_POINT('',#3806);
#3806 = CARTESIAN_POINT('',(40.,7.,14.5));
#3807 = SURFACE_CURVE('',#3808,(#3812,#3819),.PCURVE_S1.);
#3808 = LINE('',#3809,#3810);
#3809 = CARTESIAN_POINT('',(34.,7.,14.5));
#3810 = VECTOR('',#3811,1.);
#3811 = DIRECTION('',(1.,0.,0.));
#3812 = PCURVE('',#3178,#3813);
#3813 = DEFINITIONAL_REPRESENTATION('',(#3814),#3818);
#3814 = LINE('',#3815,#3816);
#3815 = CARTESIAN_POINT('',(14.5,4.5));
#3816 = VECTOR('',#3817,1.);
#3817 = DIRECTION('',(0.,1.));
#3818 = ( GEOMETRIC_REPRESENTATION_CONTEXT(2) 
PARAMETRIC_REPRESENTATION_CONTEXT() REPRESENTATION_CONTEXT('2D SPACE',''
  ) );
#3819 = PCURVE('',#3559,#3820);
#3820 = DEFINITIONAL_REPRESENTATION('',(#3821),#3825);
#3821 = LINE('',#3822,#3823);
#3822 = CARTESIAN_POINT('',(0.,14.));
#3823 = VECTOR('',#3824,1.);
#3824 = DIRECTION('',(1.,0.));
#3825 = ( GEOMETRIC_REPRESENTATION_CONTEXT(2) 
PARAMETRIC_REPRESENTATION_CONTEXT() REPRESENTATION_CONTEXT('2D SPACE',''
  ) );
#3826 = ORIENTED_EDGE('',*,*,#3827,.F.);
#3827 = EDGE_CURVE('',#3828,#3805,#3830,.T.);
#3828 = VERTEX_POINT('',#3829);
#3829 = CARTESIAN_POINT('',(40.,7.,12.));
#3830 = SURFACE_CURVE('',#3831,(#3835,#3842),.PCURVE_S1.);
#3831 = LINE('',#3832,#3833);
#3832 = CARTESIAN_POINT('',(40.,7.,12.));
#3833 = VECTOR('',#3834,1.);
#3834 = DIRECTION('',(0.,0.,1.));
#3835 = PCURVE('',#3178,#3836);
#3836 = DEFINITIONAL_REPRESENTATION('',(#3837),#3841);
#3837 = LINE('',#3838,#3839);
#3838 = CARTESIAN_POINT('',(12.,10.5));
#3839 = VECTOR('',#3840,1.);
#3840 = DIRECTION('',(1.,0.));
#3841 = ( GEOMETRIC_REPRESENTATION_CONTEXT(2) 
PARAMETRIC_REPRESENTATION_CONTEXT() REPRESENTATION_CONTEXT('2D SPACE',''
  ) );
#3842 = PCURVE('',#3587,#3843);
#3843 = DEFINITIONAL_REPRESENTATION('',(#3844),#3848);
#3844 = LINE('',#3845,#3846);
#3845 = CARTESIAN_POINT('',(0.,-14.));
#3846 = VECTOR('',#3847,1.);
#3847 = DIRECTION('',(1.,0.));
#3848 = ( GEOMETRIC_REPRESENTATION_CONTEXT(2) 
PARAMETRIC_REPRESENTATION_CONTEXT() REPRESENTATION_CONTEXT('2D SPACE',''
  ) );
#3849 = ORIENTED_EDGE('',*,*,#3850,.F.);
#3850 = EDGE_CURVE('',#3851,#3828,#3853,.T.);
#3851 = VERTEX_POINT('',#3852);
#3852 = CARTESIAN_POINT('',(34.,7.,12.));
#3853 = SURFACE_CURVE('',#3854,(#3858,#3865),.PCURVE_S1.);
#3854 = LINE('',#3855,#3856);
#3855 = CARTESIAN_POINT('',(34.,7.,12.));
#3856 = VECTOR('',#3857,1.);
#3857 = DIRECTION('',(1.,0.,0.));
#3858 = PCURVE('',#3178,#3859);
#3859 = DEFINITIONAL_REPRESENTATION('',(#3860),#3864);
#3860 = LINE('',#3861,#3862);
#3861 = CARTESIAN_POINT('',(12.,4.5));
#3862 = VECTOR('',#3863,1.);
#3863 = DIRECTION('',(0.,1.));
#3864 = ( GEOMETRIC_REPRESENTATION_CONTEXT(2) 
PARAMETRIC_REPRESENTATION_CONTEXT() REPRESENTATION_CONTEXT('2D SPACE',''
  ) );
#3865 = PCURVE('',#3615,#3866);
#3866 = DEFINITIONAL_REPRESENTATION('',(#3867),#3871);
#3867 = LINE('',#3868,#3869);
#3868 = CARTESIAN_POINT('',(0.,14.));
#3869 = VECTOR('',#3870,1.);
#3870 = DIRECTION('',(1.,0.));
#3871 = ( GEOMETRIC_REPRESENTATION_CONTEXT(2) 
PARAMETRIC_REPRESENTATION_CONTEXT() REPRESENTATION_CONTEXT('2D SPACE',''
  ) );
#3872 = ORIENTED_EDGE('',*,*,#3873,.T.);
#3873 = EDGE_CURVE('',#3851,#3874,#3876,.T.);
#3874 = VERTEX_POINT('',#3875);
#3875 = CARTESIAN_POINT('',(34.,7.,14.));
#3876 = SURFACE_CURVE('',#3877,(#3881,#3888),.PCURVE_S1.);
#3877 = LINE('',#3878,#3879);
#3878 = CARTESIAN_POINT('',(34.,7.,12.));
#3879 = VECTOR('',#3880,1.);
#3880 = DIRECTION('',(0.,0.,1.));
#3881 = PCURVE('',#3178,#3882);
#3882 = DEFINITIONAL_REPRESENTATION('',(#3883),#3887);
#3883 = LINE('',#3884,#3885);
#3884 = CARTESIAN_POINT('',(12.,4.5));
#3885 = VECTOR('',#3886,1.);
#3886 = DIRECTION('',(1.,0.));
#3887 = ( GEOMETRIC_REPRESENTATION_CONTEXT(2) 
PARAMETRIC_REPRESENTATION_CONTEXT() REPRESENTATION_CONTEXT('2D SPACE',''
  ) );
#3888 = PCURVE('',#3643,#3889);
#3889 = DEFINITIONAL_REPRESENTATION('',(#3890),#3894);
#3890 = LINE('',#3891,#3892);
#3891 = CARTESIAN_POINT('',(0.,-14.));
#3892 = VECTOR('',#3893,1.);
#3893 = DIRECTION('',(1.,0.));
#3894 = ( GEOMETRIC_REPRESENTATION_CONTEXT(2) 
PARAMETRIC_REPRESENTATION_CONTEXT() REPRESENTATION_CONTEXT('2D SPACE',''
  ) );
#3895 = ORIENTED_EDGE('',*,*,#3896,.F.);
#3896 = EDGE_CURVE('',#3687,#3874,#3897,.T.);
#3897 = SURFACE_CURVE('',#3898,(#3902,#3909),.PCURVE_S1.);
#3898 = LINE('',#3899,#3900);
#3899 = CARTESIAN_POINT('',(29.5,7.,14.));
#3900 = VECTOR('',#3901,1.);
#3901 = DIRECTION('',(1.,0.,0.));
#3902 = PCURVE('',#3178,#3903);
#3903 = DEFINITIONAL_REPRESENTATION('',(#3904),#3908);
#3904 = LINE('',#3905,#3906);
#3905 = CARTESIAN_POINT('',(14.,0.));
#3906 = VECTOR('',#3907,1.);
#3907 = DIRECTION('',(0.,1.));
#3908 = ( GEOMETRIC_REPRESENTATION_CONTEXT(2) 
PARAMETRIC_REPRESENTATION_CONTEXT() REPRESENTATION_CONTEXT('2D SPACE',''
  ) );
#3909 = PCURVE('',#3669,#3910);
#3910 = DEFINITIONAL_REPRESENTATION('',(#3911),#3915);
#3911 = LINE('',#3912,#3913);
#3912 = CARTESIAN_POINT('',(0.,14.));
#3913 = VECTOR('',#3914,1.);
#3914 = DIRECTION('',(1.,0.));
#3915 = ( GEOMETRIC_REPRESENTATION_CONTEXT(2) 
PARAMETRIC_REPRESENTATION_CONTEXT() REPRESENTATION_CONTEXT('2D SPACE',''
  ) );
#3916 = ADVANCED_FACE('',(#3917),#3152,.F.);
#3917 = FACE_BOUND('',#3918,.F.);
#3918 = EDGE_LOOP('',(#3919,#3920,#3921,#3922));
#3919 = ORIENTED_EDGE('',*,*,#3464,.F.);
#3920 = ORIENTED_EDGE('',*,*,#3137,.T.);
#3921 = ORIENTED_EDGE('',*,*,#3735,.F.);
#3922 = ORIENTED_EDGE('',*,*,#3923,.F.);
#3923 = EDGE_CURVE('',#3465,#3736,#3924,.T.);
#3924 = SURFACE_CURVE('',#3925,(#3929,#3936),.PCURVE_S1.);
#3925 = LINE('',#3926,#3927);
#3926 = CARTESIAN_POINT('',(29.5,-7.,17.));
#3927 = VECTOR('',#3928,1.);
#3928 = DIRECTION('',(0.,1.,0.));
#3929 = PCURVE('',#3152,#3930);
#3930 = DEFINITIONAL_REPRESENTATION('',(#3931),#3935);
#3931 = LINE('',#3932,#3933);
#3932 = CARTESIAN_POINT('',(17.,0.));
#3933 = VECTOR('',#3934,1.);
#3934 = DIRECTION('',(0.,-1.));
#3935 = ( GEOMETRIC_REPRESENTATION_CONTEXT(2) 
PARAMETRIC_REPRESENTATION_CONTEXT() REPRESENTATION_CONTEXT('2D SPACE',''
  ) );
#3936 = PCURVE('',#3503,#3937);
#3937 = DEFINITIONAL_REPRESENTATION('',(#3938),#3942);
#3938 = LINE('',#3939,#3940);
#3939 = CARTESIAN_POINT('',(0.,0.));
#3940 = VECTOR('',#3941,1.);
#3941 = DIRECTION('',(0.,1.));
#3942 = ( GEOMETRIC_REPRESENTATION_CONTEXT(2) 
PARAMETRIC_REPRESENTATION_CONTEXT() REPRESENTATION_CONTEXT('2D SPACE',''
  ) );
#3943 = ADVANCED_FACE('',(#3944),#3669,.F.);
#3944 = FACE_BOUND('',#3945,.F.);
#3945 = EDGE_LOOP('',(#3946,#3947,#3948,#3969));
#3946 = ORIENTED_EDGE('',*,*,#3709,.F.);
#3947 = ORIENTED_EDGE('',*,*,#3655,.T.);
#3948 = ORIENTED_EDGE('',*,*,#3949,.T.);
#3949 = EDGE_CURVE('',#3628,#3874,#3950,.T.);
#3950 = SURFACE_CURVE('',#3951,(#3955,#3962),.PCURVE_S1.);
#3951 = LINE('',#3952,#3953);
#3952 = CARTESIAN_POINT('',(34.,-7.,14.));
#3953 = VECTOR('',#3954,1.);
#3954 = DIRECTION('',(0.,1.,0.));
#3955 = PCURVE('',#3669,#3956);
#3956 = DEFINITIONAL_REPRESENTATION('',(#3957),#3961);
#3957 = LINE('',#3958,#3959);
#3958 = CARTESIAN_POINT('',(4.5,0.));
#3959 = VECTOR('',#3960,1.);
#3960 = DIRECTION('',(0.,1.));
#3961 = ( GEOMETRIC_REPRESENTATION_CONTEXT(2) 
PARAMETRIC_REPRESENTATION_CONTEXT() REPRESENTATION_CONTEXT('2D SPACE',''
  ) );
#3962 = PCURVE('',#3643,#3963);
#3963 = DEFINITIONAL_REPRESENTATION('',(#3964),#3968);
#3964 = LINE('',#3965,#3966);
#3965 = CARTESIAN_POINT('',(2.,0.));
#3966 = VECTOR('',#3967,1.);
#3967 = DIRECTION('',(0.,-1.));
#3968 = ( GEOMETRIC_REPRESENTATION_CONTEXT(2) 
PARAMETRIC_REPRESENTATION_CONTEXT() REPRESENTATION_CONTEXT('2D SPACE',''
  ) );
#3969 = ORIENTED_EDGE('',*,*,#3896,.F.);
#3970 = ADVANCED_FACE('',(#3971),#3643,.F.);
#3971 = FACE_BOUND('',#3972,.F.);
#3972 = EDGE_LOOP('',(#3973,#3974,#3995,#3996));
#3973 = ORIENTED_EDGE('',*,*,#3627,.F.);
#3974 = ORIENTED_EDGE('',*,*,#3975,.T.);
#3975 = EDGE_CURVE('',#3600,#3851,#3976,.T.);
#3976 = SURFACE_CURVE('',#3977,(#3981,#3988),.PCURVE_S1.);
#3977 = LINE('',#3978,#3979);
#3978 = CARTESIAN_POINT('',(34.,-7.,12.));
#3979 = VECTOR('',#3980,1.);
#3980 = DIRECTION('',(0.,1.,0.));
#3981 = PCURVE('',#3643,#3982);
#3982 = DEFINITIONAL_REPRESENTATION('',(#3983),#3987);
#3983 = LINE('',#3984,#3985);
#3984 = CARTESIAN_POINT('',(0.,0.));
#3985 = VECTOR('',#3986,1.);
#3986 = DIRECTION('',(0.,-1.));
#3987 = ( GEOMETRIC_REPRESENTATION_CONTEXT(2) 
PARAMETRIC_REPRESENTATION_CONTEXT() REPRESENTATION_CONTEXT('2D SPACE',''
  ) );
#3988 = PCURVE('',#3615,#3989);
#3989 = DEFINITIONAL_REPRESENTATION('',(#3990),#3994);
#3990 = LINE('',#3991,#3992);
#3991 = CARTESIAN_POINT('',(0.,0.));
#3992 = VECTOR('',#3993,1.);
#3993 = DIRECTION('',(0.,1.));
#3994 = ( GEOMETRIC_REPRESENTATION_CONTEXT(2) 
PARAMETRIC_REPRESENTATION_CONTEXT() REPRESENTATION_CONTEXT('2D SPACE',''
  ) );
#3995 = ORIENTED_EDGE('',*,*,#3873,.T.);
#3996 = ORIENTED_EDGE('',*,*,#3949,.F.);
#3997 = ADVANCED_FACE('',(#3998),#3615,.F.);
#3998 = FACE_BOUND('',#3999,.F.);
#3999 = EDGE_LOOP('',(#4000,#4001,#4002,#4023));
#4000 = ORIENTED_EDGE('',*,*,#3975,.F.);
#4001 = ORIENTED_EDGE('',*,*,#3599,.T.);
#4002 = ORIENTED_EDGE('',*,*,#4003,.T.);
#4003 = EDGE_CURVE('',#3572,#3828,#4004,.T.);
#4004 = SURFACE_CURVE('',#4005,(#4009,#4016),.PCURVE_S1.);
#4005 = LINE('',#4006,#4007);
#4006 = CARTESIAN_POINT('',(40.,-7.,12.));
#4007 = VECTOR('',#4008,1.);
#4008 = DIRECTION('',(0.,1.,0.));
#4009 = PCURVE('',#3615,#4010);
#4010 = DEFINITIONAL_REPRESENTATION('',(#4011),#4015);
#4011 = LINE('',#4012,#4013);
#4012 = CARTESIAN_POINT('',(6.,0.));
#4013 = VECTOR('',#4014,1.);
#4014 = DIRECTION('',(0.,1.));
#4015 = ( GEOMETRIC_REPRESENTATION_CONTEXT(2) 
PARAMETRIC_REPRESENTATION_CONTEXT() REPRESENTATION_CONTEXT('2D SPACE',''
  ) );
#4016 = PCURVE('',#3587,#4017);
#4017 = DEFINITIONAL_REPRESENTATION('',(#4018),#4022);
#4018 = LINE('',#4019,#4020);
#4019 = CARTESIAN_POINT('',(0.,0.));
#4020 = VECTOR('',#4021,1.);
#4021 = DIRECTION('',(0.,-1.));
#4022 = ( GEOMETRIC_REPRESENTATION_CONTEXT(2) 
PARAMETRIC_REPRESENTATION_CONTEXT() REPRESENTATION_CONTEXT('2D SPACE',''
  ) );
#4023 = ORIENTED_EDGE('',*,*,#3850,.F.);
#4024 = ADVANCED_FACE('',(#4025),#3587,.T.);
#4025 = FACE_BOUND('',#4026,.T.);
#4026 = EDGE_LOOP('',(#4027,#4028,#4029,#4030));
#4027 = ORIENTED_EDGE('',*,*,#3571,.F.);
#4028 = ORIENTED_EDGE('',*,*,#4003,.T.);
#4029 = ORIENTED_EDGE('',*,*,#3827,.T.);
#4030 = ORIENTED_EDGE('',*,*,#4031,.F.);
#4031 = EDGE_CURVE('',#3544,#3805,#4032,.T.);
#4032 = SURFACE_CURVE('',#4033,(#4037,#4044),.PCURVE_S1.);
#4033 = LINE('',#4034,#4035);
#4034 = CARTESIAN_POINT('',(40.,-7.,14.5));
#4035 = VECTOR('',#4036,1.);
#4036 = DIRECTION('',(0.,1.,0.));
#4037 = PCURVE('',#3587,#4038);
#4038 = DEFINITIONAL_REPRESENTATION('',(#4039),#4043);
#4039 = LINE('',#4040,#4041);
#4040 = CARTESIAN_POINT('',(2.5,0.));
#4041 = VECTOR('',#4042,1.);
#4042 = DIRECTION('',(0.,-1.));
#4043 = ( GEOMETRIC_REPRESENTATION_CONTEXT(2) 
PARAMETRIC_REPRESENTATION_CONTEXT() REPRESENTATION_CONTEXT('2D SPACE',''
  ) );
#4044 = PCURVE('',#3559,#4045);
#4045 = DEFINITIONAL_REPRESENTATION('',(#4046),#4050);
#4046 = LINE('',#4047,#4048);
#4047 = CARTESIAN_POINT('',(6.,0.));
#4048 = VECTOR('',#4049,1.);
#4049 = DIRECTION('',(0.,1.));
#4050 = ( GEOMETRIC_REPRESENTATION_CONTEXT(2) 
PARAMETRIC_REPRESENTATION_CONTEXT() REPRESENTATION_CONTEXT('2D SPACE',''
  ) );
#4051 = ADVANCED_FACE('',(#4052),#3559,.T.);
#4052 = FACE_BOUND('',#4053,.T.);
#4053 = EDGE_LOOP('',(#4054,#4075,#4076,#4077));
#4054 = ORIENTED_EDGE('',*,*,#4055,.F.);
#4055 = EDGE_CURVE('',#3516,#3782,#4056,.T.);
#4056 = SURFACE_CURVE('',#4057,(#4061,#4068),.PCURVE_S1.);
#4057 = LINE('',#4058,#4059);
#4058 = CARTESIAN_POINT('',(34.,-7.,14.5));
#4059 = VECTOR('',#4060,1.);
#4060 = DIRECTION('',(0.,1.,0.));
#4061 = PCURVE('',#3559,#4062);
#4062 = DEFINITIONAL_REPRESENTATION('',(#4063),#4067);
#4063 = LINE('',#4064,#4065);
#4064 = CARTESIAN_POINT('',(0.,0.));
#4065 = VECTOR('',#4066,1.);
#4066 = DIRECTION('',(0.,1.));
#4067 = ( GEOMETRIC_REPRESENTATION_CONTEXT(2) 
PARAMETRIC_REPRESENTATION_CONTEXT() REPRESENTATION_CONTEXT('2D SPACE',''
  ) );
#4068 = PCURVE('',#3531,#4069);
#4069 = DEFINITIONAL_REPRESENTATION('',(#4070),#4074);
#4070 = LINE('',#4071,#4072);
#4071 = CARTESIAN_POINT('',(0.5,0.));
#4072 = VECTOR('',#4073,1.);
#4073 = DIRECTION('',(0.,-1.));
#4074 = ( GEOMETRIC_REPRESENTATION_CONTEXT(2) 
PARAMETRIC_REPRESENTATION_CONTEXT() REPRESENTATION_CONTEXT('2D SPACE',''
  ) );
#4075 = ORIENTED_EDGE('',*,*,#3543,.T.);
#4076 = ORIENTED_EDGE('',*,*,#4031,.T.);
#4077 = ORIENTED_EDGE('',*,*,#3804,.F.);
#4078 = ADVANCED_FACE('',(#4079),#3531,.T.);
#4079 = FACE_BOUND('',#4080,.T.);
#4080 = EDGE_LOOP('',(#4081,#4082,#4083,#4084));
#4081 = ORIENTED_EDGE('',*,*,#3515,.F.);
#4082 = ORIENTED_EDGE('',*,*,#4055,.T.);
#4083 = ORIENTED_EDGE('',*,*,#3781,.T.);
#4084 = ORIENTED_EDGE('',*,*,#4085,.F.);
#4085 = EDGE_CURVE('',#3488,#3759,#4086,.T.);
#4086 = SURFACE_CURVE('',#4087,(#4091,#4098),.PCURVE_S1.);
#4087 = LINE('',#4088,#4089);
#4088 = CARTESIAN_POINT('',(34.,-7.,17.));
#4089 = VECTOR('',#4090,1.);
#4090 = DIRECTION('',(0.,1.,0.));
#4091 = PCURVE('',#3531,#4092);
#4092 = DEFINITIONAL_REPRESENTATION('',(#4093),#4097);
#4093 = LINE('',#4094,#4095);
#4094 = CARTESIAN_POINT('',(3.,0.));
#4095 = VECTOR('',#4096,1.);
#4096 = DIRECTION('',(0.,-1.));
#4097 = ( GEOMETRIC_REPRESENTATION_CONTEXT(2) 
PARAMETRIC_REPRESENTATION_CONTEXT() REPRESENTATION_CONTEXT('2D SPACE',''
  ) );
#4098 = PCURVE('',#3503,#4099);
#4099 = DEFINITIONAL_REPRESENTATION('',(#4100),#4104);
#4100 = LINE('',#4101,#4102);
#4101 = CARTESIAN_POINT('',(4.5,0.));
#4102 = VECTOR('',#4103,1.);
#4103 = DIRECTION('',(0.,1.));
#4104 = ( GEOMETRIC_REPRESENTATION_CONTEXT(2) 
PARAMETRIC_REPRESENTATION_CONTEXT() REPRESENTATION_CONTEXT('2D SPACE',''
  ) );
#4105 = ADVANCED_FACE('',(#4106),#3503,.T.);
#4106 = FACE_BOUND('',#4107,.T.);
#4107 = EDGE_LOOP('',(#4108,#4109,#4110,#4111));
#4108 = ORIENTED_EDGE('',*,*,#3923,.F.);
#4109 = ORIENTED_EDGE('',*,*,#3487,.T.);
#4110 = ORIENTED_EDGE('',*,*,#4085,.T.);
#4111 = ORIENTED_EDGE('',*,*,#3758,.F.);
#4112 = ( GEOMETRIC_REPRESENTATION_CONTEXT(3) 
GLOBAL_UNCERTAINTY_ASSIGNED_CONTEXT((#4116)) 
GLOBAL_UNIT_ASSIGNED_CONTEXT((#4113,#4114,#4115)) REPRESENTATION_CONTEXT
('Context #1','3D Context with UNIT and UNCERTAINTY') );
#4113 = ( LENGTH_UNIT() NAMED_UNIT(*) SI_UNIT(.MILLI.,.METRE.) );
#4114 = ( NAMED_UNIT(*) PLANE_ANGLE_UNIT() SI_UNIT($,.RADIAN.) );
#4115 = ( NAMED_UNIT(*) SI_UNIT($,.STERADIAN.) SOLID_ANGLE_UNIT() );
#4116 = UNCERTAINTY_MEASURE_WITH_UNIT(LENGTH_MEASURE(1.E-07),#4113,
  'distance_accuracy_value','confusion accuracy');
#4117 = CONTEXT_DEPENDENT_SHAPE_REPRESENTATION(#4118,#4120);
#4118 = ( REPRESENTATION_RELATIONSHIP('','',#40,#10) 
REPRESENTATION_RELATIONSHIP_WITH_TRANSFORMATION(#4119) 
SHAPE_REPRESENTATION_RELATIONSHIP() );
#4119 = ITEM_DEFINED_TRANSFORMATION('','',#11,#15);
#4120 = PRODUCT_DEFINITION_SHAPE('Placement','Placement of an item',
  #4121);
#4121 = NEXT_ASSEMBLY_USAGE_OCCURRENCE('1','cradle','',#5,#35,$);
#4122 = PRODUCT_RELATED_PRODUCT_CATEGORY('part',$,(#37));
#4123 = SHAPE_DEFINITION_REPRESENTATION(#4124,#4130);
#4124 = PRODUCT_DEFINITION_SHAPE('','',#4125);
#4125 = PRODUCT_DEFINITION('design','',#4126,#4129);
#4126 = PRODUCT_DEFINITION_FORMATION('','',#4127);
#4127 = PRODUCT('connector','connector','',(#4128));
#4128 = PRODUCT_CONTEXT('',#2,'mechanical');
#4129 = PRODUCT_DEFINITION_CONTEXT('part definition',#2,'design');
#4130 = ADVANCED_BREP_SHAPE_REPRESENTATION('',(#11,#4131),#5089);
#4131 = MANIFOLD_SOLID_BREP('',#4132);
#4132 = CLOSED_SHELL('',(#4133,#4253,#4329,#4378,#4427,#4454,#4673,#4749
    ,#4798,#4847,#4874,#4950,#4999,#5048,#5075,#5082));
#4133 = ADVANCED_FACE('',(#4134),#4148,.F.);
#4134 = FACE_BOUND('',#4135,.F.);
#4135 = EDGE_LOOP('',(#4136,#4171,#4199,#4227));
#4136 = ORIENTED_EDGE('',*,*,#4137,.F.);
#4137 = EDGE_CURVE('',#4138,#4140,#4142,.T.);
#4138 = VERTEX_POINT('',#4139);
#4139 = CARTESIAN_POINT('',(-40.,-8.,21.5));
#4140 = VERTEX_POINT('',#4141);
#4141 = CARTESIAN_POINT('',(-40.,-8.,32.5));
#4142 = SURFACE_CURVE('',#4143,(#4147,#4159),.PCURVE_S1.);
#4143 = LINE('',#4144,#4145);
#4144 = CARTESIAN_POINT('',(-40.,-8.,21.5));
#4145 = VECTOR('',#4146,1.);
#4146 = DIRECTION('',(0.,0.,1.));
#4147 = PCURVE('',#4148,#4153);
#4148 = PLANE('',#4149);
#4149 = AXIS2_PLACEMENT_3D('',#4150,#4151,#4152);
#4150 = CARTESIAN_POINT('',(-40.,-8.,21.5));
#4151 = DIRECTION('',(1.,0.,0.));
#4152 = DIRECTION('',(0.,0.,1.));
#4153 = DEFINITIONAL_REPRESENTATION('',(#4154),#4158);
#4154 = LINE('',#4155,#4156);
#4155 = CARTESIAN_POINT('',(0.,0.));
#4156 = VECTOR('',#4157,1.);
#4157 = DIRECTION('',(1.,0.));
#4158 = ( GEOMETRIC_REPRESENTATION_CONTEXT(2) 
PARAMETRIC_REPRESENTATION_CONTEXT() REPRESENTATION_CONTEXT('2D SPACE',''
  ) );
#4159 = PCURVE('',#4160,#4165);
#4160 = PLANE('',#4161);
#4161 = AXIS2_PLACEMENT_3D('',#4162,#4163,#4164);
#4162 = CARTESIAN_POINT('',(-40.,-8.,21.5));
#4163 = DIRECTION('',(0.,1.,0.));
#4164 = DIRECTION('',(0.,0.,1.));
#4165 = DEFINITIONAL_REPRESENTATION('',(#4166),#4170);
#4166 = LINE('',#4167,#4168);
#4167 = CARTESIAN_POINT('',(0.,0.));
#4168 = VECTOR('',#4169,1.);
#4169 = DIRECTION('',(1.,0.));
#4170 = ( GEOMETRIC_REPRESENTATION_CONTEXT(2) 
PARAMETRIC_REPRESENTATION_CONTEXT() REPRESENTATION_CONTEXT('2D SPACE',''
  ) );
#4171 = ORIENTED_EDGE('',*,*,#4172,.T.);
#4172 = EDGE_CURVE('',#4138,#4173,#4175,.T.);
#4173 = VERTEX_POINT('',#4174);
#4174 = CARTESIAN_POINT('',(-40.,8.,21.5));
#4175 = SURFACE_CURVE('',#4176,(#4180,#4187),.PCURVE_S1.);
#4176 = LINE('',#4177,#4178);
#4177 = CARTESIAN_POINT('',(-40.,-8.,21.5));
#4178 = VECTOR('',#4179,1.);
#4179 = DIRECTION('',(0.,1.,0.));
#4180 = PCURVE('',#4148,#4181);
#4181 = DEFINITIONAL_REPRESENTATION('',(#4182),#4186);
#4182 = LINE('',#4183,#4184);
#4183 = CARTESIAN_POINT('',(0.,0.));
#4184 = VECTOR('',#4185,1.);
#4185 = DIRECTION('',(0.,-1.));
#4186 = ( GEOMETRIC_REPRESENTATION_CONTEXT(2) 
PARAMETRIC_REPRESENTATION_CONTEXT() REPRESENTATION_CONTEXT('2D SPACE',''
  ) );
#4187 = PCURVE('',#4188,#4193);
#4188 = PLANE('',#4189);
#4189 = AXIS2_PLACEMENT_3D('',#4190,#4191,#4192);
#4190 = CARTESIAN_POINT('',(-40.,-8.,21.5));
#4191 = DIRECTION('',(0.,0.,1.));
#4192 = DIRECTION('',(1.,0.,0.));
#4193 = DEFINITIONAL_REPRESENTATION('',(#4194),#4198);
#4194 = LINE('',#4195,#4196);
#4195 = CARTESIAN_POINT('',(0.,0.));
#4196 = VECTOR('',#4197,1.);
#4197 = DIRECTION('',(0.,1.));
#4198 = ( GEOMETRIC_REPRESENTATION_CONTEXT(2) 
PARAMETRIC_REPRESENTATION_CONTEXT() REPRESENTATION_CONTEXT('2D SPACE',''
  ) );
#4199 = ORIENTED_EDGE('',*,*,#4200,.T.);
#4200 = EDGE_CURVE('',#4173,#4201,#4203,.T.);
#4201 = VERTEX_POINT('',#4202);
#4202 = CARTESIAN_POINT('',(-40.,8.,32.5));
#4203 = SURFACE_CURVE('',#4204,(#4208,#4215),.PCURVE_S1.);
#4204 = LINE('',#4205,#4206);
#4205 = CARTESIAN_POINT('',(-40.,8.,21.5));
#4206 = VECTOR('',#4207,1.);
#4207 = DIRECTION('',(0.,0.,1.));
#4208 = PCURVE('',#4148,#4209);
#4209 = DEFINITIONAL_REPRESENTATION('',(#4210),#4214);
#4210 = LINE('',#4211,#4212);
#4211 = CARTESIAN_POINT('',(0.,-16.));
#4212 = VECTOR('',#4213,1.);
#4213 = DIRECTION('',(1.,0.));
#4214 = ( GEOMETRIC_REPRESENTATION_CONTEXT(2) 
PARAMETRIC_REPRESENTATION_CONTEXT() REPRESENTATION_CONTEXT('2D SPACE',''
  ) );
#4215 = PCURVE('',#4216,#4221);
#4216 = PLANE('',#4217);
#4217 = AXIS2_PLACEMENT_3D('',#4218,#4219,#4220);
#4218 = CARTESIAN_POINT('',(-40.,8.,21.5));
#4219 = DIRECTION('',(0.,1.,0.));
#4220 = DIRECTION('',(0.,0.,1.));
#4221 = DEFINITIONAL_REPRESENTATION('',(#4222),#4226);
#4222 = LINE('',#4223,#4224);
#4223 = CARTESIAN_POINT('',(0.,0.));
#4224 = VECTOR('',#4225,1.);
#4225 = DIRECTION('',(1.,0.));
#4226 = ( GEOMETRIC_REPRESENTATION_CONTEXT(2) 
PARAMETRIC_REPRESENTATION_CONTEXT() REPRESENTATION_CONTEXT('2D SPACE',''
  ) );
#4227 = ORIENTED_EDGE('',*,*,#4228,.F.);
#4228 = EDGE_CURVE('',#4140,#4201,#4229,.T.);
#4229 = SURFACE_CURVE('',#4230,(#4234,#4241),.PCURVE_S1.);
#4230 = LINE('',#4231,#4232);
#4231 = CARTESIAN_POINT('',(-40.,-8.,32.5));
#4232 = VECTOR('',#4233,1.);
#4233 = DIRECTION('',(0.,1.,0.));
#4234 = PCURVE('',#4148,#4235);
#4235 = DEFINITIONAL_REPRESENTATION('',(#4236),#4240);
#4236 = LINE('',#4237,#4238);
#4237 = CARTESIAN_POINT('',(11.,0.));
#4238 = VECTOR('',#4239,1.);
#4239 = DIRECTION('',(0.,-1.));
#4240 = ( GEOMETRIC_REPRESENTATION_CONTEXT(2) 
PARAMETRIC_REPRESENTATION_CONTEXT() REPRESENTATION_CONTEXT('2D SPACE',''
  ) );
#4241 = PCURVE('',#4242,#4247);
#4242 = PLANE('',#4243);
#4243 = AXIS2_PLACEMENT_3D('',#4244,#4245,#4246);
#4244 = CARTESIAN_POINT('',(-40.,-8.,32.5));
#4245 = DIRECTION('',(0.,0.,1.));
#4246 = DIRECTION('',(1.,0.,0.));
#4247 = DEFINITIONAL_REPRESENTATION('',(#4248),#4252);
#4248 = LINE('',#4249,#4250);
#4249 = CARTESIAN_POINT('',(0.,0.));
#4250 = VECTOR('',#4251,1.);
#4251 = DIRECTION('',(0.,1.));
#4252 = ( GEOMETRIC_REPRESENTATION_CONTEXT(2) 
PARAMETRIC_REPRESENTATION_CONTEXT() REPRESENTATION_CONTEXT('2D SPACE',''
  ) );
#4253 = ADVANCED_FACE('',(#4254),#4160,.F.);
#4254 = FACE_BOUND('',#4255,.F.);
#4255 = EDGE_LOOP('',(#4256,#4279,#4280,#4303));
#4256 = ORIENTED_EDGE('',*,*,#4257,.F.);
#4257 = EDGE_CURVE('',#4138,#4258,#4260,.T.);
#4258 = VERTEX_POINT('',#4259);
#4259 = CARTESIAN_POINT('',(-32.,-8.,21.5));
#4260 = SURFACE_CURVE('',#4261,(#4265,#4272),.PCURVE_S1.);
#4261 = LINE('',#4262,#4263);
#4262 = CARTESIAN_POINT('',(-40.,-8.,21.5));
#4263 = VECTOR('',#4264,1.);
#4264 = DIRECTION('',(1.,0.,0.));
#4265 = PCURVE('',#4160,#4266);
#4266 = DEFINITIONAL_REPRESENTATION('',(#4267),#4271);
#4267 = LINE('',#4268,#4269);
#4268 = CARTESIAN_POINT('',(0.,0.));
#4269 = VECTOR('',#4270,1.);
#4270 = DIRECTION('',(0.,1.));
#4271 = ( GEOMETRIC_REPRESENTATION_CONTEXT(2) 
PARAMETRIC_REPRESENTATION_CONTEXT() REPRESENTATION_CONTEXT('2D SPACE',''
  ) );
#4272 = PCURVE('',#4188,#4273);
#4273 = DEFINITIONAL_REPRESENTATION('',(#4274),#4278);
#4274 = LINE('',#4275,#4276);
#4275 = CARTESIAN_POINT('',(0.,0.));
#4276 = VECTOR('',#4277,1.);
#4277 = DIRECTION('',(1.,0.));
#4278 = ( GEOMETRIC_REPRESENTATION_CONTEXT(2) 
PARAMETRIC_REPRESENTATION_CONTEXT() REPRESENTATION_CONTEXT('2D SPACE',''
  ) );
#4279 = ORIENTED_EDGE('',*,*,#4137,.T.);
#4280 = ORIENTED_EDGE('',*,*,#4281,.T.);
#4281 = EDGE_CURVE('',#4140,#4282,#4284,.T.);
#4282 = VERTEX_POINT('',#4283);
#4283 = CARTESIAN_POINT('',(-32.,-8.,32.5));
#4284 = SURFACE_CURVE('',#4285,(#4289,#4296),.PCURVE_S1.);
#4285 = LINE('',#4286,#4287);
#4286 = CARTESIAN_POINT('',(-40.,-8.,32.5));
#4287 = VECTOR('',#4288,1.);
#4288 = DIRECTION('',(1.,0.,0.));
#4289 = PCURVE('',#4160,#4290);
#4290 = DEFINITIONAL_REPRESENTATION('',(#4291),#4295);
#4291 = LINE('',#4292,#4293);
#4292 = CARTESIAN_POINT('',(11.,0.));
#4293 = VECTOR('',#4294,1.);
#4294 = DIRECTION('',(0.,1.));
#4295 = ( GEOMETRIC_REPRESENTATION_CONTEXT(2) 
PARAMETRIC_REPRESENTATION_CONTEXT() REPRESENTATION_CONTEXT('2D SPACE',''
  ) );
#4296 = PCURVE('',#4242,#4297);
#4297 = DEFINITIONAL_REPRESENTATION('',(#4298),#4302);
#4298 = LINE('',#4299,#4300);
#4299 = CARTESIAN_POINT('',(0.,0.));
#4300 = VECTOR('',#4301,1.);
#4301 = DIRECTION('',(1.,0.));
#4302 = ( GEOMETRIC_REPRESENTATION_CONTEXT(2) 
PARAMETRIC_REPRESENTATION_CONTEXT() REPRESENTATION_CONTEXT('2D SPACE',''
  ) );
#4303 = ORIENTED_EDGE('',*,*,#4304,.F.);
#4304 = EDGE_CURVE('',#4258,#4282,#4305,.T.);
#4305 = SURFACE_CURVE('',#4306,(#4310,#4317),.PCURVE_S1.);
#4306 = LINE('',#4307,#4308);
#4307 = CARTESIAN_POINT('',(-32.,-8.,21.5));
#4308 = VECTOR('',#4309,1.);
#4309 = DIRECTION('',(0.,0.,1.));
#4310 = PCURVE('',#4160,#4311);
#4311 = DEFINITIONAL_REPRESENTATION('',(#4312),#4316);
#4312 = LINE('',#4313,#4314);
#4313 = CARTESIAN_POINT('',(0.,8.));
#4314 = VECTOR('',#4315,1.);
#4315 = DIRECTION('',(1.,0.));
#4316 = ( GEOMETRIC_REPRESENTATION_CONTEXT(2) 
PARAMETRIC_REPRESENTATION_CONTEXT() REPRESENTATION_CONTEXT('2D SPACE',''
  ) );
#4317 = PCURVE('',#4318,#4323);
#4318 = PLANE('',#4319);
#4319 = AXIS2_PLACEMENT_3D('',#4320,#4321,#4322);
#4320 = CARTESIAN_POINT('',(-32.,-8.,21.5));
#4321 = DIRECTION('',(1.,0.,0.));
#4322 = DIRECTION('',(0.,0.,1.));
#4323 = DEFINITIONAL_REPRESENTATION('',(#4324),#4328);
#4324 = LINE('',#4325,#4326);
#4325 = CARTESIAN_POINT('',(0.,0.));
#4326 = VECTOR('',#4327,1.);
#4327 = DIRECTION('',(1.,0.));
#4328 = ( GEOMETRIC_REPRESENTATION_CONTEXT(2) 
PARAMETRIC_REPRESENTATION_CONTEXT() REPRESENTATION_CONTEXT('2D SPACE',''
  ) );
#4329 = ADVANCED_FACE('',(#4330),#4242,.T.);
#4330 = FACE_BOUND('',#4331,.T.);
#4331 = EDGE_LOOP('',(#4332,#4333,#4334,#4357));
#4332 = ORIENTED_EDGE('',*,*,#4228,.F.);
#4333 = ORIENTED_EDGE('',*,*,#4281,.T.);
#4334 = ORIENTED_EDGE('',*,*,#4335,.T.);
#4335 = EDGE_CURVE('',#4282,#4336,#4338,.T.);
#4336 = VERTEX_POINT('',#4337);
#4337 = CARTESIAN_POINT('',(-32.,8.,32.5));
#4338 = SURFACE_CURVE('',#4339,(#4343,#4350),.PCURVE_S1.);
#4339 = LINE('',#4340,#4341);
#4340 = CARTESIAN_POINT('',(-32.,-8.,32.5));
#4341 = VECTOR('',#4342,1.);
#4342 = DIRECTION('',(0.,1.,0.));
#4343 = PCURVE('',#4242,#4344);
#4344 = DEFINITIONAL_REPRESENTATION('',(#4345),#4349);
#4345 = LINE('',#4346,#4347);
#4346 = CARTESIAN_POINT('',(8.,0.));
#4347 = VECTOR('',#4348,1.);
#4348 = DIRECTION('',(0.,1.));
#4349 = ( GEOMETRIC_REPRESENTATION_CONTEXT(2) 
PARAMETRIC_REPRESENTATION_CONTEXT() REPRESENTATION_CONTEXT('2D SPACE',''
  ) );
#4350 = PCURVE('',#4318,#4351);
#4351 = DEFINITIONAL_REPRESENTATION('',(#4352),#4356);
#4352 = LINE('',#4353,#4354);
#4353 = CARTESIAN_POINT('',(11.,0.));
#4354 = VECTOR('',#4355,1.);
#4355 = DIRECTION('',(0.,-1.));
#4356 = ( GEOMETRIC_REPRESENTATION_CONTEXT(2) 
PARAMETRIC_REPRESENTATION_CONTEXT() REPRESENTATION_CONTEXT('2D SPACE',''
  ) );
#4357 = ORIENTED_EDGE('',*,*,#4358,.F.);
#4358 = EDGE_CURVE('',#4201,#4336,#4359,.T.);
#4359 = SURFACE_CURVE('',#4360,(#4364,#4371),.PCURVE_S1.);
#4360 = LINE('',#4361,#4362);
#4361 = CARTESIAN_POINT('',(-40.,8.,32.5));
#4362 = VECTOR('',#4363,1.);
#4363 = DIRECTION('',(1.,0.,0.));
#4364 = PCURVE('',#4242,#4365);
#4365 = DEFINITIONAL_REPRESENTATION('',(#4366),#4370);
#4366 = LINE('',#4367,#4368);
#4367 = CARTESIAN_POINT('',(0.,16.));
#4368 = VECTOR('',#4369,1.);
#4369 = DIRECTION('',(1.,0.));
#4370 = ( GEOMETRIC_REPRESENTATION_CONTEXT(2) 
PARAMETRIC_REPRESENTATION_CONTEXT() REPRESENTATION_CONTEXT('2D SPACE',''
  ) );
#4371 = PCURVE('',#4216,#4372);
#4372 = DEFINITIONAL_REPRESENTATION('',(#4373),#4377);
#4373 = LINE('',#4374,#4375);
#4374 = CARTESIAN_POINT('',(11.,0.));
#4375 = VECTOR('',#4376,1.);
#4376 = DIRECTION('',(0.,1.));
#4377 = ( GEOMETRIC_REPRESENTATION_CONTEXT(2) 
PARAMETRIC_REPRESENTATION_CONTEXT() REPRESENTATION_CONTEXT('2D SPACE',''
  ) );
#4378 = ADVANCED_FACE('',(#4379),#4216,.T.);
#4379 = FACE_BOUND('',#4380,.T.);
#4380 = EDGE_LOOP('',(#4381,#4404,#4405,#4406));
#4381 = ORIENTED_EDGE('',*,*,#4382,.F.);
#4382 = EDGE_CURVE('',#4173,#4383,#4385,.T.);
#4383 = VERTEX_POINT('',#4384);
#4384 = CARTESIAN_POINT('',(-32.,8.,21.5));
#4385 = SURFACE_CURVE('',#4386,(#4390,#4397),.PCURVE_S1.);
#4386 = LINE('',#4387,#4388);
#4387 = CARTESIAN_POINT('',(-40.,8.,21.5));
#4388 = VECTOR('',#4389,1.);
#4389 = DIRECTION('',(1.,0.,0.));
#4390 = PCURVE('',#4216,#4391);
#4391 = DEFINITIONAL_REPRESENTATION('',(#4392),#4396);
#4392 = LINE('',#4393,#4394);
#4393 = CARTESIAN_POINT('',(0.,0.));
#4394 = VECTOR('',#4395,1.);
#4395 = DIRECTION('',(0.,1.));
#4396 = ( GEOMETRIC_REPRESENTATION_CONTEXT(2) 
PARAMETRIC_REPRESENTATION_CONTEXT() REPRESENTATION_CONTEXT('2D SPACE',''
  ) );
#4397 = PCURVE('',#4188,#4398);
#4398 = DEFINITIONAL_REPRESENTATION('',(#4399),#4403);
#4399 = LINE('',#4400,#4401);
#4400 = CARTESIAN_POINT('',(0.,16.));
#4401 = VECTOR('',#4402,1.);
#4402 = DIRECTION('',(1.,0.));
#4403 = ( GEOMETRIC_REPRESENTATION_CONTEXT(2) 
PARAMETRIC_REPRESENTATION_CONTEXT() REPRESENTATION_CONTEXT('2D SPACE',''
  ) );
#4404 = ORIENTED_EDGE('',*,*,#4200,.T.);
#4405 = ORIENTED_EDGE('',*,*,#4358,.T.);
#4406 = ORIENTED_EDGE('',*,*,#4407,.F.);
#4407 = EDGE_CURVE('',#4383,#4336,#4408,.T.);
#4408 = SURFACE_CURVE('',#4409,(#4413,#4420),.PCURVE_S1.);
#4409 = LINE('',#4410,#4411);
#4410 = CARTESIAN_POINT('',(-32.,8.,21.5));
#4411 = VECTOR('',#4412,1.);
#4412 = DIRECTION('',(0.,0.,1.));
#4413 = PCURVE('',#4216,#4414);
#4414 = DEFINITIONAL_REPRESENTATION('',(#4415),#4419);
#4415 = LINE('',#4416,#4417);
#4416 = CARTESIAN_POINT('',(0.,8.));
#4417 = VECTOR('',#4418,1.);
#4418 = DIRECTION('',(1.,0.));
#4419 = ( GEOMETRIC_REPRESENTATION_CONTEXT(2) 
PARAMETRIC_REPRESENTATION_CONTEXT() REPRESENTATION_CONTEXT('2D SPACE',''
  ) );
#4420 = PCURVE('',#4318,#4421);
#4421 = DEFINITIONAL_REPRESENTATION('',(#4422),#4426);
#4422 = LINE('',#4423,#4424);
#4423 = CARTESIAN_POINT('',(0.,-16.));
#4424 = VECTOR('',#4425,1.);
#4425 = DIRECTION('',(1.,0.));
#4426 = ( GEOMETRIC_REPRESENTATION_CONTEXT(2) 
PARAMETRIC_REPRESENTATION_CONTEXT() REPRESENTATION_CONTEXT('2D SPACE',''
  ) );
#4427 = ADVANCED_FACE('',(#4428),#4188,.F.);
#4428 = FACE_BOUND('',#4429,.F.);
#4429 = EDGE_LOOP('',(#4430,#4431,#4432,#4453));
#4430 = ORIENTED_EDGE('',*,*,#4172,.F.);
#4431 = ORIENTED_EDGE('',*,*,#4257,.T.);
#4432 = ORIENTED_EDGE('',*,*,#4433,.T.);
#4433 = EDGE_CURVE('',#4258,#4383,#4434,.T.);
#4434 = SURFACE_CURVE('',#4435,(#4439,#4446),.PCURVE_S1.);
#4435 = LINE('',#4436,#4437);
#4436 = CARTESIAN_POINT('',(-32.,-8.,21.5));
#4437 = VECTOR('',#4438,1.);
#4438 = DIRECTION('',(0.,1.,0.));
#4439 = PCURVE('',#4188,#4440);
#4440 = DEFINITIONAL_REPRESENTATION('',(#4441),#4445);
#4441 = LINE('',#4442,#4443);
#4442 = CARTESIAN_POINT('',(8.,0.));
#4443 = VECTOR('',#4444,1.);
#4444 = DIRECTION('',(0.,1.));
#4445 = ( GEOMETRIC_REPRESENTATION_CONTEXT(2) 
PARAMETRIC_REPRESENTATION_CONTEXT() REPRESENTATION_CONTEXT('2D SPACE',''
  ) );
#4446 = PCURVE('',#4318,#4447);
#4447 = DEFINITIONAL_REPRESENTATION('',(#4448),#4452);
#4448 = LINE('',#4449,#4450);
#4449 = CARTESIAN_POINT('',(0.,0.));
#4450 = VECTOR('',#4451,1.);
#4451 = DIRECTION('',(0.,-1.));
#4452 = ( GEOMETRIC_REPRESENTATION_CONTEXT(2) 
PARAMETRIC_REPRESENTATION_CONTEXT() REPRESENTATION_CONTEXT('2D SPACE',''
  ) );
#4453 = ORIENTED_EDGE('',*,*,#4382,.F.);
#4454 = ADVANCED_FACE('',(#4455,#4461,#4567),#4318,.T.);
#4455 = FACE_BOUND('',#4456,.T.);
#4456 = EDGE_LOOP('',(#4457,#4458,#4459,#4460));
#4457 = ORIENTED_EDGE('',*,*,#4304,.F.);
#4458 = ORIENTED_EDGE('',*,*,#4433,.T.);
#4459 = ORIENTED_EDGE('',*,*,#4407,.T.);
#4460 = ORIENTED_EDGE('',*,*,#4335,.F.);
#4461 = FACE_BOUND('',#4462,.T.);
#4462 = EDGE_LOOP('',(#4463,#4491,#4517,#4543));
#4463 = ORIENTED_EDGE('',*,*,#4464,.T.);
#4464 = EDGE_CURVE('',#4465,#4467,#4469,.T.);
#4465 = VERTEX_POINT('',#4466);
#4466 = CARTESIAN_POINT('',(-32.,5.5,25.5));
#4467 = VERTEX_POINT('',#4468);
#4468 = CARTESIAN_POINT('',(-32.,2.5,25.5));
#4469 = SURFACE_CURVE('',#4470,(#4474,#4480),.PCURVE_S1.);
#4470 = LINE('',#4471,#4472);
#4471 = CARTESIAN_POINT('',(-32.,-2.75,25.5));
#4472 = VECTOR('',#4473,1.);
#4473 = DIRECTION('',(0.,-1.,0.));
#4474 = PCURVE('',#4318,#4475);
#4475 = DEFINITIONAL_REPRESENTATION('',(#4476),#4479);
#4476 = B_SPLINE_CURVE_WITH_KNOTS('',1,(#4477,#4478),.UNSPECIFIED.,.F.,
  .F.,(2,2),(-8.25,-5.25),.PIECEWISE_BEZIER_KNOTS.);
#4477 = CARTESIAN_POINT('',(4.,-13.5));
#4478 = CARTESIAN_POINT('',(4.,-10.5));
#4479 = ( GEOMETRIC_REPRESENTATION_CONTEXT(2) 
PARAMETRIC_REPRESENTATION_CONTEXT() REPRESENTATION_CONTEXT('2D SPACE',''
  ) );
#4480 = PCURVE('',#4481,#4486);
#4481 = PLANE('',#4482);
#4482 = AXIS2_PLACEMENT_3D('',#4483,#4484,#4485);
#4483 = CARTESIAN_POINT('',(-32.5,2.5,25.5));
#4484 = DIRECTION('',(0.,0.,1.));
#4485 = DIRECTION('',(1.,0.,0.));
#4486 = DEFINITIONAL_REPRESENTATION('',(#4487),#4490);
#4487 = B_SPLINE_CURVE_WITH_KNOTS('',1,(#4488,#4489),.UNSPECIFIED.,.F.,
  .F.,(2,2),(-8.25,-5.25),.PIECEWISE_BEZIER_KNOTS.);
#4488 = CARTESIAN_POINT('',(0.5,3.));
#4489 = CARTESIAN_POINT('',(0.5,0.));
#4490 = ( GEOMETRIC_REPRESENTATION_CONTEXT(2) 
PARAMETRIC_REPRESENTATION_CONTEXT() REPRESENTATION_CONTEXT('2D SPACE',''
  ) );
#4491 = ORIENTED_EDGE('',*,*,#4492,.T.);
#4492 = EDGE_CURVE('',#4467,#4493,#4495,.T.);
#4493 = VERTEX_POINT('',#4494);
#4494 = CARTESIAN_POINT('',(-32.,2.5,28.5));
#4495 = SURFACE_CURVE('',#4496,(#4500,#4506),.PCURVE_S1.);
#4496 = LINE('',#4497,#4498);
#4497 = CARTESIAN_POINT('',(-32.,2.5,23.5));
#4498 = VECTOR('',#4499,1.);
#4499 = DIRECTION('',(0.,0.,1.));
#4500 = PCURVE('',#4318,#4501);
#4501 = DEFINITIONAL_REPRESENTATION('',(#4502),#4505);
#4502 = B_SPLINE_CURVE_WITH_KNOTS('',1,(#4503,#4504),.UNSPECIFIED.,.F.,
  .F.,(2,2),(2.,5.),.PIECEWISE_BEZIER_KNOTS.);
#4503 = CARTESIAN_POINT('',(4.,-10.5));
#4504 = CARTESIAN_POINT('',(7.,-10.5));
#4505 = ( GEOMETRIC_REPRESENTATION_CONTEXT(2) 
PARAMETRIC_REPRESENTATION_CONTEXT() REPRESENTATION_CONTEXT('2D SPACE',''
  ) );
#4506 = PCURVE('',#4507,#4512);
#4507 = PLANE('',#4508);
#4508 = AXIS2_PLACEMENT_3D('',#4509,#4510,#4511);
#4509 = CARTESIAN_POINT('',(-32.5,2.5,25.5));
#4510 = DIRECTION('',(0.,1.,0.));
#4511 = DIRECTION('',(0.,0.,1.));
#4512 = DEFINITIONAL_REPRESENTATION('',(#4513),#4516);
#4513 = B_SPLINE_CURVE_WITH_KNOTS('',1,(#4514,#4515),.UNSPECIFIED.,.F.,
  .F.,(2,2),(2.,5.),.PIECEWISE_BEZIER_KNOTS.);
#4514 = CARTESIAN_POINT('',(0.,0.5));
#4515 = CARTESIAN_POINT('',(3.,0.5));
#4516 = ( GEOMETRIC_REPRESENTATION_CONTEXT(2) 
PARAMETRIC_REPRESENTATION_CONTEXT() REPRESENTATION_CONTEXT('2D SPACE',''
  ) );
#4517 = ORIENTED_EDGE('',*,*,#4518,.F.);
#4518 = EDGE_CURVE('',#4519,#4493,#4521,.T.);
#4519 = VERTEX_POINT('',#4520);
#4520 = CARTESIAN_POINT('',(-32.,5.5,28.5));
#4521 = SURFACE_CURVE('',#4522,(#4526,#4532),.PCURVE_S1.);
#4522 = LINE('',#4523,#4524);
#4523 = CARTESIAN_POINT('',(-32.,-2.75,28.5));
#4524 = VECTOR('',#4525,1.);
#4525 = DIRECTION('',(0.,-1.,0.));
#4526 = PCURVE('',#4318,#4527);
#4527 = DEFINITIONAL_REPRESENTATION('',(#4528),#4531);
#4528 = B_SPLINE_CURVE_WITH_KNOTS('',1,(#4529,#4530),.UNSPECIFIED.,.F.,
  .F.,(2,2),(-8.25,-5.25),.PIECEWISE_BEZIER_KNOTS.);
#4529 = CARTESIAN_POINT('',(7.,-13.5));
#4530 = CARTESIAN_POINT('',(7.,-10.5));
#4531 = ( GEOMETRIC_REPRESENTATION_CONTEXT(2) 
PARAMETRIC_REPRESENTATION_CONTEXT() REPRESENTATION_CONTEXT('2D SPACE',''
  ) );
#4532 = PCURVE('',#4533,#4538);
#4533 = PLANE('',#4534);
#4534 = AXIS2_PLACEMENT_3D('',#4535,#4536,#4537);
#4535 = CARTESIAN_POINT('',(-32.5,2.5,28.5));
#4536 = DIRECTION('',(0.,0.,1.));
#4537 = DIRECTION('',(1.,0.,0.));
#4538 = DEFINITIONAL_REPRESENTATION('',(#4539),#4542);
#4539 = B_SPLINE_CURVE_WITH_KNOTS('',1,(#4540,#4541),.UNSPECIFIED.,.F.,
  .F.,(2,2),(-8.25,-5.25),.PIECEWISE_BEZIER_KNOTS.);
#4540 = CARTESIAN_POINT('',(0.5,3.));
#4541 = CARTESIAN_POINT('',(0.5,0.));
#4542 = ( GEOMETRIC_REPRESENTATION_CONTEXT(2) 
PARAMETRIC_REPRESENTATION_CONTEXT() REPRESENTATION_CONTEXT('2D SPACE',''
  ) );
#4543 = ORIENTED_EDGE('',*,*,#4544,.F.);
#4544 = EDGE_CURVE('',#4465,#4519,#4545,.T.);
#4545 = SURFACE_CURVE('',#4546,(#4550,#4556),.PCURVE_S1.);
#4546 = LINE('',#4547,#4548);
#4547 = CARTESIAN_POINT('',(-32.,5.5,23.5));
#4548 = VECTOR('',#4549,1.);
#4549 = DIRECTION('',(0.,0.,1.));
#4550 = PCURVE('',#4318,#4551);
#4551 = DEFINITIONAL_REPRESENTATION('',(#4552),#4555);
#4552 = B_SPLINE_CURVE_WITH_KNOTS('',1,(#4553,#4554),.UNSPECIFIED.,.F.,
  .F.,(2,2),(2.,5.),.PIECEWISE_BEZIER_KNOTS.);
#4553 = CARTESIAN_POINT('',(4.,-13.5));
#4554 = CARTESIAN_POINT('',(7.,-13.5));
#4555 = ( GEOMETRIC_REPRESENTATION_CONTEXT(2) 
PARAMETRIC_REPRESENTATION_CONTEXT() REPRESENTATION_CONTEXT('2D SPACE',''
  ) );
#4556 = PCURVE('',#4557,#4562);
#4557 = PLANE('',#4558);
#4558 = AXIS2_PLACEMENT_3D('',#4559,#4560,#4561);
#4559 = CARTESIAN_POINT('',(-32.5,5.5,25.5));
#4560 = DIRECTION('',(0.,1.,0.));
#4561 = DIRECTION('',(0.,0.,1.));
#4562 = DEFINITIONAL_REPRESENTATION('',(#4563),#4566);
#4563 = B_SPLINE_CURVE_WITH_KNOTS('',1,(#4564,#4565),.UNSPECIFIED.,.F.,
  .F.,(2,2),(2.,5.),.PIECEWISE_BEZIER_KNOTS.);
#4564 = CARTESIAN_POINT('',(0.,0.5));
#4565 = CARTESIAN_POINT('',(3.,0.5));
#4566 = ( GEOMETRIC_REPRESENTATION_CONTEXT(2) 
PARAMETRIC_REPRESENTATION_CONTEXT() REPRESENTATION_CONTEXT('2D SPACE',''
  ) );
#4567 = FACE_BOUND('',#4568,.T.);
#4568 = EDGE_LOOP('',(#4569,#4597,#4623,#4649));
#4569 = ORIENTED_EDGE('',*,*,#4570,.T.);
#4570 = EDGE_CURVE('',#4571,#4573,#4575,.T.);
#4571 = VERTEX_POINT('',#4572);
#4572 = CARTESIAN_POINT('',(-32.,-2.5,25.5));
#4573 = VERTEX_POINT('',#4574);
#4574 = CARTESIAN_POINT('',(-32.,-5.5,25.5));
#4575 = SURFACE_CURVE('',#4576,(#4580,#4586),.PCURVE_S1.);
#4576 = LINE('',#4577,#4578);
#4577 = CARTESIAN_POINT('',(-32.,-6.75,25.5));
#4578 = VECTOR('',#4579,1.);
#4579 = DIRECTION('',(0.,-1.,0.));
#4580 = PCURVE('',#4318,#4581);
#4581 = DEFINITIONAL_REPRESENTATION('',(#4582),#4585);
#4582 = B_SPLINE_CURVE_WITH_KNOTS('',1,(#4583,#4584),.UNSPECIFIED.,.F.,
  .F.,(2,2),(-4.25,-1.25),.PIECEWISE_BEZIER_KNOTS.);
#4583 = CARTESIAN_POINT('',(4.,-5.5));
#4584 = CARTESIAN_POINT('',(4.,-2.5));
#4585 = ( GEOMETRIC_REPRESENTATION_CONTEXT(2) 
PARAMETRIC_REPRESENTATION_CONTEXT() REPRESENTATION_CONTEXT('2D SPACE',''
  ) );
#4586 = PCURVE('',#4587,#4592);
#4587 = PLANE('',#4588);
#4588 = AXIS2_PLACEMENT_3D('',#4589,#4590,#4591);
#4589 = CARTESIAN_POINT('',(-32.5,-5.5,25.5));
#4590 = DIRECTION('',(0.,0.,1.));
#4591 = DIRECTION('',(1.,0.,0.));
#4592 = DEFINITIONAL_REPRESENTATION('',(#4593),#4596);
#4593 = B_SPLINE_CURVE_WITH_KNOTS('',1,(#4594,#4595),.UNSPECIFIED.,.F.,
  .F.,(2,2),(-4.25,-1.25),.PIECEWISE_BEZIER_KNOTS.);
#4594 = CARTESIAN_POINT('',(0.5,3.));
#4595 = CARTESIAN_POINT('',(0.5,0.));
#4596 = ( GEOMETRIC_REPRESENTATION_CONTEXT(2) 
PARAMETRIC_REPRESENTATION_CONTEXT() REPRESENTATION_CONTEXT('2D SPACE',''
  ) );
#4597 = ORIENTED_EDGE('',*,*,#4598,.T.);
#4598 = EDGE_CURVE('',#4573,#4599,#4601,.T.);
#4599 = VERTEX_POINT('',#4600);
#4600 = CARTESIAN_POINT('',(-32.,-5.5,28.5));
#4601 = SURFACE_CURVE('',#4602,(#4606,#4612),.PCURVE_S1.);
#4602 = LINE('',#4603,#4604);
#4603 = CARTESIAN_POINT('',(-32.,-5.5,23.5));
#4604 = VECTOR('',#4605,1.);
#4605 = DIRECTION('',(0.,0.,1.));
#4606 = PCURVE('',#4318,#4607);
#4607 = DEFINITIONAL_REPRESENTATION('',(#4608),#4611);
#4608 = B_SPLINE_CURVE_WITH_KNOTS('',1,(#4609,#4610),.UNSPECIFIED.,.F.,
  .F.,(2,2),(2.,5.),.PIECEWISE_BEZIER_KNOTS.);
#4609 = CARTESIAN_POINT('',(4.,-2.5));
#4610 = CARTESIAN_POINT('',(7.,-2.5));
#4611 = ( GEOMETRIC_REPRESENTATION_CONTEXT(2) 
PARAMETRIC_REPRESENTATION_CONTEXT() REPRESENTATION_CONTEXT('2D SPACE',''
  ) );
#4612 = PCURVE('',#4613,#4618);
#4613 = PLANE('',#4614);
#4614 = AXIS2_PLACEMENT_3D('',#4615,#4616,#4617);
#4615 = CARTESIAN_POINT('',(-32.5,-5.5,25.5));
#4616 = DIRECTION('',(0.,1.,0.));
#4617 = DIRECTION('',(0.,0.,1.));
#4618 = DEFINITIONAL_REPRESENTATION('',(#4619),#4622);
#4619 = B_SPLINE_CURVE_WITH_KNOTS('',1,(#4620,#4621),.UNSPECIFIED.,.F.,
  .F.,(2,2),(2.,5.),.PIECEWISE_BEZIER_KNOTS.);
#4620 = CARTESIAN_POINT('',(0.,0.5));
#4621 = CARTESIAN_POINT('',(3.,0.5));
#4622 = ( GEOMETRIC_REPRESENTATION_CONTEXT(2) 
PARAMETRIC_REPRESENTATION_CONTEXT() REPRESENTATION_CONTEXT('2D SPACE',''
  ) );
#4623 = ORIENTED_EDGE('',*,*,#4624,.F.);
#4624 = EDGE_CURVE('',#4625,#4599,#4627,.T.);
#4625 = VERTEX_POINT('',#4626);
#4626 = CARTESIAN_POINT('',(-32.,-2.5,28.5));
#4627 = SURFACE_CURVE('',#4628,(#4632,#4638),.PCURVE_S1.);
#4628 = LINE('',#4629,#4630);
#4629 = CARTESIAN_POINT('',(-32.,-6.75,28.5));
#4630 = VECTOR('',#4631,1.);
#4631 = DIRECTION('',(0.,-1.,0.));
#4632 = PCURVE('',#4318,#4633);
#4633 = DEFINITIONAL_REPRESENTATION('',(#4634),#4637);
#4634 = B_SPLINE_CURVE_WITH_KNOTS('',1,(#4635,#4636),.UNSPECIFIED.,.F.,
  .F.,(2,2),(-4.25,-1.25),.PIECEWISE_BEZIER_KNOTS.);
#4635 = CARTESIAN_POINT('',(7.,-5.5));
#4636 = CARTESIAN_POINT('',(7.,-2.5));
#4637 = ( GEOMETRIC_REPRESENTATION_CONTEXT(2) 
PARAMETRIC_REPRESENTATION_CONTEXT() REPRESENTATION_CONTEXT('2D SPACE',''
  ) );
#4638 = PCURVE('',#4639,#4644);
#4639 = PLANE('',#4640);
#4640 = AXIS2_PLACEMENT_3D('',#4641,#4642,#4643);
#4641 = CARTESIAN_POINT('',(-32.5,-5.5,28.5));
#4642 = DIRECTION('',(0.,0.,1.));
#4643 = DIRECTION('',(1.,0.,0.));
#4644 = DEFINITIONAL_REPRESENTATION('',(#4645),#4648);
#4645 = B_SPLINE_CURVE_WITH_KNOTS('',1,(#4646,#4647),.UNSPECIFIED.,.F.,
  .F.,(2,2),(-4.25,-1.25),.PIECEWISE_BEZIER_KNOTS.);
#4646 = CARTESIAN_POINT('',(0.5,3.));
#4647 = CARTESIAN_POINT('',(0.5,0.));
#4648 = ( GEOMETRIC_REPRESENTATION_CONTEXT(2) 
PARAMETRIC_REPRESENTATION_CONTEXT() REPRESENTATION_CONTEXT('2D SPACE',''
  ) );
#4649 = ORIENTED_EDGE('',*,*,#4650,.F.);
#4650 = EDGE_CURVE('',#4571,#4625,#4651,.T.);
#4651 = SURFACE_CURVE('',#4652,(#4656,#4662),.PCURVE_S1.);
#4652 = LINE('',#4653,#4654);
#4653 = CARTESIAN_POINT('',(-32.,-2.5,23.5));
#4654 = VECTOR('',#4655,1.);
#4655 = DIRECTION('',(0.,0.,1.));
#4656 = PCURVE('',#4318,#4657);
#4657 = DEFINITIONAL_REPRESENTATION('',(#4658),#4661);
#4658 = B_SPLINE_CURVE_WITH_KNOTS('',1,(#4659,#4660),.UNSPECIFIED.,.F.,
  .F.,(2,2),(2.,5.),.PIECEWISE_BEZIER_KNOTS.);
#4659 = CARTESIAN_POINT('',(4.,-5.5));
#4660 = CARTESIAN_POINT('',(7.,-5.5));
#4661 = ( GEOMETRIC_REPRESENTATION_CONTEXT(2) 
PARAMETRIC_REPRESENTATION_CONTEXT() REPRESENTATION_CONTEXT('2D SPACE',''
  ) );
#4662 = PCURVE('',#4663,#4668);
#4663 = PLANE('',#4664);
#4664 = AXIS2_PLACEMENT_3D('',#4665,#4666,#4667);
#4665 = CARTESIAN_POINT('',(-32.5,-2.5,25.5));
#4666 = DIRECTION('',(0.,1.,0.));
#4667 = DIRECTION('',(0.,0.,1.));
#4668 = DEFINITIONAL_REPRESENTATION('',(#4669),#4672);
#4669 = B_SPLINE_CURVE_WITH_KNOTS('',1,(#4670,#4671),.UNSPECIFIED.,.F.,
  .F.,(2,2),(2.,5.),.PIECEWISE_BEZIER_KNOTS.);
#4670 = CARTESIAN_POINT('',(0.,0.5));
#4671 = CARTESIAN_POINT('',(3.,0.5));
#4672 = ( GEOMETRIC_REPRESENTATION_CONTEXT(2) 
PARAMETRIC_REPRESENTATION_CONTEXT() REPRESENTATION_CONTEXT('2D SPACE',''
  ) );
#4673 = ADVANCED_FACE('',(#4674),#4481,.F.);
#4674 = FACE_BOUND('',#4675,.F.);
#4675 = EDGE_LOOP('',(#4676,#4699,#4700,#4723));
#4676 = ORIENTED_EDGE('',*,*,#4677,.F.);
#4677 = EDGE_CURVE('',#4465,#4678,#4680,.T.);
#4678 = VERTEX_POINT('',#4679);
#4679 = CARTESIAN_POINT('',(-27.5,5.5,25.5));
#4680 = SURFACE_CURVE('',#4681,(#4685,#4692),.PCURVE_S1.);
#4681 = LINE('',#4682,#4683);
#4682 = CARTESIAN_POINT('',(-32.5,5.5,25.5));
#4683 = VECTOR('',#4684,1.);
#4684 = DIRECTION('',(1.,0.,0.));
#4685 = PCURVE('',#4481,#4686);
#4686 = DEFINITIONAL_REPRESENTATION('',(#4687),#4691);
#4687 = LINE('',#4688,#4689);
#4688 = CARTESIAN_POINT('',(0.,3.));
#4689 = VECTOR('',#4690,1.);
#4690 = DIRECTION('',(1.,0.));
#4691 = ( GEOMETRIC_REPRESENTATION_CONTEXT(2) 
PARAMETRIC_REPRESENTATION_CONTEXT() REPRESENTATION_CONTEXT('2D SPACE',''
  ) );
#4692 = PCURVE('',#4557,#4693);
#4693 = DEFINITIONAL_REPRESENTATION('',(#4694),#4698);
#4694 = LINE('',#4695,#4696);
#4695 = CARTESIAN_POINT('',(0.,0.));
#4696 = VECTOR('',#4697,1.);
#4697 = DIRECTION('',(0.,1.));
#4698 = ( GEOMETRIC_REPRESENTATION_CONTEXT(2) 
PARAMETRIC_REPRESENTATION_CONTEXT() REPRESENTATION_CONTEXT('2D SPACE',''
  ) );
#4699 = ORIENTED_EDGE('',*,*,#4464,.T.);
#4700 = ORIENTED_EDGE('',*,*,#4701,.T.);
#4701 = EDGE_CURVE('',#4467,#4702,#4704,.T.);
#4702 = VERTEX_POINT('',#4703);
#4703 = CARTESIAN_POINT('',(-27.5,2.5,25.5));
#4704 = SURFACE_CURVE('',#4705,(#4709,#4716),.PCURVE_S1.);
#4705 = LINE('',#4706,#4707);
#4706 = CARTESIAN_POINT('',(-32.5,2.5,25.5));
#4707 = VECTOR('',#4708,1.);
#4708 = DIRECTION('',(1.,0.,0.));
#4709 = PCURVE('',#4481,#4710);
#4710 = DEFINITIONAL_REPRESENTATION('',(#4711),#4715);
#4711 = LINE('',#4712,#4713);
#4712 = CARTESIAN_POINT('',(0.,0.));
#4713 = VECTOR('',#4714,1.);
#4714 = DIRECTION('',(1.,0.));
#4715 = ( GEOMETRIC_REPRESENTATION_CONTEXT(2) 
PARAMETRIC_REPRESENTATION_CONTEXT() REPRESENTATION_CONTEXT('2D SPACE',''
  ) );
#4716 = PCURVE('',#4507,#4717);
#4717 = DEFINITIONAL_REPRESENTATION('',(#4718),#4722);
#4718 = LINE('',#4719,#4720);
#4719 = CARTESIAN_POINT('',(0.,0.));
#4720 = VECTOR('',#4721,1.);
#4721 = DIRECTION('',(0.,1.));
#4722 = ( GEOMETRIC_REPRESENTATION_CONTEXT(2) 
PARAMETRIC_REPRESENTATION_CONTEXT() REPRESENTATION_CONTEXT('2D SPACE',''
  ) );
#4723 = ORIENTED_EDGE('',*,*,#4724,.T.);
#4724 = EDGE_CURVE('',#4702,#4678,#4725,.T.);
#4725 = SURFACE_CURVE('',#4726,(#4730,#4737),.PCURVE_S1.);
#4726 = LINE('',#4727,#4728);
#4727 = CARTESIAN_POINT('',(-27.5,2.5,25.5));
#4728 = VECTOR('',#4729,1.);
#4729 = DIRECTION('',(0.,1.,0.));
#4730 = PCURVE('',#4481,#4731);
#4731 = DEFINITIONAL_REPRESENTATION('',(#4732),#4736);
#4732 = LINE('',#4733,#4734);
#4733 = CARTESIAN_POINT('',(5.,0.));
#4734 = VECTOR('',#4735,1.);
#4735 = DIRECTION('',(0.,1.));
#4736 = ( GEOMETRIC_REPRESENTATION_CONTEXT(2) 
PARAMETRIC_REPRESENTATION_CONTEXT() REPRESENTATION_CONTEXT('2D SPACE',''
  ) );
#4737 = PCURVE('',#4738,#4743);
#4738 = PLANE('',#4739);
#4739 = AXIS2_PLACEMENT_3D('',#4740,#4741,#4742);
#4740 = CARTESIAN_POINT('',(-27.5,2.5,25.5));
#4741 = DIRECTION('',(1.,0.,0.));
#4742 = DIRECTION('',(0.,0.,1.));
#4743 = DEFINITIONAL_REPRESENTATION('',(#4744),#4748);
#4744 = LINE('',#4745,#4746);
#4745 = CARTESIAN_POINT('',(0.,0.));
#4746 = VECTOR('',#4747,1.);
#4747 = DIRECTION('',(0.,-1.));
#4748 = ( GEOMETRIC_REPRESENTATION_CONTEXT(2) 
PARAMETRIC_REPRESENTATION_CONTEXT() REPRESENTATION_CONTEXT('2D SPACE',''
  ) );
#4749 = ADVANCED_FACE('',(#4750),#4557,.T.);
#4750 = FACE_BOUND('',#4751,.T.);
#4751 = EDGE_LOOP('',(#4752,#4753,#4754,#4777));
#4752 = ORIENTED_EDGE('',*,*,#4677,.F.);
#4753 = ORIENTED_EDGE('',*,*,#4544,.T.);
#4754 = ORIENTED_EDGE('',*,*,#4755,.T.);
#4755 = EDGE_CURVE('',#4519,#4756,#4758,.T.);
#4756 = VERTEX_POINT('',#4757);
#4757 = CARTESIAN_POINT('',(-27.5,5.5,28.5));
#4758 = SURFACE_CURVE('',#4759,(#4763,#4770),.PCURVE_S1.);
#4759 = LINE('',#4760,#4761);
#4760 = CARTESIAN_POINT('',(-32.5,5.5,28.5));
#4761 = VECTOR('',#4762,1.);
#4762 = DIRECTION('',(1.,0.,0.));
#4763 = PCURVE('',#4557,#4764);
#4764 = DEFINITIONAL_REPRESENTATION('',(#4765),#4769);
#4765 = LINE('',#4766,#4767);
#4766 = CARTESIAN_POINT('',(3.,0.));
#4767 = VECTOR('',#4768,1.);
#4768 = DIRECTION('',(0.,1.));
#4769 = ( GEOMETRIC_REPRESENTATION_CONTEXT(2) 
PARAMETRIC_REPRESENTATION_CONTEXT() REPRESENTATION_CONTEXT('2D SPACE',''
  ) );
#4770 = PCURVE('',#4533,#4771);
#4771 = DEFINITIONAL_REPRESENTATION('',(#4772),#4776);
#4772 = LINE('',#4773,#4774);
#4773 = CARTESIAN_POINT('',(0.,3.));
#4774 = VECTOR('',#4775,1.);
#4775 = DIRECTION('',(1.,0.));
#4776 = ( GEOMETRIC_REPRESENTATION_CONTEXT(2) 
PARAMETRIC_REPRESENTATION_CONTEXT() REPRESENTATION_CONTEXT('2D SPACE',''
  ) );
#4777 = ORIENTED_EDGE('',*,*,#4778,.F.);
#4778 = EDGE_CURVE('',#4678,#4756,#4779,.T.);
#4779 = SURFACE_CURVE('',#4780,(#4784,#4791),.PCURVE_S1.);
#4780 = LINE('',#4781,#4782);
#4781 = CARTESIAN_POINT('',(-27.5,5.5,25.5));
#4782 = VECTOR('',#4783,1.);
#4783 = DIRECTION('',(0.,0.,1.));
#4784 = PCURVE('',#4557,#4785);
#4785 = DEFINITIONAL_REPRESENTATION('',(#4786),#4790);
#4786 = LINE('',#4787,#4788);
#4787 = CARTESIAN_POINT('',(0.,5.));
#4788 = VECTOR('',#4789,1.);
#4789 = DIRECTION('',(1.,0.));
#4790 = ( GEOMETRIC_REPRESENTATION_CONTEXT(2) 
PARAMETRIC_REPRESENTATION_CONTEXT() REPRESENTATION_CONTEXT('2D SPACE',''
  ) );
#4791 = PCURVE('',#4738,#4792);
#4792 = DEFINITIONAL_REPRESENTATION('',(#4793),#4797);
#4793 = LINE('',#4794,#4795);
#4794 = CARTESIAN_POINT('',(0.,-3.));
#4795 = VECTOR('',#4796,1.);
#4796 = DIRECTION('',(1.,0.));
#4797 = ( GEOMETRIC_REPRESENTATION_CONTEXT(2) 
PARAMETRIC_REPRESENTATION_CONTEXT() REPRESENTATION_CONTEXT('2D SPACE',''
  ) );
#4798 = ADVANCED_FACE('',(#4799),#4533,.T.);
#4799 = FACE_BOUND('',#4800,.T.);
#4800 = EDGE_LOOP('',(#4801,#4802,#4803,#4826));
#4801 = ORIENTED_EDGE('',*,*,#4755,.F.);
#4802 = ORIENTED_EDGE('',*,*,#4518,.T.);
#4803 = ORIENTED_EDGE('',*,*,#4804,.T.);
#4804 = EDGE_CURVE('',#4493,#4805,#4807,.T.);
#4805 = VERTEX_POINT('',#4806);
#4806 = CARTESIAN_POINT('',(-27.5,2.5,28.5));
#4807 = SURFACE_CURVE('',#4808,(#4812,#4819),.PCURVE_S1.);
#4808 = LINE('',#4809,#4810);
#4809 = CARTESIAN_POINT('',(-32.5,2.5,28.5));
#4810 = VECTOR('',#4811,1.);
#4811 = DIRECTION('',(1.,0.,0.));
#4812 = PCURVE('',#4533,#4813);
#4813 = DEFINITIONAL_REPRESENTATION('',(#4814),#4818);
#4814 = LINE('',#4815,#4816);
#4815 = CARTESIAN_POINT('',(0.,0.));
#4816 = VECTOR('',#4817,1.);
#4817 = DIRECTION('',(1.,0.));
#4818 = ( GEOMETRIC_REPRESENTATION_CONTEXT(2) 
PARAMETRIC_REPRESENTATION_CONTEXT() REPRESENTATION_CONTEXT('2D SPACE',''
  ) );
#4819 = PCURVE('',#4507,#4820);
#4820 = DEFINITIONAL_REPRESENTATION('',(#4821),#4825);
#4821 = LINE('',#4822,#4823);
#4822 = CARTESIAN_POINT('',(3.,0.));
#4823 = VECTOR('',#4824,1.);
#4824 = DIRECTION('',(0.,1.));
#4825 = ( GEOMETRIC_REPRESENTATION_CONTEXT(2) 
PARAMETRIC_REPRESENTATION_CONTEXT() REPRESENTATION_CONTEXT('2D SPACE',''
  ) );
#4826 = ORIENTED_EDGE('',*,*,#4827,.T.);
#4827 = EDGE_CURVE('',#4805,#4756,#4828,.T.);
#4828 = SURFACE_CURVE('',#4829,(#4833,#4840),.PCURVE_S1.);
#4829 = LINE('',#4830,#4831);
#4830 = CARTESIAN_POINT('',(-27.5,2.5,28.5));
#4831 = VECTOR('',#4832,1.);
#4832 = DIRECTION('',(0.,1.,0.));
#4833 = PCURVE('',#4533,#4834);
#4834 = DEFINITIONAL_REPRESENTATION('',(#4835),#4839);
#4835 = LINE('',#4836,#4837);
#4836 = CARTESIAN_POINT('',(5.,0.));
#4837 = VECTOR('',#4838,1.);
#4838 = DIRECTION('',(0.,1.));
#4839 = ( GEOMETRIC_REPRESENTATION_CONTEXT(2) 
PARAMETRIC_REPRESENTATION_CONTEXT() REPRESENTATION_CONTEXT('2D SPACE',''
  ) );
#4840 = PCURVE('',#4738,#4841);
#4841 = DEFINITIONAL_REPRESENTATION('',(#4842),#4846);
#4842 = LINE('',#4843,#4844);
#4843 = CARTESIAN_POINT('',(3.,0.));
#4844 = VECTOR('',#4845,1.);
#4845 = DIRECTION('',(0.,-1.));
#4846 = ( GEOMETRIC_REPRESENTATION_CONTEXT(2) 
PARAMETRIC_REPRESENTATION_CONTEXT() REPRESENTATION_CONTEXT('2D SPACE',''
  ) );
#4847 = ADVANCED_FACE('',(#4848),#4507,.F.);
#4848 = FACE_BOUND('',#4849,.F.);
#4849 = EDGE_LOOP('',(#4850,#4851,#4852,#4853));
#4850 = ORIENTED_EDGE('',*,*,#4701,.F.);
#4851 = ORIENTED_EDGE('',*,*,#4492,.T.);
#4852 = ORIENTED_EDGE('',*,*,#4804,.T.);
#4853 = ORIENTED_EDGE('',*,*,#4854,.F.);
#4854 = EDGE_CURVE('',#4702,#4805,#4855,.T.);
#4855 = SURFACE_CURVE('',#4856,(#4860,#4867),.PCURVE_S1.);
#4856 = LINE('',#4857,#4858);
#4857 = CARTESIAN_POINT('',(-27.5,2.5,25.5));
#4858 = VECTOR('',#4859,1.);
#4859 = DIRECTION('',(0.,0.,1.));
#4860 = PCURVE('',#4507,#4861);
#4861 = DEFINITIONAL_REPRESENTATION('',(#4862),#4866);
#4862 = LINE('',#4863,#4864);
#4863 = CARTESIAN_POINT('',(0.,5.));
#4864 = VECTOR('',#4865,1.);
#4865 = DIRECTION('',(1.,0.));
#4866 = ( GEOMETRIC_REPRESENTATION_CONTEXT(2) 
PARAMETRIC_REPRESENTATION_CONTEXT() REPRESENTATION_CONTEXT('2D SPACE',''
  ) );
#4867 = PCURVE('',#4738,#4868);
#4868 = DEFINITIONAL_REPRESENTATION('',(#4869),#4873);
#4869 = LINE('',#4870,#4871);
#4870 = CARTESIAN_POINT('',(0.,0.));
#4871 = VECTOR('',#4872,1.);
#4872 = DIRECTION('',(1.,0.));
#4873 = ( GEOMETRIC_REPRESENTATION_CONTEXT(2) 
PARAMETRIC_REPRESENTATION_CONTEXT() REPRESENTATION_CONTEXT('2D SPACE',''
  ) );
#4874 = ADVANCED_FACE('',(#4875),#4587,.F.);
#4875 = FACE_BOUND('',#4876,.F.);
#4876 = EDGE_LOOP('',(#4877,#4900,#4901,#4924));
#4877 = ORIENTED_EDGE('',*,*,#4878,.F.);
#4878 = EDGE_CURVE('',#4571,#4879,#4881,.T.);
#4879 = VERTEX_POINT('',#4880);
#4880 = CARTESIAN_POINT('',(-27.5,-2.5,25.5));
#4881 = SURFACE_CURVE('',#4882,(#4886,#4893),.PCURVE_S1.);
#4882 = LINE('',#4883,#4884);
#4883 = CARTESIAN_POINT('',(-32.5,-2.5,25.5));
#4884 = VECTOR('',#4885,1.);
#4885 = DIRECTION('',(1.,0.,0.));
#4886 = PCURVE('',#4587,#4887);
#4887 = DEFINITIONAL_REPRESENTATION('',(#4888),#4892);
#4888 = LINE('',#4889,#4890);
#4889 = CARTESIAN_POINT('',(0.,3.));
#4890 = VECTOR('',#4891,1.);
#4891 = DIRECTION('',(1.,0.));
#4892 = ( GEOMETRIC_REPRESENTATION_CONTEXT(2) 
PARAMETRIC_REPRESENTATION_CONTEXT() REPRESENTATION_CONTEXT('2D SPACE',''
  ) );
#4893 = PCURVE('',#4663,#4894);
#4894 = DEFINITIONAL_REPRESENTATION('',(#4895),#4899);
#4895 = LINE('',#4896,#4897);
#4896 = CARTESIAN_POINT('',(0.,0.));
#4897 = VECTOR('',#4898,1.);
#4898 = DIRECTION('',(0.,1.));
#4899 = ( GEOMETRIC_REPRESENTATION_CONTEXT(2) 
PARAMETRIC_REPRESENTATION_CONTEXT() REPRESENTATION_CONTEXT('2D SPACE',''
  ) );
#4900 = ORIENTED_EDGE('',*,*,#4570,.T.);
#4901 = ORIENTED_EDGE('',*,*,#4902,.T.);
#4902 = EDGE_CURVE('',#4573,#4903,#4905,.T.);
#4903 = VERTEX_POINT('',#4904);
#4904 = CARTESIAN_POINT('',(-27.5,-5.5,25.5));
#4905 = SURFACE_CURVE('',#4906,(#4910,#4917),.PCURVE_S1.);
#4906 = LINE('',#4907,#4908);
#4907 = CARTESIAN_POINT('',(-32.5,-5.5,25.5));
#4908 = VECTOR('',#4909,1.);
#4909 = DIRECTION('',(1.,0.,0.));
#4910 = PCURVE('',#4587,#4911);
#4911 = DEFINITIONAL_REPRESENTATION('',(#4912),#4916);
#4912 = LINE('',#4913,#4914);
#4913 = CARTESIAN_POINT('',(0.,0.));
#4914 = VECTOR('',#4915,1.);
#4915 = DIRECTION('',(1.,0.));
#4916 = ( GEOMETRIC_REPRESENTATION_CONTEXT(2) 
PARAMETRIC_REPRESENTATION_CONTEXT() REPRESENTATION_CONTEXT('2D SPACE',''
  ) );
#4917 = PCURVE('',#4613,#4918);
#4918 = DEFINITIONAL_REPRESENTATION('',(#4919),#4923);
#4919 = LINE('',#4920,#4921);
#4920 = CARTESIAN_POINT('',(0.,0.));
#4921 = VECTOR('',#4922,1.);
#4922 = DIRECTION('',(0.,1.));
#4923 = ( GEOMETRIC_REPRESENTATION_CONTEXT(2) 
PARAMETRIC_REPRESENTATION_CONTEXT() REPRESENTATION_CONTEXT('2D SPACE',''
  ) );
#4924 = ORIENTED_EDGE('',*,*,#4925,.T.);
#4925 = EDGE_CURVE('',#4903,#4879,#4926,.T.);
#4926 = SURFACE_CURVE('',#4927,(#4931,#4938),.PCURVE_S1.);
#4927 = LINE('',#4928,#4929);
#4928 = CARTESIAN_POINT('',(-27.5,-5.5,25.5));
#4929 = VECTOR('',#4930,1.);
#4930 = DIRECTION('',(0.,1.,0.));
#4931 = PCURVE('',#4587,#4932);
#4932 = DEFINITIONAL_REPRESENTATION('',(#4933),#4937);
#4933 = LINE('',#4934,#4935);
#4934 = CARTESIAN_POINT('',(5.,0.));
#4935 = VECTOR('',#4936,1.);
#4936 = DIRECTION('',(0.,1.));
#4937 = ( GEOMETRIC_REPRESENTATION_CONTEXT(2) 
PARAMETRIC_REPRESENTATION_CONTEXT() REPRESENTATION_CONTEXT('2D SPACE',''
  ) );
#4938 = PCURVE('',#4939,#4944);
#4939 = PLANE('',#4940);
#4940 = AXIS2_PLACEMENT_3D('',#4941,#4942,#4943);
#4941 = CARTESIAN_POINT('',(-27.5,-5.5,25.5));
#4942 = DIRECTION('',(1.,0.,0.));
#4943 = DIRECTION('',(0.,0.,1.));
#4944 = DEFINITIONAL_REPRESENTATION('',(#4945),#4949);
#4945 = LINE('',#4946,#4947);
#4946 = CARTESIAN_POINT('',(0.,0.));
#4947 = VECTOR('',#4948,1.);
#4948 = DIRECTION('',(0.,-1.));
#4949 = ( GEOMETRIC_REPRESENTATION_CONTEXT(2) 
PARAMETRIC_REPRESENTATION_CONTEXT() REPRESENTATION_CONTEXT('2D SPACE',''
  ) );
#4950 = ADVANCED_FACE('',(#4951),#4663,.T.);
#4951 = FACE_BOUND('',#4952,.T.);
#4952 = EDGE_LOOP('',(#4953,#4954,#4955,#4978));
#4953 = ORIENTED_EDGE('',*,*,#4878,.F.);
#4954 = ORIENTED_EDGE('',*,*,#4650,.T.);
#4955 = ORIENTED_EDGE('',*,*,#4956,.T.);
#4956 = EDGE_CURVE('',#4625,#4957,#4959,.T.);
#4957 = VERTEX_POINT('',#4958);
#4958 = CARTESIAN_POINT('',(-27.5,-2.5,28.5));
#4959 = SURFACE_CURVE('',#4960,(#4964,#4971),.PCURVE_S1.);
#4960 = LINE('',#4961,#4962);
#4961 = CARTESIAN_POINT('',(-32.5,-2.5,28.5));
#4962 = VECTOR('',#4963,1.);
#4963 = DIRECTION('',(1.,0.,0.));
#4964 = PCURVE('',#4663,#4965);
#4965 = DEFINITIONAL_REPRESENTATION('',(#4966),#4970);
#4966 = LINE('',#4967,#4968);
#4967 = CARTESIAN_POINT('',(3.,0.));
#4968 = VECTOR('',#4969,1.);
#4969 = DIRECTION('',(0.,1.));
#4970 = ( GEOMETRIC_REPRESENTATION_CONTEXT(2) 
PARAMETRIC_REPRESENTATION_CONTEXT() REPRESENTATION_CONTEXT('2D SPACE',''
  ) );
#4971 = PCURVE('',#4639,#4972);
#4972 = DEFINITIONAL_REPRESENTATION('',(#4973),#4977);
#4973 = LINE('',#4974,#4975);
#4974 = CARTESIAN_POINT('',(0.,3.));
#4975 = VECTOR('',#4976,1.);
#4976 = DIRECTION('',(1.,0.));
#4977 = ( GEOMETRIC_REPRESENTATION_CONTEXT(2) 
PARAMETRIC_REPRESENTATION_CONTEXT() REPRESENTATION_CONTEXT('2D SPACE',''
  ) );
#4978 = ORIENTED_EDGE('',*,*,#4979,.F.);
#4979 = EDGE_CURVE('',#4879,#4957,#4980,.T.);
#4980 = SURFACE_CURVE('',#4981,(#4985,#4992),.PCURVE_S1.);
#4981 = LINE('',#4982,#4983);
#4982 = CARTESIAN_POINT('',(-27.5,-2.5,25.5));
#4983 = VECTOR('',#4984,1.);
#4984 = DIRECTION('',(0.,0.,1.));
#4985 = PCURVE('',#4663,#4986);
#4986 = DEFINITIONAL_REPRESENTATION('',(#4987),#4991);
#4987 = LINE('',#4988,#4989);
#4988 = CARTESIAN_POINT('',(0.,5.));
#4989 = VECTOR('',#4990,1.);
#4990 = DIRECTION('',(1.,0.));
#4991 = ( GEOMETRIC_REPRESENTATION_CONTEXT(2) 
PARAMETRIC_REPRESENTATION_CONTEXT() REPRESENTATION_CONTEXT('2D SPACE',''
  ) );
#4992 = PCURVE('',#4939,#4993);
#4993 = DEFINITIONAL_REPRESENTATION('',(#4994),#4998);
#4994 = LINE('',#4995,#4996);
#4995 = CARTESIAN_POINT('',(0.,-3.));
#4996 = VECTOR('',#4997,1.);
#4997 = DIRECTION('',(1.,0.));
#4998 = ( GEOMETRIC_REPRESENTATION_CONTEXT(2) 
PARAMETRIC_REPRESENTATION_CONTEXT() REPRESENTATION_CONTEXT('2D SPACE',''
  ) );
#4999 = ADVANCED_FACE('',(#5000),#4613,.F.);
#5000 = FACE_BOUND('',#5001,.F.);
#5001 = EDGE_LOOP('',(#5002,#5003,#5004,#5027));
#5002 = ORIENTED_EDGE('',*,*,#4902,.F.);
#5003 = ORIENTED_EDGE('',*,*,#4598,.T.);
#5004 = ORIENTED_EDGE('',*,*,#5005,.T.);
#5005 = EDGE_CURVE('',#4599,#5006,#5008,.T.);
#5006 = VERTEX_POINT('',#5007);
#5007 = CARTESIAN_POINT('',(-27.5,-5.5,28.5));
#5008 = SURFACE_CURVE('',#5009,(#5013,#5020),.PCURVE_S1.);
#5009 = LINE('',#5010,#5011);
#5010 = CARTESIAN_POINT('',(-32.5,-5.5,28.5));
#5011 = VECTOR('',#5012,1.);
#5012 = DIRECTION('',(1.,0.,0.));
#5013 = PCURVE('',#4613,#5014);
#5014 = DEFINITIONAL_REPRESENTATION('',(#5015),#5019);
#5015 = LINE('',#5016,#5017);
#5016 = CARTESIAN_POINT('',(3.,0.));
#5017 = VECTOR('',#5018,1.);
#5018 = DIRECTION('',(0.,1.));
#5019 = ( GEOMETRIC_REPRESENTATION_CONTEXT(2) 
PARAMETRIC_REPRESENTATION_CONTEXT() REPRESENTATION_CONTEXT('2D SPACE',''
  ) );
#5020 = PCURVE('',#4639,#5021);
#5021 = DEFINITIONAL_REPRESENTATION('',(#5022),#5026);
#5022 = LINE('',#5023,#5024);
#5023 = CARTESIAN_POINT('',(0.,0.));
#5024 = VECTOR('',#5025,1.);
#5025 = DIRECTION('',(1.,0.));
#5026 = ( GEOMETRIC_REPRESENTATION_CONTEXT(2) 
PARAMETRIC_REPRESENTATION_CONTEXT() REPRESENTATION_CONTEXT('2D SPACE',''
  ) );
#5027 = ORIENTED_EDGE('',*,*,#5028,.F.);
#5028 = EDGE_CURVE('',#4903,#5006,#5029,.T.);
#5029 = SURFACE_CURVE('',#5030,(#5034,#5041),.PCURVE_S1.);
#5030 = LINE('',#5031,#5032);
#5031 = CARTESIAN_POINT('',(-27.5,-5.5,25.5));
#5032 = VECTOR('',#5033,1.);
#5033 = DIRECTION('',(0.,0.,1.));
#5034 = PCURVE('',#4613,#5035);
#5035 = DEFINITIONAL_REPRESENTATION('',(#5036),#5040);
#5036 = LINE('',#5037,#5038);
#5037 = CARTESIAN_POINT('',(0.,5.));
#5038 = VECTOR('',#5039,1.);
#5039 = DIRECTION('',(1.,0.));
#5040 = ( GEOMETRIC_REPRESENTATION_CONTEXT(2) 
PARAMETRIC_REPRESENTATION_CONTEXT() REPRESENTATION_CONTEXT('2D SPACE',''
  ) );
#5041 = PCURVE('',#4939,#5042);
#5042 = DEFINITIONAL_REPRESENTATION('',(#5043),#5047);
#5043 = LINE('',#5044,#5045);
#5044 = CARTESIAN_POINT('',(0.,0.));
#5045 = VECTOR('',#5046,1.);
#5046 = DIRECTION('',(1.,0.));
#5047 = ( GEOMETRIC_REPRESENTATION_CONTEXT(2) 
PARAMETRIC_REPRESENTATION_CONTEXT() REPRESENTATION_CONTEXT('2D SPACE',''
  ) );
#5048 = ADVANCED_FACE('',(#5049),#4639,.T.);
#5049 = FACE_BOUND('',#5050,.T.);
#5050 = EDGE_LOOP('',(#5051,#5052,#5053,#5054));
#5051 = ORIENTED_EDGE('',*,*,#4956,.F.);
#5052 = ORIENTED_EDGE('',*,*,#4624,.T.);
#5053 = ORIENTED_EDGE('',*,*,#5005,.T.);
#5054 = ORIENTED_EDGE('',*,*,#5055,.T.);
#5055 = EDGE_CURVE('',#5006,#4957,#5056,.T.);
#5056 = SURFACE_CURVE('',#5057,(#5061,#5068),.PCURVE_S1.);
#5057 = LINE('',#5058,#5059);
#5058 = CARTESIAN_POINT('',(-27.5,-5.5,28.5));
#5059 = VECTOR('',#5060,1.);
#5060 = DIRECTION('',(0.,1.,0.));
#5061 = PCURVE('',#4639,#5062);
#5062 = DEFINITIONAL_REPRESENTATION('',(#5063),#5067);
#5063 = LINE('',#5064,#5065);
#5064 = CARTESIAN_POINT('',(5.,0.));
#5065 = VECTOR('',#5066,1.);
#5066 = DIRECTION('',(0.,1.));
#5067 = ( GEOMETRIC_REPRESENTATION_CONTEXT(2) 
PARAMETRIC_REPRESENTATION_CONTEXT() REPRESENTATION_CONTEXT('2D SPACE',''
  ) );
#5068 = PCURVE('',#4939,#5069);
#5069 = DEFINITIONAL_REPRESENTATION('',(#5070),#5074);
#5070 = LINE('',#5071,#5072);
#5071 = CARTESIAN_POINT('',(3.,0.));
#5072 = VECTOR('',#5073,1.);
#5073 = DIRECTION('',(0.,-1.));
#5074 = ( GEOMETRIC_REPRESENTATION_CONTEXT(2) 
PARAMETRIC_REPRESENTATION_CONTEXT() REPRESENTATION_CONTEXT('2D SPACE',''
  ) );
#5075 = ADVANCED_FACE('',(#5076),#4738,.T.);
#5076 = FACE_BOUND('',#5077,.T.);
#5077 = EDGE_LOOP('',(#5078,#5079,#5080,#5081));
#5078 = ORIENTED_EDGE('',*,*,#4854,.F.);
#5079 = ORIENTED_EDGE('',*,*,#4724,.T.);
#5080 = ORIENTED_EDGE('',*,*,#4778,.T.);
#5081 = ORIENTED_EDGE('',*,*,#4827,.F.);
#5082 = ADVANCED_FACE('',(#5083),#4939,.T.);
#5083 = FACE_BOUND('',#5084,.T.);
#5084 = EDGE_LOOP('',(#5085,#5086,#5087,#5088));
#5085 = ORIENTED_EDGE('',*,*,#5028,.F.);
#5086 = ORIENTED_EDGE('',*,*,#4925,.T.);
#5087 = ORIENTED_EDGE('',*,*,#4979,.T.);
#5088 = ORIENTED_EDGE('',*,*,#5055,.F.);
#5089 = ( GEOMETRIC_REPRESENTATION_CONTEXT(3) 
GLOBAL_UNCERTAINTY_ASSIGNED_CONTEXT((#5093)) 
GLOBAL_UNIT_ASSIGNED_CONTEXT((#5090,#5091,#5092)) REPRESENTATION_CONTEXT
('Context #1','3D Context with UNIT and UNCERTAINTY') );
#5090 = ( LENGTH_UNIT() NAMED_UNIT(*) SI_UNIT(.MILLI.,.METRE.) );
#5091 = ( NAMED_UNIT(*) PLANE_ANGLE_UNIT() SI_UNIT($,.RADIAN.) );
#5092 = ( NAMED_UNIT(*) SI_UNIT($,.STERADIAN.) SOLID_ANGLE_UNIT() );
#5093 = UNCERTAINTY_MEASURE_WITH_UNIT(LENGTH_MEASURE(1.E-07),#5090,
  'distance_accuracy_value','confusion accuracy');
#5094 = CONTEXT_DEPENDENT_SHAPE_REPRESENTATION(#5095,#5097);
#5095 = ( REPRESENTATION_RELATIONSHIP('','',#4130,#10) 
REPRESENTATION_RELATIONSHIP_WITH_TRANSFORMATION(#5096) 
SHAPE_REPRESENTATION_RELATIONSHIP() );
#5096 = ITEM_DEFINED_TRANSFORMATION('','',#11,#19);
#5097 = PRODUCT_DEFINITION_SHAPE('Placement','Placement of an item',
  #5098);
#5098 = NEXT_ASSEMBLY_USAGE_OCCURRENCE('2','connector','',#5,#4125,$);
#5099 = PRODUCT_RELATED_PRODUCT_CATEGORY('part',$,(#4127));
#5100 = SHAPE_DEFINITION_REPRESENTATION(#5101,#5107);
#5101 = PRODUCT_DEFINITION_SHAPE('','',#5102);
#5102 = PRODUCT_DEFINITION('design','',#5103,#5106);
#5103 = PRODUCT_DEFINITION_FORMATION('','',#5104);
#5104 = PRODUCT('battery','battery','',(#5105));
#5105 = PRODUCT_CONTEXT('',#2,'mechanical');
#5106 = PRODUCT_DEFINITION_CONTEXT('part definition',#2,'design');
#5107 = ADVANCED_BREP_SHAPE_REPRESENTATION('',(#11,#5108),#7340);
#5108 = MANIFOLD_SOLID_BREP('',#5109);
#5109 = CLOSED_SHELL('',(#5110,#5568,#5700,#5749,#5798,#5870,#5942,#5991
    ,#6040,#6117,#6194,#6243,#6292,#6479,#6555,#6604,#6653,#6680,#6707,
    #6734,#6903,#6910,#6917,#6993,#7042,#7091,#7118,#7125,#7201,#7250,
    #7299,#7326,#7333));
#5110 = ADVANCED_FACE('',(#5111,#5454),#5125,.F.);
#5111 = FACE_BOUND('',#5112,.F.);
#5112 = EDGE_LOOP('',(#5113,#5148,#5176,#5204,#5232,#5260,#5288,#5316,
    #5344,#5372,#5400,#5428));
#5113 = ORIENTED_EDGE('',*,*,#5114,.F.);
#5114 = EDGE_CURVE('',#5115,#5117,#5119,.T.);
#5115 = VERTEX_POINT('',#5116);
#5116 = CARTESIAN_POINT('',(-39.,-19.,38.));
#5117 = VERTEX_POINT('',#5118);
#5118 = CARTESIAN_POINT('',(-39.,19.,38.));
#5119 = SURFACE_CURVE('',#5120,(#5124,#5136),.PCURVE_S1.);
#5120 = LINE('',#5121,#5122);
#5121 = CARTESIAN_POINT('',(-39.,-21.,38.));
#5122 = VECTOR('',#5123,1.);
#5123 = DIRECTION('',(0.,1.,0.));
#5124 = PCURVE('',#5125,#5130);
#5125 = PLANE('',#5126);
#5126 = AXIS2_PLACEMENT_3D('',#5127,#5128,#5129);
#5127 = CARTESIAN_POINT('',(-39.,-21.,4.));
#5128 = DIRECTION('',(1.,0.,0.));
#5129 = DIRECTION('',(0.,0.,1.));
#5130 = DEFINITIONAL_REPRESENTATION('',(#5131),#5135);
#5131 = LINE('',#5132,#5133);
#5132 = CARTESIAN_POINT('',(34.,0.));
#5133 = VECTOR('',#5134,1.);
#5134 = DIRECTION('',(0.,-1.));
#5135 = ( GEOMETRIC_REPRESENTATION_CONTEXT(2) 
PARAMETRIC_REPRESENTATION_CONTEXT() REPRESENTATION_CONTEXT('2D SPACE',''
  ) );
#5136 = PCURVE('',#5137,#5142);
#5137 = PLANE('',#5138);
#5138 = AXIS2_PLACEMENT_3D('',#5139,#5140,#5141);
#5139 = CARTESIAN_POINT('',(-39.,-21.,38.));
#5140 = DIRECTION('',(0.,0.,1.));
#5141 = DIRECTION('',(1.,0.,0.));
#5142 = DEFINITIONAL_REPRESENTATION('',(#5143),#5147);
#5143 = LINE('',#5144,#5145);
#5144 = CARTESIAN_POINT('',(0.,0.));
#5145 = VECTOR('',#5146,1.);
#5146 = DIRECTION('',(0.,1.));
#5147 = ( GEOMETRIC_REPRESENTATION_CONTEXT(2) 
PARAMETRIC_REPRESENTATION_CONTEXT() REPRESENTATION_CONTEXT('2D SPACE',''
  ) );
#5148 = ORIENTED_EDGE('',*,*,#5149,.F.);
#5149 = EDGE_CURVE('',#5150,#5115,#5152,.T.);
#5150 = VERTEX_POINT('',#5151);
#5151 = CARTESIAN_POINT('',(-39.,-19.,24.));
#5152 = SURFACE_CURVE('',#5153,(#5157,#5164),.PCURVE_S1.);
#5153 = LINE('',#5154,#5155);
#5154 = CARTESIAN_POINT('',(-39.,-19.,4.));
#5155 = VECTOR('',#5156,1.);
#5156 = DIRECTION('',(0.,0.,1.));
#5157 = PCURVE('',#5125,#5158);
#5158 = DEFINITIONAL_REPRESENTATION('',(#5159),#5163);
#5159 = LINE('',#5160,#5161);
#5160 = CARTESIAN_POINT('',(0.,-2.));
#5161 = VECTOR('',#5162,1.);
#5162 = DIRECTION('',(1.,0.));
#5163 = ( GEOMETRIC_REPRESENTATION_CONTEXT(2) 
PARAMETRIC_REPRESENTATION_CONTEXT() REPRESENTATION_CONTEXT('2D SPACE',''
  ) );
#5164 = PCURVE('',#5165,#5170);
#5165 = PLANE('',#5166);
#5166 = AXIS2_PLACEMENT_3D('',#5167,#5168,#5169);
#5167 = CARTESIAN_POINT('',(-38.,-20.,4.));
#5168 = DIRECTION('',(-0.707106781187,-0.707106781187,0.));
#5169 = DIRECTION('',(-0.,-0.,-1.));
#5170 = DEFINITIONAL_REPRESENTATION('',(#5171),#5175);
#5171 = LINE('',#5172,#5173);
#5172 = CARTESIAN_POINT('',(-0.,-1.414213562373));
#5173 = VECTOR('',#5174,1.);
#5174 = DIRECTION('',(-1.,0.));
#5175 = ( GEOMETRIC_REPRESENTATION_CONTEXT(2) 
PARAMETRIC_REPRESENTATION_CONTEXT() REPRESENTATION_CONTEXT('2D SPACE',''
  ) );
#5176 = ORIENTED_EDGE('',*,*,#5177,.F.);
#5177 = EDGE_CURVE('',#5178,#5150,#5180,.T.);
#5178 = VERTEX_POINT('',#5179);
#5179 = CARTESIAN_POINT('',(-39.,-24.,24.));
#5180 = SURFACE_CURVE('',#5181,(#5185,#5192),.PCURVE_S1.);
#5181 = LINE('',#5182,#5183);
#5182 = CARTESIAN_POINT('',(-39.,-24.,24.));
#5183 = VECTOR('',#5184,1.);
#5184 = DIRECTION('',(0.,1.,0.));
#5185 = PCURVE('',#5125,#5186);
#5186 = DEFINITIONAL_REPRESENTATION('',(#5187),#5191);
#5187 = LINE('',#5188,#5189);
#5188 = CARTESIAN_POINT('',(20.,3.));
#5189 = VECTOR('',#5190,1.);
#5190 = DIRECTION('',(0.,-1.));
#5191 = ( GEOMETRIC_REPRESENTATION_CONTEXT(2) 
PARAMETRIC_REPRESENTATION_CONTEXT() REPRESENTATION_CONTEXT('2D SPACE',''
  ) );
#5192 = PCURVE('',#5193,#5198);
#5193 = PLANE('',#5194);
#5194 = AXIS2_PLACEMENT_3D('',#5195,#5196,#5197);
#5195 = CARTESIAN_POINT('',(-39.,-24.,24.));
#5196 = DIRECTION('',(0.,0.,1.));
#5197 = DIRECTION('',(1.,0.,0.));
#5198 = DEFINITIONAL_REPRESENTATION('',(#5199),#5203);
#5199 = LINE('',#5200,#5201);
#5200 = CARTESIAN_POINT('',(0.,0.));
#5201 = VECTOR('',#5202,1.);
#5202 = DIRECTION('',(0.,1.));
#5203 = ( GEOMETRIC_REPRESENTATION_CONTEXT(2) 
PARAMETRIC_REPRESENTATION_CONTEXT() REPRESENTATION_CONTEXT('2D SPACE',''
  ) );
#5204 = ORIENTED_EDGE('',*,*,#5205,.F.);
#5205 = EDGE_CURVE('',#5206,#5178,#5208,.T.);
#5206 = VERTEX_POINT('',#5207);
#5207 = CARTESIAN_POINT('',(-39.,-24.,18.));
#5208 = SURFACE_CURVE('',#5209,(#5213,#5220),.PCURVE_S1.);
#5209 = LINE('',#5210,#5211);
#5210 = CARTESIAN_POINT('',(-39.,-24.,18.));
#5211 = VECTOR('',#5212,1.);
#5212 = DIRECTION('',(0.,0.,1.));
#5213 = PCURVE('',#5125,#5214);
#5214 = DEFINITIONAL_REPRESENTATION('',(#5215),#5219);
#5215 = LINE('',#5216,#5217);
#5216 = CARTESIAN_POINT('',(14.,3.));
#5217 = VECTOR('',#5218,1.);
#5218 = DIRECTION('',(1.,0.));
#5219 = ( GEOMETRIC_REPRESENTATION_CONTEXT(2) 
PARAMETRIC_REPRESENTATION_CONTEXT() REPRESENTATION_CONTEXT('2D SPACE',''
  ) );
#5220 = PCURVE('',#5221,#5226);
#5221 = PLANE('',#5222);
#5222 = AXIS2_PLACEMENT_3D('',#5223,#5224,#5225);
#5223 = CARTESIAN_POINT('',(-39.,-24.,18.));
#5224 = DIRECTION('',(0.,1.,0.));
#5225 = DIRECTION('',(0.,0.,1.));
#5226 = DEFINITIONAL_REPRESENTATION('',(#5227),#5231);
#5227 = LINE('',#5228,#5229);
#5228 = CARTESIAN_POINT('',(0.,0.));
#5229 = VECTOR('',#5230,1.);
#5230 = DIRECTION('',(1.,0.));
#5231 = ( GEOMETRIC_REPRESENTATION_CONTEXT(2) 
PARAMETRIC_REPRESENTATION_CONTEXT() REPRESENTATION_CONTEXT('2D SPACE',''
  ) );
#5232 = ORIENTED_EDGE('',*,*,#5233,.T.);
#5233 = EDGE_CURVE('',#5206,#5234,#5236,.T.);
#5234 = VERTEX_POINT('',#5235);
#5235 = CARTESIAN_POINT('',(-39.,-19.,18.));
#5236 = SURFACE_CURVE('',#5237,(#5241,#5248),.PCURVE_S1.);
#5237 = LINE('',#5238,#5239);
#5238 = CARTESIAN_POINT('',(-39.,-24.,18.));
#5239 = VECTOR('',#5240,1.);
#5240 = DIRECTION('',(0.,1.,0.));
#5241 = PCURVE('',#5125,#5242);
#5242 = DEFINITIONAL_REPRESENTATION('',(#5243),#5247);
#5243 = LINE('',#5244,#5245);
#5244 = CARTESIAN_POINT('',(14.,3.));
#5245 = VECTOR('',#5246,1.);
#5246 = DIRECTION('',(0.,-1.));
#5247 = ( GEOMETRIC_REPRESENTATION_CONTEXT(2) 
PARAMETRIC_REPRESENTATION_CONTEXT() REPRESENTATION_CONTEXT('2D SPACE',''
  ) );
#5248 = PCURVE('',#5249,#5254);
#5249 = PLANE('',#5250);
#5250 = AXIS2_PLACEMENT_3D('',#5251,#5252,#5253);
#5251 = CARTESIAN_POINT('',(-39.,-24.,18.));
#5252 = DIRECTION('',(0.,0.,1.));
#5253 = DIRECTION('',(1.,0.,0.));
#5254 = DEFINITIONAL_REPRESENTATION('',(#5255),#5259);
#5255 = LINE('',#5256,#5257);
#5256 = CARTESIAN_POINT('',(0.,0.));
#5257 = VECTOR('',#5258,1.);
#5258 = DIRECTION('',(0.,1.));
#5259 = ( GEOMETRIC_REPRESENTATION_CONTEXT(2) 
PARAMETRIC_REPRESENTATION_CONTEXT() REPRESENTATION_CONTEXT('2D SPACE',''
  ) );
#5260 = ORIENTED_EDGE('',*,*,#5261,.F.);
#5261 = EDGE_CURVE('',#5262,#5234,#5264,.T.);
#5262 = VERTEX_POINT('',#5263);
#5263 = CARTESIAN_POINT('',(-39.,-19.,4.));
#5264 = SURFACE_CURVE('',#5265,(#5269,#5276),.PCURVE_S1.);
#5265 = LINE('',#5266,#5267);
#5266 = CARTESIAN_POINT('',(-39.,-19.,4.));
#5267 = VECTOR('',#5268,1.);
#5268 = DIRECTION('',(0.,0.,1.));
#5269 = PCURVE('',#5125,#5270);
#5270 = DEFINITIONAL_REPRESENTATION('',(#5271),#5275);
#5271 = LINE('',#5272,#5273);
#5272 = CARTESIAN_POINT('',(0.,-2.));
#5273 = VECTOR('',#5274,1.);
#5274 = DIRECTION('',(1.,0.));
#5275 = ( GEOMETRIC_REPRESENTATION_CONTEXT(2) 
PARAMETRIC_REPRESENTATION_CONTEXT() REPRESENTATION_CONTEXT('2D SPACE',''
  ) );
#5276 = PCURVE('',#5277,#5282);
#5277 = PLANE('',#5278);
#5278 = AXIS2_PLACEMENT_3D('',#5279,#5280,#5281);
#5279 = CARTESIAN_POINT('',(-38.,-20.,4.));
#5280 = DIRECTION('',(-0.707106781187,-0.707106781187,0.));
#5281 = DIRECTION('',(-0.,-0.,-1.));
#5282 = DEFINITIONAL_REPRESENTATION('',(#5283),#5287);
#5283 = LINE('',#5284,#5285);
#5284 = CARTESIAN_POINT('',(-0.,-1.414213562373));
#5285 = VECTOR('',#5286,1.);
#5286 = DIRECTION('',(-1.,0.));
#5287 = ( GEOMETRIC_REPRESENTATION_CONTEXT(2) 
PARAMETRIC_REPRESENTATION_CONTEXT() REPRESENTATION_CONTEXT('2D SPACE',''
  ) );
#5288 = ORIENTED_EDGE('',*,*,#5289,.T.);
#5289 = EDGE_CURVE('',#5262,#5290,#5292,.T.);
#5290 = VERTEX_POINT('',#5291);
#5291 = CARTESIAN_POINT('',(-39.,19.,4.));
#5292 = SURFACE_CURVE('',#5293,(#5297,#5304),.PCURVE_S1.);
#5293 = LINE('',#5294,#5295);
#5294 = CARTESIAN_POINT('',(-39.,-21.,4.));
#5295 = VECTOR('',#5296,1.);
#5296 = DIRECTION('',(0.,1.,0.));
#5297 = PCURVE('',#5125,#5298);
#5298 = DEFINITIONAL_REPRESENTATION('',(#5299),#5303);
#5299 = LINE('',#5300,#5301);
#5300 = CARTESIAN_POINT('',(0.,0.));
#5301 = VECTOR('',#5302,1.);
#5302 = DIRECTION('',(0.,-1.));
#5303 = ( GEOMETRIC_REPRESENTATION_CONTEXT(2) 
PARAMETRIC_REPRESENTATION_CONTEXT() REPRESENTATION_CONTEXT('2D SPACE',''
  ) );
#5304 = PCURVE('',#5305,#5310);
#5305 = PLANE('',#5306);
#5306 = AXIS2_PLACEMENT_3D('',#5307,#5308,#5309);
#5307 = CARTESIAN_POINT('',(-39.,-21.,4.));
#5308 = DIRECTION('',(0.,0.,1.));
#5309 = DIRECTION('',(1.,0.,0.));
#5310 = DEFINITIONAL_REPRESENTATION('',(#5311),#5315);
#5311 = LINE('',#5312,#5313);
#5312 = CARTESIAN_POINT('',(0.,0.));
#5313 = VECTOR('',#5314,1.);
#5314 = DIRECTION('',(0.,1.));
#5315 = ( GEOMETRIC_REPRESENTATION_CONTEXT(2) 
PARAMETRIC_REPRESENTATION_CONTEXT() REPRESENTATION_CONTEXT('2D SPACE',''
  ) );
#5316 = ORIENTED_EDGE('',*,*,#5317,.T.);
#5317 = EDGE_CURVE('',#5290,#5318,#5320,.T.);
#5318 = VERTEX_POINT('',#5319);
#5319 = CARTESIAN_POINT('',(-39.,19.,18.));
#5320 = SURFACE_CURVE('',#5321,(#5325,#5332),.PCURVE_S1.);
#5321 = LINE('',#5322,#5323);
#5322 = CARTESIAN_POINT('',(-39.,19.,4.));
#5323 = VECTOR('',#5324,1.);
#5324 = DIRECTION('',(0.,0.,1.));
#5325 = PCURVE('',#5125,#5326);
#5326 = DEFINITIONAL_REPRESENTATION('',(#5327),#5331);
#5327 = LINE('',#5328,#5329);
#5328 = CARTESIAN_POINT('',(0.,-40.));
#5329 = VECTOR('',#5330,1.);
#5330 = DIRECTION('',(1.,0.));
#5331 = ( GEOMETRIC_REPRESENTATION_CONTEXT(2) 
PARAMETRIC_REPRESENTATION_CONTEXT() REPRESENTATION_CONTEXT('2D SPACE',''
  ) );
#5332 = PCURVE('',#5333,#5338);
#5333 = PLANE('',#5334);
#5334 = AXIS2_PLACEMENT_3D('',#5335,#5336,#5337);
#5335 = CARTESIAN_POINT('',(-38.,20.,4.));
#5336 = DIRECTION('',(0.707106781187,-0.707106781187,0.));
#5337 = DIRECTION('',(-0.,-0.,-1.));
#5338 = DEFINITIONAL_REPRESENTATION('',(#5339),#5343);
#5339 = LINE('',#5340,#5341);
#5340 = CARTESIAN_POINT('',(-0.,-1.414213562373));
#5341 = VECTOR('',#5342,1.);
#5342 = DIRECTION('',(-1.,0.));
#5343 = ( GEOMETRIC_REPRESENTATION_CONTEXT(2) 
PARAMETRIC_REPRESENTATION_CONTEXT() REPRESENTATION_CONTEXT('2D SPACE',''
  ) );
#5344 = ORIENTED_EDGE('',*,*,#5345,.T.);
#5345 = EDGE_CURVE('',#5318,#5346,#5348,.T.);
#5346 = VERTEX_POINT('',#5347);
#5347 = CARTESIAN_POINT('',(-39.,24.,18.));
#5348 = SURFACE_CURVE('',#5349,(#5353,#5360),.PCURVE_S1.);
#5349 = LINE('',#5350,#5351);
#5350 = CARTESIAN_POINT('',(-39.,18.,18.));
#5351 = VECTOR('',#5352,1.);
#5352 = DIRECTION('',(0.,1.,0.));
#5353 = PCURVE('',#5125,#5354);
#5354 = DEFINITIONAL_REPRESENTATION('',(#5355),#5359);
#5355 = LINE('',#5356,#5357);
#5356 = CARTESIAN_POINT('',(14.,-39.));
#5357 = VECTOR('',#5358,1.);
#5358 = DIRECTION('',(0.,-1.));
#5359 = ( GEOMETRIC_REPRESENTATION_CONTEXT(2) 
PARAMETRIC_REPRESENTATION_CONTEXT() REPRESENTATION_CONTEXT('2D SPACE',''
  ) );
#5360 = PCURVE('',#5361,#5366);
#5361 = PLANE('',#5362);
#5362 = AXIS2_PLACEMENT_3D('',#5363,#5364,#5365);
#5363 = CARTESIAN_POINT('',(-39.,18.,18.));
#5364 = DIRECTION('',(0.,0.,1.));
#5365 = DIRECTION('',(1.,0.,0.));
#5366 = DEFINITIONAL_REPRESENTATION('',(#5367),#5371);
#5367 = LINE('',#5368,#5369);
#5368 = CARTESIAN_POINT('',(0.,0.));
#5369 = VECTOR('',#5370,1.);
#5370 = DIRECTION('',(0.,1.));
#5371 = ( GEOMETRIC_REPRESENTATION_CONTEXT(2) 
PARAMETRIC_REPRESENTATION_CONTEXT() REPRESENTATION_CONTEXT('2D SPACE',''
  ) );
#5372 = ORIENTED_EDGE('',*,*,#5373,.T.);
#5373 = EDGE_CURVE('',#5346,#5374,#5376,.T.);
#5374 = VERTEX_POINT('',#5375);
#5375 = CARTESIAN_POINT('',(-39.,24.,24.));
#5376 = SURFACE_CURVE('',#5377,(#5381,#5388),.PCURVE_S1.);
#5377 = LINE('',#5378,#5379);
#5378 = CARTESIAN_POINT('',(-39.,24.,18.));
#5379 = VECTOR('',#5380,1.);
#5380 = DIRECTION('',(0.,0.,1.));
#5381 = PCURVE('',#5125,#5382);
#5382 = DEFINITIONAL_REPRESENTATION('',(#5383),#5387);
#5383 = LINE('',#5384,#5385);
#5384 = CARTESIAN_POINT('',(14.,-45.));
#5385 = VECTOR('',#5386,1.);
#5386 = DIRECTION('',(1.,0.));
#5387 = ( GEOMETRIC_REPRESENTATION_CONTEXT(2) 
PARAMETRIC_REPRESENTATION_CONTEXT() REPRESENTATION_CONTEXT('2D SPACE',''
  ) );
#5388 = PCURVE('',#5389,#5394);
#5389 = PLANE('',#5390);
#5390 = AXIS2_PLACEMENT_3D('',#5391,#5392,#5393);
#5391 = CARTESIAN_POINT('',(-39.,24.,18.));
#5392 = DIRECTION('',(0.,1.,0.));
#5393 = DIRECTION('',(0.,0.,1.));
#5394 = DEFINITIONAL_REPRESENTATION('',(#5395),#5399);
#5395 = LINE('',#5396,#5397);
#5396 = CARTESIAN_POINT('',(0.,0.));
#5397 = VECTOR('',#5398,1.);
#5398 = DIRECTION('',(1.,0.));
#5399 = ( GEOMETRIC_REPRESENTATION_CONTEXT(2) 
PARAMETRIC_REPRESENTATION_CONTEXT() REPRESENTATION_CONTEXT('2D SPACE',''
  ) );
#5400 = ORIENTED_EDGE('',*,*,#5401,.F.);
#5401 = EDGE_CURVE('',#5402,#5374,#5404,.T.);
#5402 = VERTEX_POINT('',#5403);
#5403 = CARTESIAN_POINT('',(-39.,19.,24.));
#5404 = SURFACE_CURVE('',#5405,(#5409,#5416),.PCURVE_S1.);
#5405 = LINE('',#5406,#5407);
#5406 = CARTESIAN_POINT('',(-39.,18.,24.));
#5407 = VECTOR('',#5408,1.);
#5408 = DIRECTION('',(0.,1.,0.));
#5409 = PCURVE('',#5125,#5410);
#5410 = DEFINITIONAL_REPRESENTATION('',(#5411),#5415);
#5411 = LINE('',#5412,#5413);
#5412 = CARTESIAN_POINT('',(20.,-39.));
#5413 = VECTOR('',#5414,1.);
#5414 = DIRECTION('',(0.,-1.));
#5415 = ( GEOMETRIC_REPRESENTATION_CONTEXT(2) 
PARAMETRIC_REPRESENTATION_CONTEXT() REPRESENTATION_CONTEXT('2D SPACE',''
  ) );
#5416 = PCURVE('',#5417,#5422);
#5417 = PLANE('',#5418);
#5418 = AXIS2_PLACEMENT_3D('',#5419,#5420,#5421);
#5419 = CARTESIAN_POINT('',(-39.,18.,24.));
#5420 = DIRECTION('',(0.,0.,1.));
#5421 = DIRECTION('',(1.,0.,0.));
#5422 = DEFINITIONAL_REPRESENTATION('',(#5423),#5427);
#5423 = LINE('',#5424,#5425);
#5424 = CARTESIAN_POINT('',(0.,0.));
#5425 = VECTOR('',#5426,1.);
#5426 = DIRECTION('',(0.,1.));
#5427 = ( GEOMETRIC_REPRESENTATION_CONTEXT(2) 
PARAMETRIC_REPRESENTATION_CONTEXT() REPRESENTATION_CONTEXT('2D SPACE',''
  ) );
#5428 = ORIENTED_EDGE('',*,*,#5429,.T.);
#5429 = EDGE_CURVE('',#5402,#5117,#5430,.T.);
#5430 = SURFACE_CURVE('',#5431,(#5435,#5442),.PCURVE_S1.);
#5431 = LINE('',#5432,#5433);
#5432 = CARTESIAN_POINT('',(-39.,19.,4.));
#5433 = VECTOR('',#5434,1.);
#5434 = DIRECTION('',(0.,0.,1.));
#5435 = PCURVE('',#5125,#5436);
#5436 = DEFINITIONAL_REPRESENTATION('',(#5437),#5441);
#5437 = LINE('',#5438,#5439);
#5438 = CARTESIAN_POINT('',(0.,-40.));
#5439 = VECTOR('',#5440,1.);
#5440 = DIRECTION('',(1.,0.));
#5441 = ( GEOMETRIC_REPRESENTATION_CONTEXT(2) 
PARAMETRIC_REPRESENTATION_CONTEXT() REPRESENTATION_CONTEXT('2D SPACE',''
  ) );
#5442 = PCURVE('',#5443,#5448);
#5443 = PLANE('',#5444);
#5444 = AXIS2_PLACEMENT_3D('',#5445,#5446,#5447);
#5445 = CARTESIAN_POINT('',(-38.,20.,4.));
#5446 = DIRECTION('',(0.707106781187,-0.707106781187,0.));
#5447 = DIRECTION('',(-0.,-0.,-1.));
#5448 = DEFINITIONAL_REPRESENTATION('',(#5449),#5453);
#5449 = LINE('',#5450,#5451);
#5450 = CARTESIAN_POINT('',(-0.,-1.414213562373));
#5451 = VECTOR('',#5452,1.);
#5452 = DIRECTION('',(-1.,0.));
#5453 = ( GEOMETRIC_REPRESENTATION_CONTEXT(2) 
PARAMETRIC_REPRESENTATION_CONTEXT() REPRESENTATION_CONTEXT('2D SPACE',''
  ) );
#5454 = FACE_BOUND('',#5455,.F.);
#5455 = EDGE_LOOP('',(#5456,#5486,#5514,#5542));
#5456 = ORIENTED_EDGE('',*,*,#5457,.T.);
#5457 = EDGE_CURVE('',#5458,#5460,#5462,.T.);
#5458 = VERTEX_POINT('',#5459);
#5459 = CARTESIAN_POINT('',(-39.,8.4,21.1));
#5460 = VERTEX_POINT('',#5461);
#5461 = CARTESIAN_POINT('',(-39.,-8.4,21.1));
#5462 = SURFACE_CURVE('',#5463,(#5467,#5474),.PCURVE_S1.);
#5463 = LINE('',#5464,#5465);
#5464 = CARTESIAN_POINT('',(-39.,-14.7,21.1));
#5465 = VECTOR('',#5466,1.);
#5466 = DIRECTION('',(0.,-1.,0.));
#5467 = PCURVE('',#5125,#5468);
#5468 = DEFINITIONAL_REPRESENTATION('',(#5469),#5473);
#5469 = LINE('',#5470,#5471);
#5470 = CARTESIAN_POINT('',(17.1,-6.3));
#5471 = VECTOR('',#5472,1.);
#5472 = DIRECTION('',(0.,1.));
#5473 = ( GEOMETRIC_REPRESENTATION_CONTEXT(2) 
PARAMETRIC_REPRESENTATION_CONTEXT() REPRESENTATION_CONTEXT('2D SPACE',''
  ) );
#5474 = PCURVE('',#5475,#5480);
#5475 = PLANE('',#5476);
#5476 = AXIS2_PLACEMENT_3D('',#5477,#5478,#5479);
#5477 = CARTESIAN_POINT('',(-39.001,-8.4,21.1));
#5478 = DIRECTION('',(0.,0.,1.));
#5479 = DIRECTION('',(1.,0.,0.));
#5480 = DEFINITIONAL_REPRESENTATION('',(#5481),#5485);
#5481 = LINE('',#5482,#5483);
#5482 = CARTESIAN_POINT('',(9.999999999977E-04,-6.3));
#5483 = VECTOR('',#5484,1.);
#5484 = DIRECTION('',(0.,-1.));
#5485 = ( GEOMETRIC_REPRESENTATION_CONTEXT(2) 
PARAMETRIC_REPRESENTATION_CONTEXT() REPRESENTATION_CONTEXT('2D SPACE',''
  ) );
#5486 = ORIENTED_EDGE('',*,*,#5487,.T.);
#5487 = EDGE_CURVE('',#5460,#5488,#5490,.T.);
#5488 = VERTEX_POINT('',#5489);
#5489 = CARTESIAN_POINT('',(-39.,-8.4,32.9));
#5490 = SURFACE_CURVE('',#5491,(#5495,#5502),.PCURVE_S1.);
#5491 = LINE('',#5492,#5493);
#5492 = CARTESIAN_POINT('',(-39.,-8.4,12.55));
#5493 = VECTOR('',#5494,1.);
#5494 = DIRECTION('',(0.,0.,1.));
#5495 = PCURVE('',#5125,#5496);
#5496 = DEFINITIONAL_REPRESENTATION('',(#5497),#5501);
#5497 = LINE('',#5498,#5499);
#5498 = CARTESIAN_POINT('',(8.55,-12.6));
#5499 = VECTOR('',#5500,1.);
#5500 = DIRECTION('',(1.,0.));
#5501 = ( GEOMETRIC_REPRESENTATION_CONTEXT(2) 
PARAMETRIC_REPRESENTATION_CONTEXT() REPRESENTATION_CONTEXT('2D SPACE',''
  ) );
#5502 = PCURVE('',#5503,#5508);
#5503 = PLANE('',#5504);
#5504 = AXIS2_PLACEMENT_3D('',#5505,#5506,#5507);
#5505 = CARTESIAN_POINT('',(-39.001,-8.4,21.1));
#5506 = DIRECTION('',(0.,1.,0.));
#5507 = DIRECTION('',(0.,0.,1.));
#5508 = DEFINITIONAL_REPRESENTATION('',(#5509),#5513);
#5509 = LINE('',#5510,#5511);
#5510 = CARTESIAN_POINT('',(-8.55,9.999999999977E-04));
#5511 = VECTOR('',#5512,1.);
#5512 = DIRECTION('',(1.,0.));
#5513 = ( GEOMETRIC_REPRESENTATION_CONTEXT(2) 
PARAMETRIC_REPRESENTATION_CONTEXT() REPRESENTATION_CONTEXT('2D SPACE',''
  ) );
#5514 = ORIENTED_EDGE('',*,*,#5515,.F.);
#5515 = EDGE_CURVE('',#5516,#5488,#5518,.T.);
#5516 = VERTEX_POINT('',#5517);
#5517 = CARTESIAN_POINT('',(-39.,8.4,32.9));
#5518 = SURFACE_CURVE('',#5519,(#5523,#5530),.PCURVE_S1.);
#5519 = LINE('',#5520,#5521);
#5520 = CARTESIAN_POINT('',(-39.,-14.7,32.9));
#5521 = VECTOR('',#5522,1.);
#5522 = DIRECTION('',(0.,-1.,0.));
#5523 = PCURVE('',#5125,#5524);
#5524 = DEFINITIONAL_REPRESENTATION('',(#5525),#5529);
#5525 = LINE('',#5526,#5527);
#5526 = CARTESIAN_POINT('',(28.9,-6.3));
#5527 = VECTOR('',#5528,1.);
#5528 = DIRECTION('',(0.,1.));
#5529 = ( GEOMETRIC_REPRESENTATION_CONTEXT(2) 
PARAMETRIC_REPRESENTATION_CONTEXT() REPRESENTATION_CONTEXT('2D SPACE',''
  ) );
#5530 = PCURVE('',#5531,#5536);
#5531 = PLANE('',#5532);
#5532 = AXIS2_PLACEMENT_3D('',#5533,#5534,#5535);
#5533 = CARTESIAN_POINT('',(-39.001,-8.4,32.9));
#5534 = DIRECTION('',(0.,0.,1.));
#5535 = DIRECTION('',(1.,0.,0.));
#5536 = DEFINITIONAL_REPRESENTATION('',(#5537),#5541);
#5537 = LINE('',#5538,#5539);
#5538 = CARTESIAN_POINT('',(9.999999999977E-04,-6.3));
#5539 = VECTOR('',#5540,1.);
#5540 = DIRECTION('',(0.,-1.));
#5541 = ( GEOMETRIC_REPRESENTATION_CONTEXT(2) 
PARAMETRIC_REPRESENTATION_CONTEXT() REPRESENTATION_CONTEXT('2D SPACE',''
  ) );
#5542 = ORIENTED_EDGE('',*,*,#5543,.F.);
#5543 = EDGE_CURVE('',#5458,#5516,#5544,.T.);
#5544 = SURFACE_CURVE('',#5545,(#5549,#5556),.PCURVE_S1.);
#5545 = LINE('',#5546,#5547);
#5546 = CARTESIAN_POINT('',(-39.,8.4,12.55));
#5547 = VECTOR('',#5548,1.);
#5548 = DIRECTION('',(0.,0.,1.));
#5549 = PCURVE('',#5125,#5550);
#5550 = DEFINITIONAL_REPRESENTATION('',(#5551),#5555);
#5551 = LINE('',#5552,#5553);
#5552 = CARTESIAN_POINT('',(8.55,-29.4));
#5553 = VECTOR('',#5554,1.);
#5554 = DIRECTION('',(1.,0.));
#5555 = ( GEOMETRIC_REPRESENTATION_CONTEXT(2) 
PARAMETRIC_REPRESENTATION_CONTEXT() REPRESENTATION_CONTEXT('2D SPACE',''
  ) );
#5556 = PCURVE('',#5557,#5562);
#5557 = PLANE('',#5558);
#5558 = AXIS2_PLACEMENT_3D('',#5559,#5560,#5561);
#5559 = CARTESIAN_POINT('',(-39.001,8.4,21.1));
#5560 = DIRECTION('',(0.,1.,0.));
#5561 = DIRECTION('',(0.,0.,1.));
#5562 = DEFINITIONAL_REPRESENTATION('',(#5563),#5567);
#5563 = LINE('',#5564,#5565);
#5564 = CARTESIAN_POINT('',(-8.55,9.999999999977E-04));
#5565 = VECTOR('',#5566,1.);
#5566 = DIRECTION('',(1.,0.));
#5567 = ( GEOMETRIC_REPRESENTATION_CONTEXT(2) 
PARAMETRIC_REPRESENTATION_CONTEXT() REPRESENTATION_CONTEXT('2D SPACE',''
  ) );
#5568 = ADVANCED_FACE('',(#5569),#5137,.T.);
#5569 = FACE_BOUND('',#5570,.T.);
#5570 = EDGE_LOOP('',(#5571,#5572,#5595,#5623,#5651,#5679));
#5571 = ORIENTED_EDGE('',*,*,#5114,.F.);
#5572 = ORIENTED_EDGE('',*,*,#5573,.T.);
#5573 = EDGE_CURVE('',#5115,#5574,#5576,.T.);
#5574 = VERTEX_POINT('',#5575);
#5575 = CARTESIAN_POINT('',(-37.,-21.,38.));
#5576 = SURFACE_CURVE('',#5577,(#5581,#5588),.PCURVE_S1.);
#5577 = LINE('',#5578,#5579);
#5578 = CARTESIAN_POINT('',(-38.,-20.,38.));
#5579 = VECTOR('',#5580,1.);
#5580 = DIRECTION('',(0.707106781187,-0.707106781187,0.));
#5581 = PCURVE('',#5137,#5582);
#5582 = DEFINITIONAL_REPRESENTATION('',(#5583),#5587);
#5583 = LINE('',#5584,#5585);
#5584 = CARTESIAN_POINT('',(1.,1.));
#5585 = VECTOR('',#5586,1.);
#5586 = DIRECTION('',(0.707106781187,-0.707106781187));
#5587 = ( GEOMETRIC_REPRESENTATION_CONTEXT(2) 
PARAMETRIC_REPRESENTATION_CONTEXT() REPRESENTATION_CONTEXT('2D SPACE',''
  ) );
#5588 = PCURVE('',#5165,#5589);
#5589 = DEFINITIONAL_REPRESENTATION('',(#5590),#5594);
#5590 = LINE('',#5591,#5592);
#5591 = CARTESIAN_POINT('',(-34.,0.));
#5592 = VECTOR('',#5593,1.);
#5593 = DIRECTION('',(-0.,1.));
#5594 = ( GEOMETRIC_REPRESENTATION_CONTEXT(2) 
PARAMETRIC_REPRESENTATION_CONTEXT() REPRESENTATION_CONTEXT('2D SPACE',''
  ) );
#5595 = ORIENTED_EDGE('',*,*,#5596,.T.);
#5596 = EDGE_CURVE('',#5574,#5597,#5599,.T.);
#5597 = VERTEX_POINT('',#5598);
#5598 = CARTESIAN_POINT('',(39.,-21.,38.));
#5599 = SURFACE_CURVE('',#5600,(#5604,#5611),.PCURVE_S1.);
#5600 = LINE('',#5601,#5602);
#5601 = CARTESIAN_POINT('',(-39.,-21.,38.));
#5602 = VECTOR('',#5603,1.);
#5603 = DIRECTION('',(1.,0.,0.));
#5604 = PCURVE('',#5137,#5605);
#5605 = DEFINITIONAL_REPRESENTATION('',(#5606),#5610);
#5606 = LINE('',#5607,#5608);
#5607 = CARTESIAN_POINT('',(0.,0.));
#5608 = VECTOR('',#5609,1.);
#5609 = DIRECTION('',(1.,0.));
#5610 = ( GEOMETRIC_REPRESENTATION_CONTEXT(2) 
PARAMETRIC_REPRESENTATION_CONTEXT() REPRESENTATION_CONTEXT('2D SPACE',''
  ) );
#5611 = PCURVE('',#5612,#5617);
#5612 = PLANE('',#5613);
#5613 = AXIS2_PLACEMENT_3D('',#5614,#5615,#5616);
#5614 = CARTESIAN_POINT('',(-39.,-21.,4.));
#5615 = DIRECTION('',(0.,1.,0.));
#5616 = DIRECTION('',(0.,0.,1.));
#5617 = DEFINITIONAL_REPRESENTATION('',(#5618),#5622);
#5618 = LINE('',#5619,#5620);
#5619 = CARTESIAN_POINT('',(34.,0.));
#5620 = VECTOR('',#5621,1.);
#5621 = DIRECTION('',(0.,1.));
#5622 = ( GEOMETRIC_REPRESENTATION_CONTEXT(2) 
PARAMETRIC_REPRESENTATION_CONTEXT() REPRESENTATION_CONTEXT('2D SPACE',''
  ) );
#5623 = ORIENTED_EDGE('',*,*,#5624,.T.);
#5624 = EDGE_CURVE('',#5597,#5625,#5627,.T.);
#5625 = VERTEX_POINT('',#5626);
#5626 = CARTESIAN_POINT('',(39.,21.,38.));
#5627 = SURFACE_CURVE('',#5628,(#5632,#5639),.PCURVE_S1.);
#5628 = LINE('',#5629,#5630);
#5629 = CARTESIAN_POINT('',(39.,-21.,38.));
#5630 = VECTOR('',#5631,1.);
#5631 = DIRECTION('',(0.,1.,0.));
#5632 = PCURVE('',#5137,#5633);
#5633 = DEFINITIONAL_REPRESENTATION('',(#5634),#5638);
#5634 = LINE('',#5635,#5636);
#5635 = CARTESIAN_POINT('',(78.,0.));
#5636 = VECTOR('',#5637,1.);
#5637 = DIRECTION('',(0.,1.));
#5638 = ( GEOMETRIC_REPRESENTATION_CONTEXT(2) 
PARAMETRIC_REPRESENTATION_CONTEXT() REPRESENTATION_CONTEXT('2D SPACE',''
  ) );
#5639 = PCURVE('',#5640,#5645);
#5640 = PLANE('',#5641);
#5641 = AXIS2_PLACEMENT_3D('',#5642,#5643,#5644);
#5642 = CARTESIAN_POINT('',(39.,-21.,4.));
#5643 = DIRECTION('',(1.,0.,0.));
#5644 = DIRECTION('',(0.,0.,1.));
#5645 = DEFINITIONAL_REPRESENTATION('',(#5646),#5650);
#5646 = LINE('',#5647,#5648);
#5647 = CARTESIAN_POINT('',(34.,0.));
#5648 = VECTOR('',#5649,1.);
#5649 = DIRECTION('',(0.,-1.));
#5650 = ( GEOMETRIC_REPRESENTATION_CONTEXT(2) 
PARAMETRIC_REPRESENTATION_CONTEXT() REPRESENTATION_CONTEXT('2D SPACE',''
  ) );
#5651 = ORIENTED_EDGE('',*,*,#5652,.F.);
#5652 = EDGE_CURVE('',#5653,#5625,#5655,.T.);
#5653 = VERTEX_POINT('',#5654);
#5654 = CARTESIAN_POINT('',(-37.,21.,38.));
#5655 = SURFACE_CURVE('',#5656,(#5660,#5667),.PCURVE_S1.);
#5656 = LINE('',#5657,#5658);
#5657 = CARTESIAN_POINT('',(-39.,21.,38.));
#5658 = VECTOR('',#5659,1.);
#5659 = DIRECTION('',(1.,0.,0.));
#5660 = PCURVE('',#5137,#5661);
#5661 = DEFINITIONAL_REPRESENTATION('',(#5662),#5666);
#5662 = LINE('',#5663,#5664);
#5663 = CARTESIAN_POINT('',(0.,42.));
#5664 = VECTOR('',#5665,1.);
#5665 = DIRECTION('',(1.,0.));
#5666 = ( GEOMETRIC_REPRESENTATION_CONTEXT(2) 
PARAMETRIC_REPRESENTATION_CONTEXT() REPRESENTATION_CONTEXT('2D SPACE',''
  ) );
#5667 = PCURVE('',#5668,#5673);
#5668 = PLANE('',#5669);
#5669 = AXIS2_PLACEMENT_3D('',#5670,#5671,#5672);
#5670 = CARTESIAN_POINT('',(-39.,21.,4.));
#5671 = DIRECTION('',(0.,1.,0.));
#5672 = DIRECTION('',(0.,0.,1.));
#5673 = DEFINITIONAL_REPRESENTATION('',(#5674),#5678);
#5674 = LINE('',#5675,#5676);
#5675 = CARTESIAN_POINT('',(34.,0.));
#5676 = VECTOR('',#5677,1.);
#5677 = DIRECTION('',(0.,1.));
#5678 = ( GEOMETRIC_REPRESENTATION_CONTEXT(2) 
PARAMETRIC_REPRESENTATION_CONTEXT() REPRESENTATION_CONTEXT('2D SPACE',''
  ) );
#5679 = ORIENTED_EDGE('',*,*,#5680,.F.);
#5680 = EDGE_CURVE('',#5117,#5653,#5681,.T.);
#5681 = SURFACE_CURVE('',#5682,(#5686,#5693),.PCURVE_S1.);
#5682 = LINE('',#5683,#5684);
#5683 = CARTESIAN_POINT('',(-48.5,9.5,38.));
#5684 = VECTOR('',#5685,1.);
#5685 = DIRECTION('',(0.707106781187,0.707106781187,-0.));
#5686 = PCURVE('',#5137,#5687);
#5687 = DEFINITIONAL_REPRESENTATION('',(#5688),#5692);
#5688 = LINE('',#5689,#5690);
#5689 = CARTESIAN_POINT('',(-9.5,30.5));
#5690 = VECTOR('',#5691,1.);
#5691 = DIRECTION('',(0.707106781187,0.707106781187));
#5692 = ( GEOMETRIC_REPRESENTATION_CONTEXT(2) 
PARAMETRIC_REPRESENTATION_CONTEXT() REPRESENTATION_CONTEXT('2D SPACE',''
  ) );
#5693 = PCURVE('',#5443,#5694);
#5694 = DEFINITIONAL_REPRESENTATION('',(#5695),#5699);
#5695 = LINE('',#5696,#5697);
#5696 = CARTESIAN_POINT('',(-34.,-14.84924240491));
#5697 = VECTOR('',#5698,1.);
#5698 = DIRECTION('',(-0.,1.));
#5699 = ( GEOMETRIC_REPRESENTATION_CONTEXT(2) 
PARAMETRIC_REPRESENTATION_CONTEXT() REPRESENTATION_CONTEXT('2D SPACE',''
  ) );
#5700 = ADVANCED_FACE('',(#5701),#5165,.T.);
#5701 = FACE_BOUND('',#5702,.F.);
#5702 = EDGE_LOOP('',(#5703,#5726,#5727,#5728));
#5703 = ORIENTED_EDGE('',*,*,#5704,.F.);
#5704 = EDGE_CURVE('',#5150,#5705,#5707,.T.);
#5705 = VERTEX_POINT('',#5706);
#5706 = CARTESIAN_POINT('',(-37.,-21.,24.));
#5707 = SURFACE_CURVE('',#5708,(#5712,#5719),.PCURVE_S1.);
#5708 = LINE('',#5709,#5710);
#5709 = CARTESIAN_POINT('',(-37.25,-20.75,24.));
#5710 = VECTOR('',#5711,1.);
#5711 = DIRECTION('',(0.707106781187,-0.707106781187,0.));
#5712 = PCURVE('',#5165,#5713);
#5713 = DEFINITIONAL_REPRESENTATION('',(#5714),#5718);
#5714 = LINE('',#5715,#5716);
#5715 = CARTESIAN_POINT('',(-20.,1.06066017178));
#5716 = VECTOR('',#5717,1.);
#5717 = DIRECTION('',(-0.,1.));
#5718 = ( GEOMETRIC_REPRESENTATION_CONTEXT(2) 
PARAMETRIC_REPRESENTATION_CONTEXT() REPRESENTATION_CONTEXT('2D SPACE',''
  ) );
#5719 = PCURVE('',#5193,#5720);
#5720 = DEFINITIONAL_REPRESENTATION('',(#5721),#5725);
#5721 = LINE('',#5722,#5723);
#5722 = CARTESIAN_POINT('',(1.75,3.25));
#5723 = VECTOR('',#5724,1.);
#5724 = DIRECTION('',(0.707106781187,-0.707106781187));
#5725 = ( GEOMETRIC_REPRESENTATION_CONTEXT(2) 
PARAMETRIC_REPRESENTATION_CONTEXT() REPRESENTATION_CONTEXT('2D SPACE',''
  ) );
#5726 = ORIENTED_EDGE('',*,*,#5149,.T.);
#5727 = ORIENTED_EDGE('',*,*,#5573,.T.);
#5728 = ORIENTED_EDGE('',*,*,#5729,.F.);
#5729 = EDGE_CURVE('',#5705,#5574,#5730,.T.);
#5730 = SURFACE_CURVE('',#5731,(#5735,#5742),.PCURVE_S1.);
#5731 = LINE('',#5732,#5733);
#5732 = CARTESIAN_POINT('',(-37.,-21.,4.));
#5733 = VECTOR('',#5734,1.);
#5734 = DIRECTION('',(0.,0.,1.));
#5735 = PCURVE('',#5165,#5736);
#5736 = DEFINITIONAL_REPRESENTATION('',(#5737),#5741);
#5737 = LINE('',#5738,#5739);
#5738 = CARTESIAN_POINT('',(-0.,1.414213562373));
#5739 = VECTOR('',#5740,1.);
#5740 = DIRECTION('',(-1.,0.));
#5741 = ( GEOMETRIC_REPRESENTATION_CONTEXT(2) 
PARAMETRIC_REPRESENTATION_CONTEXT() REPRESENTATION_CONTEXT('2D SPACE',''
  ) );
#5742 = PCURVE('',#5612,#5743);
#5743 = DEFINITIONAL_REPRESENTATION('',(#5744),#5748);
#5744 = LINE('',#5745,#5746);
#5745 = CARTESIAN_POINT('',(0.,2.));
#5746 = VECTOR('',#5747,1.);
#5747 = DIRECTION('',(1.,0.));
#5748 = ( GEOMETRIC_REPRESENTATION_CONTEXT(2) 
PARAMETRIC_REPRESENTATION_CONTEXT() REPRESENTATION_CONTEXT('2D SPACE',''
  ) );
#5749 = ADVANCED_FACE('',(#5750),#5443,.F.);
#5750 = FACE_BOUND('',#5751,.T.);
#5751 = EDGE_LOOP('',(#5752,#5775,#5776,#5777));
#5752 = ORIENTED_EDGE('',*,*,#5753,.F.);
#5753 = EDGE_CURVE('',#5402,#5754,#5756,.T.);
#5754 = VERTEX_POINT('',#5755);
#5755 = CARTESIAN_POINT('',(-37.,21.,24.));
#5756 = SURFACE_CURVE('',#5757,(#5761,#5768),.PCURVE_S1.);
#5757 = LINE('',#5758,#5759);
#5758 = CARTESIAN_POINT('',(-38.75,19.25,24.));
#5759 = VECTOR('',#5760,1.);
#5760 = DIRECTION('',(0.707106781187,0.707106781187,-0.));
#5761 = PCURVE('',#5443,#5762);
#5762 = DEFINITIONAL_REPRESENTATION('',(#5763),#5767);
#5763 = LINE('',#5764,#5765);
#5764 = CARTESIAN_POINT('',(-20.,-1.06066017178));
#5765 = VECTOR('',#5766,1.);
#5766 = DIRECTION('',(-0.,1.));
#5767 = ( GEOMETRIC_REPRESENTATION_CONTEXT(2) 
PARAMETRIC_REPRESENTATION_CONTEXT() REPRESENTATION_CONTEXT('2D SPACE',''
  ) );
#5768 = PCURVE('',#5417,#5769);
#5769 = DEFINITIONAL_REPRESENTATION('',(#5770),#5774);
#5770 = LINE('',#5771,#5772);
#5771 = CARTESIAN_POINT('',(0.25,1.25));
#5772 = VECTOR('',#5773,1.);
#5773 = DIRECTION('',(0.707106781187,0.707106781187));
#5774 = ( GEOMETRIC_REPRESENTATION_CONTEXT(2) 
PARAMETRIC_REPRESENTATION_CONTEXT() REPRESENTATION_CONTEXT('2D SPACE',''
  ) );
#5775 = ORIENTED_EDGE('',*,*,#5429,.T.);
#5776 = ORIENTED_EDGE('',*,*,#5680,.T.);
#5777 = ORIENTED_EDGE('',*,*,#5778,.F.);
#5778 = EDGE_CURVE('',#5754,#5653,#5779,.T.);
#5779 = SURFACE_CURVE('',#5780,(#5784,#5791),.PCURVE_S1.);
#5780 = LINE('',#5781,#5782);
#5781 = CARTESIAN_POINT('',(-37.,21.,4.));
#5782 = VECTOR('',#5783,1.);
#5783 = DIRECTION('',(0.,0.,1.));
#5784 = PCURVE('',#5443,#5785);
#5785 = DEFINITIONAL_REPRESENTATION('',(#5786),#5790);
#5786 = LINE('',#5787,#5788);
#5787 = CARTESIAN_POINT('',(-0.,1.414213562373));
#5788 = VECTOR('',#5789,1.);
#5789 = DIRECTION('',(-1.,0.));
#5790 = ( GEOMETRIC_REPRESENTATION_CONTEXT(2) 
PARAMETRIC_REPRESENTATION_CONTEXT() REPRESENTATION_CONTEXT('2D SPACE',''
  ) );
#5791 = PCURVE('',#5668,#5792);
#5792 = DEFINITIONAL_REPRESENTATION('',(#5793),#5797);
#5793 = LINE('',#5794,#5795);
#5794 = CARTESIAN_POINT('',(0.,2.));
#5795 = VECTOR('',#5796,1.);
#5796 = DIRECTION('',(1.,0.));
#5797 = ( GEOMETRIC_REPRESENTATION_CONTEXT(2) 
PARAMETRIC_REPRESENTATION_CONTEXT() REPRESENTATION_CONTEXT('2D SPACE',''
  ) );
#5798 = ADVANCED_FACE('',(#5799),#5193,.T.);
#5799 = FACE_BOUND('',#5800,.T.);
#5800 = EDGE_LOOP('',(#5801,#5802,#5825,#5848,#5869));
#5801 = ORIENTED_EDGE('',*,*,#5177,.F.);
#5802 = ORIENTED_EDGE('',*,*,#5803,.T.);
#5803 = EDGE_CURVE('',#5178,#5804,#5806,.T.);
#5804 = VERTEX_POINT('',#5805);
#5805 = CARTESIAN_POINT('',(39.,-24.,24.));
#5806 = SURFACE_CURVE('',#5807,(#5811,#5818),.PCURVE_S1.);
#5807 = LINE('',#5808,#5809);
#5808 = CARTESIAN_POINT('',(-39.,-24.,24.));
#5809 = VECTOR('',#5810,1.);
#5810 = DIRECTION('',(1.,0.,0.));
#5811 = PCURVE('',#5193,#5812);
#5812 = DEFINITIONAL_REPRESENTATION('',(#5813),#5817);
#5813 = LINE('',#5814,#5815);
#5814 = CARTESIAN_POINT('',(0.,0.));
#5815 = VECTOR('',#5816,1.);
#5816 = DIRECTION('',(1.,0.));
#5817 = ( GEOMETRIC_REPRESENTATION_CONTEXT(2) 
PARAMETRIC_REPRESENTATION_CONTEXT() REPRESENTATION_CONTEXT('2D SPACE',''
  ) );
#5818 = PCURVE('',#5221,#5819);
#5819 = DEFINITIONAL_REPRESENTATION('',(#5820),#5824);
#5820 = LINE('',#5821,#5822);
#5821 = CARTESIAN_POINT('',(6.,0.));
#5822 = VECTOR('',#5823,1.);
#5823 = DIRECTION('',(0.,1.));
#5824 = ( GEOMETRIC_REPRESENTATION_CONTEXT(2) 
PARAMETRIC_REPRESENTATION_CONTEXT() REPRESENTATION_CONTEXT('2D SPACE',''
  ) );
#5825 = ORIENTED_EDGE('',*,*,#5826,.T.);
#5826 = EDGE_CURVE('',#5804,#5827,#5829,.T.);
#5827 = VERTEX_POINT('',#5828);
#5828 = CARTESIAN_POINT('',(39.,-21.,24.));
#5829 = SURFACE_CURVE('',#5830,(#5834,#5841),.PCURVE_S1.);
#5830 = LINE('',#5831,#5832);
#5831 = CARTESIAN_POINT('',(39.,-24.,24.));
#5832 = VECTOR('',#5833,1.);
#5833 = DIRECTION('',(0.,1.,0.));
#5834 = PCURVE('',#5193,#5835);
#5835 = DEFINITIONAL_REPRESENTATION('',(#5836),#5840);
#5836 = LINE('',#5837,#5838);
#5837 = CARTESIAN_POINT('',(78.,0.));
#5838 = VECTOR('',#5839,1.);
#5839 = DIRECTION('',(0.,1.));
#5840 = ( GEOMETRIC_REPRESENTATION_CONTEXT(2) 
PARAMETRIC_REPRESENTATION_CONTEXT() REPRESENTATION_CONTEXT('2D SPACE',''
  ) );
#5841 = PCURVE('',#5640,#5842);
#5842 = DEFINITIONAL_REPRESENTATION('',(#5843),#5847);
#5843 = LINE('',#5844,#5845);
#5844 = CARTESIAN_POINT('',(20.,3.));
#5845 = VECTOR('',#5846,1.);
#5846 = DIRECTION('',(0.,-1.));
#5847 = ( GEOMETRIC_REPRESENTATION_CONTEXT(2) 
PARAMETRIC_REPRESENTATION_CONTEXT() REPRESENTATION_CONTEXT('2D SPACE',''
  ) );
#5848 = ORIENTED_EDGE('',*,*,#5849,.F.);
#5849 = EDGE_CURVE('',#5705,#5827,#5850,.T.);
#5850 = SURFACE_CURVE('',#5851,(#5855,#5862),.PCURVE_S1.);
#5851 = LINE('',#5852,#5853);
#5852 = CARTESIAN_POINT('',(-39.,-21.,24.));
#5853 = VECTOR('',#5854,1.);
#5854 = DIRECTION('',(1.,0.,0.));
#5855 = PCURVE('',#5193,#5856);
#5856 = DEFINITIONAL_REPRESENTATION('',(#5857),#5861);
#5857 = LINE('',#5858,#5859);
#5858 = CARTESIAN_POINT('',(0.,3.));
#5859 = VECTOR('',#5860,1.);
#5860 = DIRECTION('',(1.,0.));
#5861 = ( GEOMETRIC_REPRESENTATION_CONTEXT(2) 
PARAMETRIC_REPRESENTATION_CONTEXT() REPRESENTATION_CONTEXT('2D SPACE',''
  ) );
#5862 = PCURVE('',#5612,#5863);
#5863 = DEFINITIONAL_REPRESENTATION('',(#5864),#5868);
#5864 = LINE('',#5865,#5866);
#5865 = CARTESIAN_POINT('',(20.,0.));
#5866 = VECTOR('',#5867,1.);
#5867 = DIRECTION('',(0.,1.));
#5868 = ( GEOMETRIC_REPRESENTATION_CONTEXT(2) 
PARAMETRIC_REPRESENTATION_CONTEXT() REPRESENTATION_CONTEXT('2D SPACE',''
  ) );
#5869 = ORIENTED_EDGE('',*,*,#5704,.F.);
#5870 = ADVANCED_FACE('',(#5871),#5417,.T.);
#5871 = FACE_BOUND('',#5872,.T.);
#5872 = EDGE_LOOP('',(#5873,#5874,#5875,#5898,#5921));
#5873 = ORIENTED_EDGE('',*,*,#5401,.F.);
#5874 = ORIENTED_EDGE('',*,*,#5753,.T.);
#5875 = ORIENTED_EDGE('',*,*,#5876,.T.);
#5876 = EDGE_CURVE('',#5754,#5877,#5879,.T.);
#5877 = VERTEX_POINT('',#5878);
#5878 = CARTESIAN_POINT('',(39.,21.,24.));
#5879 = SURFACE_CURVE('',#5880,(#5884,#5891),.PCURVE_S1.);
#5880 = LINE('',#5881,#5882);
#5881 = CARTESIAN_POINT('',(-39.,21.,24.));
#5882 = VECTOR('',#5883,1.);
#5883 = DIRECTION('',(1.,0.,0.));
#5884 = PCURVE('',#5417,#5885);
#5885 = DEFINITIONAL_REPRESENTATION('',(#5886),#5890);
#5886 = LINE('',#5887,#5888);
#5887 = CARTESIAN_POINT('',(0.,3.));
#5888 = VECTOR('',#5889,1.);
#5889 = DIRECTION('',(1.,0.));
#5890 = ( GEOMETRIC_REPRESENTATION_CONTEXT(2) 
PARAMETRIC_REPRESENTATION_CONTEXT() REPRESENTATION_CONTEXT('2D SPACE',''
  ) );
#5891 = PCURVE('',#5668,#5892);
#5892 = DEFINITIONAL_REPRESENTATION('',(#5893),#5897);
#5893 = LINE('',#5894,#5895);
#5894 = CARTESIAN_POINT('',(20.,0.));
#5895 = VECTOR('',#5896,1.);
#5896 = DIRECTION('',(0.,1.));
#5897 = ( GEOMETRIC_REPRESENTATION_CONTEXT(2) 
PARAMETRIC_REPRESENTATION_CONTEXT() REPRESENTATION_CONTEXT('2D SPACE',''
  ) );
#5898 = ORIENTED_EDGE('',*,*,#5899,.T.);
#5899 = EDGE_CURVE('',#5877,#5900,#5902,.T.);
#5900 = VERTEX_POINT('',#5901);
#5901 = CARTESIAN_POINT('',(39.,24.,24.));
#5902 = SURFACE_CURVE('',#5903,(#5907,#5914),.PCURVE_S1.);
#5903 = LINE('',#5904,#5905);
#5904 = CARTESIAN_POINT('',(39.,18.,24.));
#5905 = VECTOR('',#5906,1.);
#5906 = DIRECTION('',(0.,1.,0.));
#5907 = PCURVE('',#5417,#5908);
#5908 = DEFINITIONAL_REPRESENTATION('',(#5909),#5913);
#5909 = LINE('',#5910,#5911);
#5910 = CARTESIAN_POINT('',(78.,0.));
#5911 = VECTOR('',#5912,1.);
#5912 = DIRECTION('',(0.,1.));
#5913 = ( GEOMETRIC_REPRESENTATION_CONTEXT(2) 
PARAMETRIC_REPRESENTATION_CONTEXT() REPRESENTATION_CONTEXT('2D SPACE',''
  ) );
#5914 = PCURVE('',#5640,#5915);
#5915 = DEFINITIONAL_REPRESENTATION('',(#5916),#5920);
#5916 = LINE('',#5917,#5918);
#5917 = CARTESIAN_POINT('',(20.,-39.));
#5918 = VECTOR('',#5919,1.);
#5919 = DIRECTION('',(0.,-1.));
#5920 = ( GEOMETRIC_REPRESENTATION_CONTEXT(2) 
PARAMETRIC_REPRESENTATION_CONTEXT() REPRESENTATION_CONTEXT('2D SPACE',''
  ) );
#5921 = ORIENTED_EDGE('',*,*,#5922,.F.);
#5922 = EDGE_CURVE('',#5374,#5900,#5923,.T.);
#5923 = SURFACE_CURVE('',#5924,(#5928,#5935),.PCURVE_S1.);
#5924 = LINE('',#5925,#5926);
#5925 = CARTESIAN_POINT('',(-39.,24.,24.));
#5926 = VECTOR('',#5927,1.);
#5927 = DIRECTION('',(1.,0.,0.));
#5928 = PCURVE('',#5417,#5929);
#5929 = DEFINITIONAL_REPRESENTATION('',(#5930),#5934);
#5930 = LINE('',#5931,#5932);
#5931 = CARTESIAN_POINT('',(0.,6.));
#5932 = VECTOR('',#5933,1.);
#5933 = DIRECTION('',(1.,0.));
#5934 = ( GEOMETRIC_REPRESENTATION_CONTEXT(2) 
PARAMETRIC_REPRESENTATION_CONTEXT() REPRESENTATION_CONTEXT('2D SPACE',''
  ) );
#5935 = PCURVE('',#5389,#5936);
#5936 = DEFINITIONAL_REPRESENTATION('',(#5937),#5941);
#5937 = LINE('',#5938,#5939);
#5938 = CARTESIAN_POINT('',(6.,0.));
#5939 = VECTOR('',#5940,1.);
#5940 = DIRECTION('',(0.,1.));
#5941 = ( GEOMETRIC_REPRESENTATION_CONTEXT(2) 
PARAMETRIC_REPRESENTATION_CONTEXT() REPRESENTATION_CONTEXT('2D SPACE',''
  ) );
#5942 = ADVANCED_FACE('',(#5943),#5221,.F.);
#5943 = FACE_BOUND('',#5944,.F.);
#5944 = EDGE_LOOP('',(#5945,#5968,#5969,#5970));
#5945 = ORIENTED_EDGE('',*,*,#5946,.F.);
#5946 = EDGE_CURVE('',#5206,#5947,#5949,.T.);
#5947 = VERTEX_POINT('',#5948);
#5948 = CARTESIAN_POINT('',(39.,-24.,18.));
#5949 = SURFACE_CURVE('',#5950,(#5954,#5961),.PCURVE_S1.);
#5950 = LINE('',#5951,#5952);
#5951 = CARTESIAN_POINT('',(-39.,-24.,18.));
#5952 = VECTOR('',#5953,1.);
#5953 = DIRECTION('',(1.,0.,0.));
#5954 = PCURVE('',#5221,#5955);
#5955 = DEFINITIONAL_REPRESENTATION('',(#5956),#5960);
#5956 = LINE('',#5957,#5958);
#5957 = CARTESIAN_POINT('',(0.,0.));
#5958 = VECTOR('',#5959,1.);
#5959 = DIRECTION('',(0.,1.));
#5960 = ( GEOMETRIC_REPRESENTATION_CONTEXT(2) 
PARAMETRIC_REPRESENTATION_CONTEXT() REPRESENTATION_CONTEXT('2D SPACE',''
  ) );
#5961 = PCURVE('',#5249,#5962);
#5962 = DEFINITIONAL_REPRESENTATION('',(#5963),#5967);
#5963 = LINE('',#5964,#5965);
#5964 = CARTESIAN_POINT('',(0.,0.));
#5965 = VECTOR('',#5966,1.);
#5966 = DIRECTION('',(1.,0.));
#5967 = ( GEOMETRIC_REPRESENTATION_CONTEXT(2) 
PARAMETRIC_REPRESENTATION_CONTEXT() REPRESENTATION_CONTEXT('2D SPACE',''
  ) );
#5968 = ORIENTED_EDGE('',*,*,#5205,.T.);
#5969 = ORIENTED_EDGE('',*,*,#5803,.T.);
#5970 = ORIENTED_EDGE('',*,*,#5971,.F.);
#5971 = EDGE_CURVE('',#5947,#5804,#5972,.T.);
#5972 = SURFACE_CURVE('',#5973,(#5977,#5984),.PCURVE_S1.);
#5973 = LINE('',#5974,#5975);
#5974 = CARTESIAN_POINT('',(39.,-24.,18.));
#5975 = VECTOR('',#5976,1.);
#5976 = DIRECTION('',(0.,0.,1.));
#5977 = PCURVE('',#5221,#5978);
#5978 = DEFINITIONAL_REPRESENTATION('',(#5979),#5983);
#5979 = LINE('',#5980,#5981);
#5980 = CARTESIAN_POINT('',(0.,78.));
#5981 = VECTOR('',#5982,1.);
#5982 = DIRECTION('',(1.,0.));
#5983 = ( GEOMETRIC_REPRESENTATION_CONTEXT(2) 
PARAMETRIC_REPRESENTATION_CONTEXT() REPRESENTATION_CONTEXT('2D SPACE',''
  ) );
#5984 = PCURVE('',#5640,#5985);
#5985 = DEFINITIONAL_REPRESENTATION('',(#5986),#5990);
#5986 = LINE('',#5987,#5988);
#5987 = CARTESIAN_POINT('',(14.,3.));
#5988 = VECTOR('',#5989,1.);
#5989 = DIRECTION('',(1.,0.));
#5990 = ( GEOMETRIC_REPRESENTATION_CONTEXT(2) 
PARAMETRIC_REPRESENTATION_CONTEXT() REPRESENTATION_CONTEXT('2D SPACE',''
  ) );
#5991 = ADVANCED_FACE('',(#5992),#5389,.T.);
#5992 = FACE_BOUND('',#5993,.T.);
#5993 = EDGE_LOOP('',(#5994,#6017,#6018,#6019));
#5994 = ORIENTED_EDGE('',*,*,#5995,.F.);
#5995 = EDGE_CURVE('',#5346,#5996,#5998,.T.);
#5996 = VERTEX_POINT('',#5997);
#5997 = CARTESIAN_POINT('',(39.,24.,18.));
#5998 = SURFACE_CURVE('',#5999,(#6003,#6010),.PCURVE_S1.);
#5999 = LINE('',#6000,#6001);
#6000 = CARTESIAN_POINT('',(-39.,24.,18.));
#6001 = VECTOR('',#6002,1.);
#6002 = DIRECTION('',(1.,0.,0.));
#6003 = PCURVE('',#5389,#6004);
#6004 = DEFINITIONAL_REPRESENTATION('',(#6005),#6009);
#6005 = LINE('',#6006,#6007);
#6006 = CARTESIAN_POINT('',(0.,0.));
#6007 = VECTOR('',#6008,1.);
#6008 = DIRECTION('',(0.,1.));
#6009 = ( GEOMETRIC_REPRESENTATION_CONTEXT(2) 
PARAMETRIC_REPRESENTATION_CONTEXT() REPRESENTATION_CONTEXT('2D SPACE',''
  ) );
#6010 = PCURVE('',#5361,#6011);
#6011 = DEFINITIONAL_REPRESENTATION('',(#6012),#6016);
#6012 = LINE('',#6013,#6014);
#6013 = CARTESIAN_POINT('',(0.,6.));
#6014 = VECTOR('',#6015,1.);
#6015 = DIRECTION('',(1.,0.));
#6016 = ( GEOMETRIC_REPRESENTATION_CONTEXT(2) 
PARAMETRIC_REPRESENTATION_CONTEXT() REPRESENTATION_CONTEXT('2D SPACE',''
  ) );
#6017 = ORIENTED_EDGE('',*,*,#5373,.T.);
#6018 = ORIENTED_EDGE('',*,*,#5922,.T.);
#6019 = ORIENTED_EDGE('',*,*,#6020,.F.);
#6020 = EDGE_CURVE('',#5996,#5900,#6021,.T.);
#6021 = SURFACE_CURVE('',#6022,(#6026,#6033),.PCURVE_S1.);
#6022 = LINE('',#6023,#6024);
#6023 = CARTESIAN_POINT('',(39.,24.,18.));
#6024 = VECTOR('',#6025,1.);
#6025 = DIRECTION('',(0.,0.,1.));
#6026 = PCURVE('',#5389,#6027);
#6027 = DEFINITIONAL_REPRESENTATION('',(#6028),#6032);
#6028 = LINE('',#6029,#6030);
#6029 = CARTESIAN_POINT('',(0.,78.));
#6030 = VECTOR('',#6031,1.);
#6031 = DIRECTION('',(1.,0.));
#6032 = ( GEOMETRIC_REPRESENTATION_CONTEXT(2) 
PARAMETRIC_REPRESENTATION_CONTEXT() REPRESENTATION_CONTEXT('2D SPACE',''
  ) );
#6033 = PCURVE('',#5640,#6034);
#6034 = DEFINITIONAL_REPRESENTATION('',(#6035),#6039);
#6035 = LINE('',#6036,#6037);
#6036 = CARTESIAN_POINT('',(14.,-45.));
#6037 = VECTOR('',#6038,1.);
#6038 = DIRECTION('',(1.,0.));
#6039 = ( GEOMETRIC_REPRESENTATION_CONTEXT(2) 
PARAMETRIC_REPRESENTATION_CONTEXT() REPRESENTATION_CONTEXT('2D SPACE',''
  ) );
#6040 = ADVANCED_FACE('',(#6041),#5249,.F.);
#6041 = FACE_BOUND('',#6042,.F.);
#6042 = EDGE_LOOP('',(#6043,#6044,#6045,#6068,#6096));
#6043 = ORIENTED_EDGE('',*,*,#5233,.F.);
#6044 = ORIENTED_EDGE('',*,*,#5946,.T.);
#6045 = ORIENTED_EDGE('',*,*,#6046,.T.);
#6046 = EDGE_CURVE('',#5947,#6047,#6049,.T.);
#6047 = VERTEX_POINT('',#6048);
#6048 = CARTESIAN_POINT('',(39.,-21.,18.));
#6049 = SURFACE_CURVE('',#6050,(#6054,#6061),.PCURVE_S1.);
#6050 = LINE('',#6051,#6052);
#6051 = CARTESIAN_POINT('',(39.,-24.,18.));
#6052 = VECTOR('',#6053,1.);
#6053 = DIRECTION('',(0.,1.,0.));
#6054 = PCURVE('',#5249,#6055);
#6055 = DEFINITIONAL_REPRESENTATION('',(#6056),#6060);
#6056 = LINE('',#6057,#6058);
#6057 = CARTESIAN_POINT('',(78.,0.));
#6058 = VECTOR('',#6059,1.);
#6059 = DIRECTION('',(0.,1.));
#6060 = ( GEOMETRIC_REPRESENTATION_CONTEXT(2) 
PARAMETRIC_REPRESENTATION_CONTEXT() REPRESENTATION_CONTEXT('2D SPACE',''
  ) );
#6061 = PCURVE('',#5640,#6062);
#6062 = DEFINITIONAL_REPRESENTATION('',(#6063),#6067);
#6063 = LINE('',#6064,#6065);
#6064 = CARTESIAN_POINT('',(14.,3.));
#6065 = VECTOR('',#6066,1.);
#6066 = DIRECTION('',(0.,-1.));
#6067 = ( GEOMETRIC_REPRESENTATION_CONTEXT(2) 
PARAMETRIC_REPRESENTATION_CONTEXT() REPRESENTATION_CONTEXT('2D SPACE',''
  ) );
#6068 = ORIENTED_EDGE('',*,*,#6069,.F.);
#6069 = EDGE_CURVE('',#6070,#6047,#6072,.T.);
#6070 = VERTEX_POINT('',#6071);
#6071 = CARTESIAN_POINT('',(-37.,-21.,18.));
#6072 = SURFACE_CURVE('',#6073,(#6077,#6084),.PCURVE_S1.);
#6073 = LINE('',#6074,#6075);
#6074 = CARTESIAN_POINT('',(-39.,-21.,18.));
#6075 = VECTOR('',#6076,1.);
#6076 = DIRECTION('',(1.,0.,0.));
#6077 = PCURVE('',#5249,#6078);
#6078 = DEFINITIONAL_REPRESENTATION('',(#6079),#6083);
#6079 = LINE('',#6080,#6081);
#6080 = CARTESIAN_POINT('',(0.,3.));
#6081 = VECTOR('',#6082,1.);
#6082 = DIRECTION('',(1.,0.));
#6083 = ( GEOMETRIC_REPRESENTATION_CONTEXT(2) 
PARAMETRIC_REPRESENTATION_CONTEXT() REPRESENTATION_CONTEXT('2D SPACE',''
  ) );
#6084 = PCURVE('',#6085,#6090);
#6085 = PLANE('',#6086);
#6086 = AXIS2_PLACEMENT_3D('',#6087,#6088,#6089);
#6087 = CARTESIAN_POINT('',(-39.,-21.,4.));
#6088 = DIRECTION('',(0.,1.,0.));
#6089 = DIRECTION('',(0.,0.,1.));
#6090 = DEFINITIONAL_REPRESENTATION('',(#6091),#6095);
#6091 = LINE('',#6092,#6093);
#6092 = CARTESIAN_POINT('',(14.,0.));
#6093 = VECTOR('',#6094,1.);
#6094 = DIRECTION('',(0.,1.));
#6095 = ( GEOMETRIC_REPRESENTATION_CONTEXT(2) 
PARAMETRIC_REPRESENTATION_CONTEXT() REPRESENTATION_CONTEXT('2D SPACE',''
  ) );
#6096 = ORIENTED_EDGE('',*,*,#6097,.F.);
#6097 = EDGE_CURVE('',#5234,#6070,#6098,.T.);
#6098 = SURFACE_CURVE('',#6099,(#6103,#6110),.PCURVE_S1.);
#6099 = LINE('',#6100,#6101);
#6100 = CARTESIAN_POINT('',(-37.25,-20.75,18.));
#6101 = VECTOR('',#6102,1.);
#6102 = DIRECTION('',(0.707106781187,-0.707106781187,0.));
#6103 = PCURVE('',#5249,#6104);
#6104 = DEFINITIONAL_REPRESENTATION('',(#6105),#6109);
#6105 = LINE('',#6106,#6107);
#6106 = CARTESIAN_POINT('',(1.75,3.25));
#6107 = VECTOR('',#6108,1.);
#6108 = DIRECTION('',(0.707106781187,-0.707106781187));
#6109 = ( GEOMETRIC_REPRESENTATION_CONTEXT(2) 
PARAMETRIC_REPRESENTATION_CONTEXT() REPRESENTATION_CONTEXT('2D SPACE',''
  ) );
#6110 = PCURVE('',#5277,#6111);
#6111 = DEFINITIONAL_REPRESENTATION('',(#6112),#6116);
#6112 = LINE('',#6113,#6114);
#6113 = CARTESIAN_POINT('',(-14.,1.06066017178));
#6114 = VECTOR('',#6115,1.);
#6115 = DIRECTION('',(-0.,1.));
#6116 = ( GEOMETRIC_REPRESENTATION_CONTEXT(2) 
PARAMETRIC_REPRESENTATION_CONTEXT() REPRESENTATION_CONTEXT('2D SPACE',''
  ) );
#6117 = ADVANCED_FACE('',(#6118),#5361,.F.);
#6118 = FACE_BOUND('',#6119,.F.);
#6119 = EDGE_LOOP('',(#6120,#6121,#6144,#6172,#6193));
#6120 = ORIENTED_EDGE('',*,*,#5345,.F.);
#6121 = ORIENTED_EDGE('',*,*,#6122,.T.);
#6122 = EDGE_CURVE('',#5318,#6123,#6125,.T.);
#6123 = VERTEX_POINT('',#6124);
#6124 = CARTESIAN_POINT('',(-37.,21.,18.));
#6125 = SURFACE_CURVE('',#6126,(#6130,#6137),.PCURVE_S1.);
#6126 = LINE('',#6127,#6128);
#6127 = CARTESIAN_POINT('',(-38.75,19.25,18.));
#6128 = VECTOR('',#6129,1.);
#6129 = DIRECTION('',(0.707106781187,0.707106781187,-0.));
#6130 = PCURVE('',#5361,#6131);
#6131 = DEFINITIONAL_REPRESENTATION('',(#6132),#6136);
#6132 = LINE('',#6133,#6134);
#6133 = CARTESIAN_POINT('',(0.25,1.25));
#6134 = VECTOR('',#6135,1.);
#6135 = DIRECTION('',(0.707106781187,0.707106781187));
#6136 = ( GEOMETRIC_REPRESENTATION_CONTEXT(2) 
PARAMETRIC_REPRESENTATION_CONTEXT() REPRESENTATION_CONTEXT('2D SPACE',''
  ) );
#6137 = PCURVE('',#5333,#6138);
#6138 = DEFINITIONAL_REPRESENTATION('',(#6139),#6143);
#6139 = LINE('',#6140,#6141);
#6140 = CARTESIAN_POINT('',(-14.,-1.06066017178));
#6141 = VECTOR('',#6142,1.);
#6142 = DIRECTION('',(-0.,1.));
#6143 = ( GEOMETRIC_REPRESENTATION_CONTEXT(2) 
PARAMETRIC_REPRESENTATION_CONTEXT() REPRESENTATION_CONTEXT('2D SPACE',''
  ) );
#6144 = ORIENTED_EDGE('',*,*,#6145,.T.);
#6145 = EDGE_CURVE('',#6123,#6146,#6148,.T.);
#6146 = VERTEX_POINT('',#6147);
#6147 = CARTESIAN_POINT('',(39.,21.,18.));
#6148 = SURFACE_CURVE('',#6149,(#6153,#6160),.PCURVE_S1.);
#6149 = LINE('',#6150,#6151);
#6150 = CARTESIAN_POINT('',(-39.,21.,18.));
#6151 = VECTOR('',#6152,1.);
#6152 = DIRECTION('',(1.,0.,0.));
#6153 = PCURVE('',#5361,#6154);
#6154 = DEFINITIONAL_REPRESENTATION('',(#6155),#6159);
#6155 = LINE('',#6156,#6157);
#6156 = CARTESIAN_POINT('',(0.,3.));
#6157 = VECTOR('',#6158,1.);
#6158 = DIRECTION('',(1.,0.));
#6159 = ( GEOMETRIC_REPRESENTATION_CONTEXT(2) 
PARAMETRIC_REPRESENTATION_CONTEXT() REPRESENTATION_CONTEXT('2D SPACE',''
  ) );
#6160 = PCURVE('',#6161,#6166);
#6161 = PLANE('',#6162);
#6162 = AXIS2_PLACEMENT_3D('',#6163,#6164,#6165);
#6163 = CARTESIAN_POINT('',(-39.,21.,4.));
#6164 = DIRECTION('',(0.,1.,0.));
#6165 = DIRECTION('',(0.,0.,1.));
#6166 = DEFINITIONAL_REPRESENTATION('',(#6167),#6171);
#6167 = LINE('',#6168,#6169);
#6168 = CARTESIAN_POINT('',(14.,0.));
#6169 = VECTOR('',#6170,1.);
#6170 = DIRECTION('',(0.,1.));
#6171 = ( GEOMETRIC_REPRESENTATION_CONTEXT(2) 
PARAMETRIC_REPRESENTATION_CONTEXT() REPRESENTATION_CONTEXT('2D SPACE',''
  ) );
#6172 = ORIENTED_EDGE('',*,*,#6173,.T.);
#6173 = EDGE_CURVE('',#6146,#5996,#6174,.T.);
#6174 = SURFACE_CURVE('',#6175,(#6179,#6186),.PCURVE_S1.);
#6175 = LINE('',#6176,#6177);
#6176 = CARTESIAN_POINT('',(39.,18.,18.));
#6177 = VECTOR('',#6178,1.);
#6178 = DIRECTION('',(0.,1.,0.));
#6179 = PCURVE('',#5361,#6180);
#6180 = DEFINITIONAL_REPRESENTATION('',(#6181),#6185);
#6181 = LINE('',#6182,#6183);
#6182 = CARTESIAN_POINT('',(78.,0.));
#6183 = VECTOR('',#6184,1.);
#6184 = DIRECTION('',(0.,1.));
#6185 = ( GEOMETRIC_REPRESENTATION_CONTEXT(2) 
PARAMETRIC_REPRESENTATION_CONTEXT() REPRESENTATION_CONTEXT('2D SPACE',''
  ) );
#6186 = PCURVE('',#5640,#6187);
#6187 = DEFINITIONAL_REPRESENTATION('',(#6188),#6192);
#6188 = LINE('',#6189,#6190);
#6189 = CARTESIAN_POINT('',(14.,-39.));
#6190 = VECTOR('',#6191,1.);
#6191 = DIRECTION('',(0.,-1.));
#6192 = ( GEOMETRIC_REPRESENTATION_CONTEXT(2) 
PARAMETRIC_REPRESENTATION_CONTEXT() REPRESENTATION_CONTEXT('2D SPACE',''
  ) );
#6193 = ORIENTED_EDGE('',*,*,#5995,.F.);
#6194 = ADVANCED_FACE('',(#6195),#5277,.T.);
#6195 = FACE_BOUND('',#6196,.F.);
#6196 = EDGE_LOOP('',(#6197,#6220,#6221,#6222));
#6197 = ORIENTED_EDGE('',*,*,#6198,.F.);
#6198 = EDGE_CURVE('',#5262,#6199,#6201,.T.);
#6199 = VERTEX_POINT('',#6200);
#6200 = CARTESIAN_POINT('',(-37.,-21.,4.));
#6201 = SURFACE_CURVE('',#6202,(#6206,#6213),.PCURVE_S1.);
#6202 = LINE('',#6203,#6204);
#6203 = CARTESIAN_POINT('',(-38.,-20.,4.));
#6204 = VECTOR('',#6205,1.);
#6205 = DIRECTION('',(0.707106781187,-0.707106781187,0.));
#6206 = PCURVE('',#5277,#6207);
#6207 = DEFINITIONAL_REPRESENTATION('',(#6208),#6212);
#6208 = LINE('',#6209,#6210);
#6209 = CARTESIAN_POINT('',(-0.,0.));
#6210 = VECTOR('',#6211,1.);
#6211 = DIRECTION('',(-0.,1.));
#6212 = ( GEOMETRIC_REPRESENTATION_CONTEXT(2) 
PARAMETRIC_REPRESENTATION_CONTEXT() REPRESENTATION_CONTEXT('2D SPACE',''
  ) );
#6213 = PCURVE('',#5305,#6214);
#6214 = DEFINITIONAL_REPRESENTATION('',(#6215),#6219);
#6215 = LINE('',#6216,#6217);
#6216 = CARTESIAN_POINT('',(1.,1.));
#6217 = VECTOR('',#6218,1.);
#6218 = DIRECTION('',(0.707106781187,-0.707106781187));
#6219 = ( GEOMETRIC_REPRESENTATION_CONTEXT(2) 
PARAMETRIC_REPRESENTATION_CONTEXT() REPRESENTATION_CONTEXT('2D SPACE',''
  ) );
#6220 = ORIENTED_EDGE('',*,*,#5261,.T.);
#6221 = ORIENTED_EDGE('',*,*,#6097,.T.);
#6222 = ORIENTED_EDGE('',*,*,#6223,.F.);
#6223 = EDGE_CURVE('',#6199,#6070,#6224,.T.);
#6224 = SURFACE_CURVE('',#6225,(#6229,#6236),.PCURVE_S1.);
#6225 = LINE('',#6226,#6227);
#6226 = CARTESIAN_POINT('',(-37.,-21.,4.));
#6227 = VECTOR('',#6228,1.);
#6228 = DIRECTION('',(0.,0.,1.));
#6229 = PCURVE('',#5277,#6230);
#6230 = DEFINITIONAL_REPRESENTATION('',(#6231),#6235);
#6231 = LINE('',#6232,#6233);
#6232 = CARTESIAN_POINT('',(-0.,1.414213562373));
#6233 = VECTOR('',#6234,1.);
#6234 = DIRECTION('',(-1.,0.));
#6235 = ( GEOMETRIC_REPRESENTATION_CONTEXT(2) 
PARAMETRIC_REPRESENTATION_CONTEXT() REPRESENTATION_CONTEXT('2D SPACE',''
  ) );
#6236 = PCURVE('',#6085,#6237);
#6237 = DEFINITIONAL_REPRESENTATION('',(#6238),#6242);
#6238 = LINE('',#6239,#6240);
#6239 = CARTESIAN_POINT('',(0.,2.));
#6240 = VECTOR('',#6241,1.);
#6241 = DIRECTION('',(1.,0.));
#6242 = ( GEOMETRIC_REPRESENTATION_CONTEXT(2) 
PARAMETRIC_REPRESENTATION_CONTEXT() REPRESENTATION_CONTEXT('2D SPACE',''
  ) );
#6243 = ADVANCED_FACE('',(#6244),#5333,.F.);
#6244 = FACE_BOUND('',#6245,.T.);
#6245 = EDGE_LOOP('',(#6246,#6269,#6270,#6271));
#6246 = ORIENTED_EDGE('',*,*,#6247,.F.);
#6247 = EDGE_CURVE('',#5290,#6248,#6250,.T.);
#6248 = VERTEX_POINT('',#6249);
#6249 = CARTESIAN_POINT('',(-37.,21.,4.));
#6250 = SURFACE_CURVE('',#6251,(#6255,#6262),.PCURVE_S1.);
#6251 = LINE('',#6252,#6253);
#6252 = CARTESIAN_POINT('',(-48.5,9.5,4.));
#6253 = VECTOR('',#6254,1.);
#6254 = DIRECTION('',(0.707106781187,0.707106781187,-0.));
#6255 = PCURVE('',#5333,#6256);
#6256 = DEFINITIONAL_REPRESENTATION('',(#6257),#6261);
#6257 = LINE('',#6258,#6259);
#6258 = CARTESIAN_POINT('',(-0.,-14.84924240491));
#6259 = VECTOR('',#6260,1.);
#6260 = DIRECTION('',(-0.,1.));
#6261 = ( GEOMETRIC_REPRESENTATION_CONTEXT(2) 
PARAMETRIC_REPRESENTATION_CONTEXT() REPRESENTATION_CONTEXT('2D SPACE',''
  ) );
#6262 = PCURVE('',#5305,#6263);
#6263 = DEFINITIONAL_REPRESENTATION('',(#6264),#6268);
#6264 = LINE('',#6265,#6266);
#6265 = CARTESIAN_POINT('',(-9.5,30.5));
#6266 = VECTOR('',#6267,1.);
#6267 = DIRECTION('',(0.707106781187,0.707106781187));
#6268 = ( GEOMETRIC_REPRESENTATION_CONTEXT(2) 
PARAMETRIC_REPRESENTATION_CONTEXT() REPRESENTATION_CONTEXT('2D SPACE',''
  ) );
#6269 = ORIENTED_EDGE('',*,*,#5317,.T.);
#6270 = ORIENTED_EDGE('',*,*,#6122,.T.);
#6271 = ORIENTED_EDGE('',*,*,#6272,.F.);
#6272 = EDGE_CURVE('',#6248,#6123,#6273,.T.);
#6273 = SURFACE_CURVE('',#6274,(#6278,#6285),.PCURVE_S1.);
#6274 = LINE('',#6275,#6276);
#6275 = CARTESIAN_POINT('',(-37.,21.,4.));
#6276 = VECTOR('',#6277,1.);
#6277 = DIRECTION('',(0.,0.,1.));
#6278 = PCURVE('',#5333,#6279);
#6279 = DEFINITIONAL_REPRESENTATION('',(#6280),#6284);
#6280 = LINE('',#6281,#6282);
#6281 = CARTESIAN_POINT('',(-0.,1.414213562373));
#6282 = VECTOR('',#6283,1.);
#6283 = DIRECTION('',(-1.,0.));
#6284 = ( GEOMETRIC_REPRESENTATION_CONTEXT(2) 
PARAMETRIC_REPRESENTATION_CONTEXT() REPRESENTATION_CONTEXT('2D SPACE',''
  ) );
#6285 = PCURVE('',#6161,#6286);
#6286 = DEFINITIONAL_REPRESENTATION('',(#6287),#6291);
#6287 = LINE('',#6288,#6289);
#6288 = CARTESIAN_POINT('',(0.,2.));
#6289 = VECTOR('',#6290,1.);
#6290 = DIRECTION('',(1.,0.));
#6291 = ( GEOMETRIC_REPRESENTATION_CONTEXT(2) 
PARAMETRIC_REPRESENTATION_CONTEXT() REPRESENTATION_CONTEXT('2D SPACE',''
  ) );
#6292 = ADVANCED_FACE('',(#6293,#6365),#5305,.F.);
#6293 = FACE_BOUND('',#6294,.F.);
#6294 = EDGE_LOOP('',(#6295,#6296,#6297,#6320,#6343,#6364));
#6295 = ORIENTED_EDGE('',*,*,#5289,.F.);
#6296 = ORIENTED_EDGE('',*,*,#6198,.T.);
#6297 = ORIENTED_EDGE('',*,*,#6298,.T.);
#6298 = EDGE_CURVE('',#6199,#6299,#6301,.T.);
#6299 = VERTEX_POINT('',#6300);
#6300 = CARTESIAN_POINT('',(39.,-21.,4.));
#6301 = SURFACE_CURVE('',#6302,(#6306,#6313),.PCURVE_S1.);
#6302 = LINE('',#6303,#6304);
#6303 = CARTESIAN_POINT('',(-39.,-21.,4.));
#6304 = VECTOR('',#6305,1.);
#6305 = DIRECTION('',(1.,0.,0.));
#6306 = PCURVE('',#5305,#6307);
#6307 = DEFINITIONAL_REPRESENTATION('',(#6308),#6312);
#6308 = LINE('',#6309,#6310);
#6309 = CARTESIAN_POINT('',(0.,0.));
#6310 = VECTOR('',#6311,1.);
#6311 = DIRECTION('',(1.,0.));
#6312 = ( GEOMETRIC_REPRESENTATION_CONTEXT(2) 
PARAMETRIC_REPRESENTATION_CONTEXT() REPRESENTATION_CONTEXT('2D SPACE',''
  ) );
#6313 = PCURVE('',#6085,#6314);
#6314 = DEFINITIONAL_REPRESENTATION('',(#6315),#6319);
#6315 = LINE('',#6316,#6317);
#6316 = CARTESIAN_POINT('',(0.,0.));
#6317 = VECTOR('',#6318,1.);
#6318 = DIRECTION('',(0.,1.));
#6319 = ( GEOMETRIC_REPRESENTATION_CONTEXT(2) 
PARAMETRIC_REPRESENTATION_CONTEXT() REPRESENTATION_CONTEXT('2D SPACE',''
  ) );
#6320 = ORIENTED_EDGE('',*,*,#6321,.T.);
#6321 = EDGE_CURVE('',#6299,#6322,#6324,.T.);
#6322 = VERTEX_POINT('',#6323);
#6323 = CARTESIAN_POINT('',(39.,21.,4.));
#6324 = SURFACE_CURVE('',#6325,(#6329,#6336),.PCURVE_S1.);
#6325 = LINE('',#6326,#6327);
#6326 = CARTESIAN_POINT('',(39.,-21.,4.));
#6327 = VECTOR('',#6328,1.);
#6328 = DIRECTION('',(0.,1.,0.));
#6329 = PCURVE('',#5305,#6330);
#6330 = DEFINITIONAL_REPRESENTATION('',(#6331),#6335);
#6331 = LINE('',#6332,#6333);
#6332 = CARTESIAN_POINT('',(78.,0.));
#6333 = VECTOR('',#6334,1.);
#6334 = DIRECTION('',(0.,1.));
#6335 = ( GEOMETRIC_REPRESENTATION_CONTEXT(2) 
PARAMETRIC_REPRESENTATION_CONTEXT() REPRESENTATION_CONTEXT('2D SPACE',''
  ) );
#6336 = PCURVE('',#5640,#6337);
#6337 = DEFINITIONAL_REPRESENTATION('',(#6338),#6342);
#6338 = LINE('',#6339,#6340);
#6339 = CARTESIAN_POINT('',(0.,0.));
#6340 = VECTOR('',#6341,1.);
#6341 = DIRECTION('',(0.,-1.));
#6342 = ( GEOMETRIC_REPRESENTATION_CONTEXT(2) 
PARAMETRIC_REPRESENTATION_CONTEXT() REPRESENTATION_CONTEXT('2D SPACE',''
  ) );
#6343 = ORIENTED_EDGE('',*,*,#6344,.F.);
#6344 = EDGE_CURVE('',#6248,#6322,#6345,.T.);
#6345 = SURFACE_CURVE('',#6346,(#6350,#6357),.PCURVE_S1.);
#6346 = LINE('',#6347,#6348);
#6347 = CARTESIAN_POINT('',(-39.,21.,4.));
#6348 = VECTOR('',#6349,1.);
#6349 = DIRECTION('',(1.,0.,0.));
#6350 = PCURVE('',#5305,#6351);
#6351 = DEFINITIONAL_REPRESENTATION('',(#6352),#6356);
#6352 = LINE('',#6353,#6354);
#6353 = CARTESIAN_POINT('',(0.,42.));
#6354 = VECTOR('',#6355,1.);
#6355 = DIRECTION('',(1.,0.));
#6356 = ( GEOMETRIC_REPRESENTATION_CONTEXT(2) 
PARAMETRIC_REPRESENTATION_CONTEXT() REPRESENTATION_CONTEXT('2D SPACE',''
  ) );
#6357 = PCURVE('',#6161,#6358);
#6358 = DEFINITIONAL_REPRESENTATION('',(#6359),#6363);
#6359 = LINE('',#6360,#6361);
#6360 = CARTESIAN_POINT('',(0.,0.));
#6361 = VECTOR('',#6362,1.);
#6362 = DIRECTION('',(0.,1.));
#6363 = ( GEOMETRIC_REPRESENTATION_CONTEXT(2) 
PARAMETRIC_REPRESENTATION_CONTEXT() REPRESENTATION_CONTEXT('2D SPACE',''
  ) );
#6364 = ORIENTED_EDGE('',*,*,#6247,.F.);
#6365 = FACE_BOUND('',#6366,.F.);
#6366 = EDGE_LOOP('',(#6367,#6397,#6425,#6453));
#6367 = ORIENTED_EDGE('',*,*,#6368,.T.);
#6368 = EDGE_CURVE('',#6369,#6371,#6373,.T.);
#6369 = VERTEX_POINT('',#6370);
#6370 = CARTESIAN_POINT('',(28.5,-7.4,4.));
#6371 = VERTEX_POINT('',#6372);
#6372 = CARTESIAN_POINT('',(28.5,7.4,4.));
#6373 = SURFACE_CURVE('',#6374,(#6378,#6385),.PCURVE_S1.);
#6374 = LINE('',#6375,#6376);
#6375 = CARTESIAN_POINT('',(28.5,-7.4,4.));
#6376 = VECTOR('',#6377,1.);
#6377 = DIRECTION('',(0.,1.,0.));
#6378 = PCURVE('',#5305,#6379);
#6379 = DEFINITIONAL_REPRESENTATION('',(#6380),#6384);
#6380 = LINE('',#6381,#6382);
#6381 = CARTESIAN_POINT('',(67.5,13.6));
#6382 = VECTOR('',#6383,1.);
#6383 = DIRECTION('',(0.,1.));
#6384 = ( GEOMETRIC_REPRESENTATION_CONTEXT(2) 
PARAMETRIC_REPRESENTATION_CONTEXT() REPRESENTATION_CONTEXT('2D SPACE',''
  ) );
#6385 = PCURVE('',#6386,#6391);
#6386 = PLANE('',#6387);
#6387 = AXIS2_PLACEMENT_3D('',#6388,#6389,#6390);
#6388 = CARTESIAN_POINT('',(28.5,-7.4,4.));
#6389 = DIRECTION('',(1.,0.,0.));
#6390 = DIRECTION('',(0.,0.,1.));
#6391 = DEFINITIONAL_REPRESENTATION('',(#6392),#6396);
#6392 = LINE('',#6393,#6394);
#6393 = CARTESIAN_POINT('',(0.,0.));
#6394 = VECTOR('',#6395,1.);
#6395 = DIRECTION('',(0.,-1.));
#6396 = ( GEOMETRIC_REPRESENTATION_CONTEXT(2) 
PARAMETRIC_REPRESENTATION_CONTEXT() REPRESENTATION_CONTEXT('2D SPACE',''
  ) );
#6397 = ORIENTED_EDGE('',*,*,#6398,.T.);
#6398 = EDGE_CURVE('',#6371,#6399,#6401,.T.);
#6399 = VERTEX_POINT('',#6400);
#6400 = CARTESIAN_POINT('',(33.5,7.4,4.));
#6401 = SURFACE_CURVE('',#6402,(#6406,#6413),.PCURVE_S1.);
#6402 = LINE('',#6403,#6404);
#6403 = CARTESIAN_POINT('',(28.5,7.4,4.));
#6404 = VECTOR('',#6405,1.);
#6405 = DIRECTION('',(1.,0.,0.));
#6406 = PCURVE('',#5305,#6407);
#6407 = DEFINITIONAL_REPRESENTATION('',(#6408),#6412);
#6408 = LINE('',#6409,#6410);
#6409 = CARTESIAN_POINT('',(67.5,28.4));
#6410 = VECTOR('',#6411,1.);
#6411 = DIRECTION('',(1.,0.));
#6412 = ( GEOMETRIC_REPRESENTATION_CONTEXT(2) 
PARAMETRIC_REPRESENTATION_CONTEXT() REPRESENTATION_CONTEXT('2D SPACE',''
  ) );
#6413 = PCURVE('',#6414,#6419);
#6414 = PLANE('',#6415);
#6415 = AXIS2_PLACEMENT_3D('',#6416,#6417,#6418);
#6416 = CARTESIAN_POINT('',(28.5,7.4,4.));
#6417 = DIRECTION('',(0.,1.,0.));
#6418 = DIRECTION('',(0.,0.,1.));
#6419 = DEFINITIONAL_REPRESENTATION('',(#6420),#6424);
#6420 = LINE('',#6421,#6422);
#6421 = CARTESIAN_POINT('',(0.,0.));
#6422 = VECTOR('',#6423,1.);
#6423 = DIRECTION('',(0.,1.));
#6424 = ( GEOMETRIC_REPRESENTATION_CONTEXT(2) 
PARAMETRIC_REPRESENTATION_CONTEXT() REPRESENTATION_CONTEXT('2D SPACE',''
  ) );
#6425 = ORIENTED_EDGE('',*,*,#6426,.F.);
#6426 = EDGE_CURVE('',#6427,#6399,#6429,.T.);
#6427 = VERTEX_POINT('',#6428);
#6428 = CARTESIAN_POINT('',(33.5,-7.4,4.));
#6429 = SURFACE_CURVE('',#6430,(#6434,#6441),.PCURVE_S1.);
#6430 = LINE('',#6431,#6432);
#6431 = CARTESIAN_POINT('',(33.5,-7.4,4.));
#6432 = VECTOR('',#6433,1.);
#6433 = DIRECTION('',(0.,1.,0.));
#6434 = PCURVE('',#5305,#6435);
#6435 = DEFINITIONAL_REPRESENTATION('',(#6436),#6440);
#6436 = LINE('',#6437,#6438);
#6437 = CARTESIAN_POINT('',(72.5,13.6));
#6438 = VECTOR('',#6439,1.);
#6439 = DIRECTION('',(0.,1.));
#6440 = ( GEOMETRIC_REPRESENTATION_CONTEXT(2) 
PARAMETRIC_REPRESENTATION_CONTEXT() REPRESENTATION_CONTEXT('2D SPACE',''
  ) );
#6441 = PCURVE('',#6442,#6447);
#6442 = PLANE('',#6443);
#6443 = AXIS2_PLACEMENT_3D('',#6444,#6445,#6446);
#6444 = CARTESIAN_POINT('',(33.5,-7.4,4.));
#6445 = DIRECTION('',(1.,0.,0.));
#6446 = DIRECTION('',(0.,0.,1.));
#6447 = DEFINITIONAL_REPRESENTATION('',(#6448),#6452);
#6448 = LINE('',#6449,#6450);
#6449 = CARTESIAN_POINT('',(0.,0.));
#6450 = VECTOR('',#6451,1.);
#6451 = DIRECTION('',(0.,-1.));
#6452 = ( GEOMETRIC_REPRESENTATION_CONTEXT(2) 
PARAMETRIC_REPRESENTATION_CONTEXT() REPRESENTATION_CONTEXT('2D SPACE',''
  ) );
#6453 = ORIENTED_EDGE('',*,*,#6454,.F.);
#6454 = EDGE_CURVE('',#6369,#6427,#6455,.T.);
#6455 = SURFACE_CURVE('',#6456,(#6460,#6467),.PCURVE_S1.);
#6456 = LINE('',#6457,#6458);
#6457 = CARTESIAN_POINT('',(28.5,-7.4,4.));
#6458 = VECTOR('',#6459,1.);
#6459 = DIRECTION('',(1.,0.,0.));
#6460 = PCURVE('',#5305,#6461);
#6461 = DEFINITIONAL_REPRESENTATION('',(#6462),#6466);
#6462 = LINE('',#6463,#6464);
#6463 = CARTESIAN_POINT('',(67.5,13.6));
#6464 = VECTOR('',#6465,1.);
#6465 = DIRECTION('',(1.,0.));
#6466 = ( GEOMETRIC_REPRESENTATION_CONTEXT(2) 
PARAMETRIC_REPRESENTATION_CONTEXT() REPRESENTATION_CONTEXT('2D SPACE',''
  ) );
#6467 = PCURVE('',#6468,#6473);
#6468 = PLANE('',#6469);
#6469 = AXIS2_PLACEMENT_3D('',#6470,#6471,#6472);
#6470 = CARTESIAN_POINT('',(28.5,-7.4,4.));
#6471 = DIRECTION('',(0.,1.,0.));
#6472 = DIRECTION('',(0.,0.,1.));
#6473 = DEFINITIONAL_REPRESENTATION('',(#6474),#6478);
#6474 = LINE('',#6475,#6476);
#6475 = CARTESIAN_POINT('',(0.,0.));
#6476 = VECTOR('',#6477,1.);
#6477 = DIRECTION('',(0.,1.));
#6478 = ( GEOMETRIC_REPRESENTATION_CONTEXT(2) 
PARAMETRIC_REPRESENTATION_CONTEXT() REPRESENTATION_CONTEXT('2D SPACE',''
  ) );
#6479 = ADVANCED_FACE('',(#6480),#5475,.T.);
#6480 = FACE_BOUND('',#6481,.T.);
#6481 = EDGE_LOOP('',(#6482,#6505,#6506,#6529));
#6482 = ORIENTED_EDGE('',*,*,#6483,.F.);
#6483 = EDGE_CURVE('',#5458,#6484,#6486,.T.);
#6484 = VERTEX_POINT('',#6485);
#6485 = CARTESIAN_POINT('',(-30.601,8.4,21.1));
#6486 = SURFACE_CURVE('',#6487,(#6491,#6498),.PCURVE_S1.);
#6487 = LINE('',#6488,#6489);
#6488 = CARTESIAN_POINT('',(-39.001,8.4,21.1));
#6489 = VECTOR('',#6490,1.);
#6490 = DIRECTION('',(1.,0.,0.));
#6491 = PCURVE('',#5475,#6492);
#6492 = DEFINITIONAL_REPRESENTATION('',(#6493),#6497);
#6493 = LINE('',#6494,#6495);
#6494 = CARTESIAN_POINT('',(0.,16.8));
#6495 = VECTOR('',#6496,1.);
#6496 = DIRECTION('',(1.,0.));
#6497 = ( GEOMETRIC_REPRESENTATION_CONTEXT(2) 
PARAMETRIC_REPRESENTATION_CONTEXT() REPRESENTATION_CONTEXT('2D SPACE',''
  ) );
#6498 = PCURVE('',#5557,#6499);
#6499 = DEFINITIONAL_REPRESENTATION('',(#6500),#6504);
#6500 = LINE('',#6501,#6502);
#6501 = CARTESIAN_POINT('',(0.,0.));
#6502 = VECTOR('',#6503,1.);
#6503 = DIRECTION('',(0.,1.));
#6504 = ( GEOMETRIC_REPRESENTATION_CONTEXT(2) 
PARAMETRIC_REPRESENTATION_CONTEXT() REPRESENTATION_CONTEXT('2D SPACE',''
  ) );
#6505 = ORIENTED_EDGE('',*,*,#5457,.T.);
#6506 = ORIENTED_EDGE('',*,*,#6507,.T.);
#6507 = EDGE_CURVE('',#5460,#6508,#6510,.T.);
#6508 = VERTEX_POINT('',#6509);
#6509 = CARTESIAN_POINT('',(-30.601,-8.4,21.1));
#6510 = SURFACE_CURVE('',#6511,(#6515,#6522),.PCURVE_S1.);
#6511 = LINE('',#6512,#6513);
#6512 = CARTESIAN_POINT('',(-39.001,-8.4,21.1));
#6513 = VECTOR('',#6514,1.);
#6514 = DIRECTION('',(1.,0.,0.));
#6515 = PCURVE('',#5475,#6516);
#6516 = DEFINITIONAL_REPRESENTATION('',(#6517),#6521);
#6517 = LINE('',#6518,#6519);
#6518 = CARTESIAN_POINT('',(0.,0.));
#6519 = VECTOR('',#6520,1.);
#6520 = DIRECTION('',(1.,0.));
#6521 = ( GEOMETRIC_REPRESENTATION_CONTEXT(2) 
PARAMETRIC_REPRESENTATION_CONTEXT() REPRESENTATION_CONTEXT('2D SPACE',''
  ) );
#6522 = PCURVE('',#5503,#6523);
#6523 = DEFINITIONAL_REPRESENTATION('',(#6524),#6528);
#6524 = LINE('',#6525,#6526);
#6525 = CARTESIAN_POINT('',(0.,0.));
#6526 = VECTOR('',#6527,1.);
#6527 = DIRECTION('',(0.,1.));
#6528 = ( GEOMETRIC_REPRESENTATION_CONTEXT(2) 
PARAMETRIC_REPRESENTATION_CONTEXT() REPRESENTATION_CONTEXT('2D SPACE',''
  ) );
#6529 = ORIENTED_EDGE('',*,*,#6530,.T.);
#6530 = EDGE_CURVE('',#6508,#6484,#6531,.T.);
#6531 = SURFACE_CURVE('',#6532,(#6536,#6543),.PCURVE_S1.);
#6532 = LINE('',#6533,#6534);
#6533 = CARTESIAN_POINT('',(-30.601,-8.4,21.1));
#6534 = VECTOR('',#6535,1.);
#6535 = DIRECTION('',(0.,1.,0.));
#6536 = PCURVE('',#5475,#6537);
#6537 = DEFINITIONAL_REPRESENTATION('',(#6538),#6542);
#6538 = LINE('',#6539,#6540);
#6539 = CARTESIAN_POINT('',(8.4,0.));
#6540 = VECTOR('',#6541,1.);
#6541 = DIRECTION('',(0.,1.));
#6542 = ( GEOMETRIC_REPRESENTATION_CONTEXT(2) 
PARAMETRIC_REPRESENTATION_CONTEXT() REPRESENTATION_CONTEXT('2D SPACE',''
  ) );
#6543 = PCURVE('',#6544,#6549);
#6544 = PLANE('',#6545);
#6545 = AXIS2_PLACEMENT_3D('',#6546,#6547,#6548);
#6546 = CARTESIAN_POINT('',(-30.601,-8.4,21.1));
#6547 = DIRECTION('',(1.,0.,0.));
#6548 = DIRECTION('',(0.,0.,1.));
#6549 = DEFINITIONAL_REPRESENTATION('',(#6550),#6554);
#6550 = LINE('',#6551,#6552);
#6551 = CARTESIAN_POINT('',(0.,0.));
#6552 = VECTOR('',#6553,1.);
#6553 = DIRECTION('',(0.,-1.));
#6554 = ( GEOMETRIC_REPRESENTATION_CONTEXT(2) 
PARAMETRIC_REPRESENTATION_CONTEXT() REPRESENTATION_CONTEXT('2D SPACE',''
  ) );
#6555 = ADVANCED_FACE('',(#6556),#5557,.F.);
#6556 = FACE_BOUND('',#6557,.F.);
#6557 = EDGE_LOOP('',(#6558,#6559,#6560,#6583));
#6558 = ORIENTED_EDGE('',*,*,#6483,.F.);
#6559 = ORIENTED_EDGE('',*,*,#5543,.T.);
#6560 = ORIENTED_EDGE('',*,*,#6561,.T.);
#6561 = EDGE_CURVE('',#5516,#6562,#6564,.T.);
#6562 = VERTEX_POINT('',#6563);
#6563 = CARTESIAN_POINT('',(-30.601,8.4,32.9));
#6564 = SURFACE_CURVE('',#6565,(#6569,#6576),.PCURVE_S1.);
#6565 = LINE('',#6566,#6567);
#6566 = CARTESIAN_POINT('',(-39.001,8.4,32.9));
#6567 = VECTOR('',#6568,1.);
#6568 = DIRECTION('',(1.,0.,0.));
#6569 = PCURVE('',#5557,#6570);
#6570 = DEFINITIONAL_REPRESENTATION('',(#6571),#6575);
#6571 = LINE('',#6572,#6573);
#6572 = CARTESIAN_POINT('',(11.8,0.));
#6573 = VECTOR('',#6574,1.);
#6574 = DIRECTION('',(0.,1.));
#6575 = ( GEOMETRIC_REPRESENTATION_CONTEXT(2) 
PARAMETRIC_REPRESENTATION_CONTEXT() REPRESENTATION_CONTEXT('2D SPACE',''
  ) );
#6576 = PCURVE('',#5531,#6577);
#6577 = DEFINITIONAL_REPRESENTATION('',(#6578),#6582);
#6578 = LINE('',#6579,#6580);
#6579 = CARTESIAN_POINT('',(0.,16.8));
#6580 = VECTOR('',#6581,1.);
#6581 = DIRECTION('',(1.,0.));
#6582 = ( GEOMETRIC_REPRESENTATION_CONTEXT(2) 
PARAMETRIC_REPRESENTATION_CONTEXT() REPRESENTATION_CONTEXT('2D SPACE',''
  ) );
#6583 = ORIENTED_EDGE('',*,*,#6584,.F.);
#6584 = EDGE_CURVE('',#6484,#6562,#6585,.T.);
#6585 = SURFACE_CURVE('',#6586,(#6590,#6597),.PCURVE_S1.);
#6586 = LINE('',#6587,#6588);
#6587 = CARTESIAN_POINT('',(-30.601,8.4,21.1));
#6588 = VECTOR('',#6589,1.);
#6589 = DIRECTION('',(0.,0.,1.));
#6590 = PCURVE('',#5557,#6591);
#6591 = DEFINITIONAL_REPRESENTATION('',(#6592),#6596);
#6592 = LINE('',#6593,#6594);
#6593 = CARTESIAN_POINT('',(0.,8.4));
#6594 = VECTOR('',#6595,1.);
#6595 = DIRECTION('',(1.,0.));
#6596 = ( GEOMETRIC_REPRESENTATION_CONTEXT(2) 
PARAMETRIC_REPRESENTATION_CONTEXT() REPRESENTATION_CONTEXT('2D SPACE',''
  ) );
#6597 = PCURVE('',#6544,#6598);
#6598 = DEFINITIONAL_REPRESENTATION('',(#6599),#6603);
#6599 = LINE('',#6600,#6601);
#6600 = CARTESIAN_POINT('',(0.,-16.8));
#6601 = VECTOR('',#6602,1.);
#6602 = DIRECTION('',(1.,0.));
#6603 = ( GEOMETRIC_REPRESENTATION_CONTEXT(2) 
PARAMETRIC_REPRESENTATION_CONTEXT() REPRESENTATION_CONTEXT('2D SPACE',''
  ) );
#6604 = ADVANCED_FACE('',(#6605),#5531,.F.);
#6605 = FACE_BOUND('',#6606,.F.);
#6606 = EDGE_LOOP('',(#6607,#6608,#6609,#6632));
#6607 = ORIENTED_EDGE('',*,*,#6561,.F.);
#6608 = ORIENTED_EDGE('',*,*,#5515,.T.);
#6609 = ORIENTED_EDGE('',*,*,#6610,.T.);
#6610 = EDGE_CURVE('',#5488,#6611,#6613,.T.);
#6611 = VERTEX_POINT('',#6612);
#6612 = CARTESIAN_POINT('',(-30.601,-8.4,32.9));
#6613 = SURFACE_CURVE('',#6614,(#6618,#6625),.PCURVE_S1.);
#6614 = LINE('',#6615,#6616);
#6615 = CARTESIAN_POINT('',(-39.001,-8.4,32.9));
#6616 = VECTOR('',#6617,1.);
#6617 = DIRECTION('',(1.,0.,0.));
#6618 = PCURVE('',#5531,#6619);
#6619 = DEFINITIONAL_REPRESENTATION('',(#6620),#6624);
#6620 = LINE('',#6621,#6622);
#6621 = CARTESIAN_POINT('',(0.,0.));
#6622 = VECTOR('',#6623,1.);
#6623 = DIRECTION('',(1.,0.));
#6624 = ( GEOMETRIC_REPRESENTATION_CONTEXT(2) 
PARAMETRIC_REPRESENTATION_CONTEXT() REPRESENTATION_CONTEXT('2D SPACE',''
  ) );
#6625 = PCURVE('',#5503,#6626);
#6626 = DEFINITIONAL_REPRESENTATION('',(#6627),#6631);
#6627 = LINE('',#6628,#6629);
#6628 = CARTESIAN_POINT('',(11.8,0.));
#6629 = VECTOR('',#6630,1.);
#6630 = DIRECTION('',(0.,1.));
#6631 = ( GEOMETRIC_REPRESENTATION_CONTEXT(2) 
PARAMETRIC_REPRESENTATION_CONTEXT() REPRESENTATION_CONTEXT('2D SPACE',''
  ) );
#6632 = ORIENTED_EDGE('',*,*,#6633,.T.);
#6633 = EDGE_CURVE('',#6611,#6562,#6634,.T.);
#6634 = SURFACE_CURVE('',#6635,(#6639,#6646),.PCURVE_S1.);
#6635 = LINE('',#6636,#6637);
#6636 = CARTESIAN_POINT('',(-30.601,-8.4,32.9));
#6637 = VECTOR('',#6638,1.);
#6638 = DIRECTION('',(0.,1.,0.));
#6639 = PCURVE('',#5531,#6640);
#6640 = DEFINITIONAL_REPRESENTATION('',(#6641),#6645);
#6641 = LINE('',#6642,#6643);
#6642 = CARTESIAN_POINT('',(8.4,0.));
#6643 = VECTOR('',#6644,1.);
#6644 = DIRECTION('',(0.,1.));
#6645 = ( GEOMETRIC_REPRESENTATION_CONTEXT(2) 
PARAMETRIC_REPRESENTATION_CONTEXT() REPRESENTATION_CONTEXT('2D SPACE',''
  ) );
#6646 = PCURVE('',#6544,#6647);
#6647 = DEFINITIONAL_REPRESENTATION('',(#6648),#6652);
#6648 = LINE('',#6649,#6650);
#6649 = CARTESIAN_POINT('',(11.8,0.));
#6650 = VECTOR('',#6651,1.);
#6651 = DIRECTION('',(0.,-1.));
#6652 = ( GEOMETRIC_REPRESENTATION_CONTEXT(2) 
PARAMETRIC_REPRESENTATION_CONTEXT() REPRESENTATION_CONTEXT('2D SPACE',''
  ) );
#6653 = ADVANCED_FACE('',(#6654),#5503,.T.);
#6654 = FACE_BOUND('',#6655,.T.);
#6655 = EDGE_LOOP('',(#6656,#6657,#6658,#6659));
#6656 = ORIENTED_EDGE('',*,*,#6507,.F.);
#6657 = ORIENTED_EDGE('',*,*,#5487,.T.);
#6658 = ORIENTED_EDGE('',*,*,#6610,.T.);
#6659 = ORIENTED_EDGE('',*,*,#6660,.F.);
#6660 = EDGE_CURVE('',#6508,#6611,#6661,.T.);
#6661 = SURFACE_CURVE('',#6662,(#6666,#6673),.PCURVE_S1.);
#6662 = LINE('',#6663,#6664);
#6663 = CARTESIAN_POINT('',(-30.601,-8.4,21.1));
#6664 = VECTOR('',#6665,1.);
#6665 = DIRECTION('',(0.,0.,1.));
#6666 = PCURVE('',#5503,#6667);
#6667 = DEFINITIONAL_REPRESENTATION('',(#6668),#6672);
#6668 = LINE('',#6669,#6670);
#6669 = CARTESIAN_POINT('',(0.,8.4));
#6670 = VECTOR('',#6671,1.);
#6671 = DIRECTION('',(1.,0.));
#6672 = ( GEOMETRIC_REPRESENTATION_CONTEXT(2) 
PARAMETRIC_REPRESENTATION_CONTEXT() REPRESENTATION_CONTEXT('2D SPACE',''
  ) );
#6673 = PCURVE('',#6544,#6674);
#6674 = DEFINITIONAL_REPRESENTATION('',(#6675),#6679);
#6675 = LINE('',#6676,#6677);
#6676 = CARTESIAN_POINT('',(0.,0.));
#6677 = VECTOR('',#6678,1.);
#6678 = DIRECTION('',(1.,0.));
#6679 = ( GEOMETRIC_REPRESENTATION_CONTEXT(2) 
PARAMETRIC_REPRESENTATION_CONTEXT() REPRESENTATION_CONTEXT('2D SPACE',''
  ) );
#6680 = ADVANCED_FACE('',(#6681),#5612,.F.);
#6681 = FACE_BOUND('',#6682,.F.);
#6682 = EDGE_LOOP('',(#6683,#6684,#6685,#6686));
#6683 = ORIENTED_EDGE('',*,*,#5849,.F.);
#6684 = ORIENTED_EDGE('',*,*,#5729,.T.);
#6685 = ORIENTED_EDGE('',*,*,#5596,.T.);
#6686 = ORIENTED_EDGE('',*,*,#6687,.F.);
#6687 = EDGE_CURVE('',#5827,#5597,#6688,.T.);
#6688 = SURFACE_CURVE('',#6689,(#6693,#6700),.PCURVE_S1.);
#6689 = LINE('',#6690,#6691);
#6690 = CARTESIAN_POINT('',(39.,-21.,4.));
#6691 = VECTOR('',#6692,1.);
#6692 = DIRECTION('',(0.,0.,1.));
#6693 = PCURVE('',#5612,#6694);
#6694 = DEFINITIONAL_REPRESENTATION('',(#6695),#6699);
#6695 = LINE('',#6696,#6697);
#6696 = CARTESIAN_POINT('',(0.,78.));
#6697 = VECTOR('',#6698,1.);
#6698 = DIRECTION('',(1.,0.));
#6699 = ( GEOMETRIC_REPRESENTATION_CONTEXT(2) 
PARAMETRIC_REPRESENTATION_CONTEXT() REPRESENTATION_CONTEXT('2D SPACE',''
  ) );
#6700 = PCURVE('',#5640,#6701);
#6701 = DEFINITIONAL_REPRESENTATION('',(#6702),#6706);
#6702 = LINE('',#6703,#6704);
#6703 = CARTESIAN_POINT('',(0.,0.));
#6704 = VECTOR('',#6705,1.);
#6705 = DIRECTION('',(1.,0.));
#6706 = ( GEOMETRIC_REPRESENTATION_CONTEXT(2) 
PARAMETRIC_REPRESENTATION_CONTEXT() REPRESENTATION_CONTEXT('2D SPACE',''
  ) );
#6707 = ADVANCED_FACE('',(#6708),#5668,.T.);
#6708 = FACE_BOUND('',#6709,.T.);
#6709 = EDGE_LOOP('',(#6710,#6711,#6712,#6713));
#6710 = ORIENTED_EDGE('',*,*,#5876,.F.);
#6711 = ORIENTED_EDGE('',*,*,#5778,.T.);
#6712 = ORIENTED_EDGE('',*,*,#5652,.T.);
#6713 = ORIENTED_EDGE('',*,*,#6714,.F.);
#6714 = EDGE_CURVE('',#5877,#5625,#6715,.T.);
#6715 = SURFACE_CURVE('',#6716,(#6720,#6727),.PCURVE_S1.);
#6716 = LINE('',#6717,#6718);
#6717 = CARTESIAN_POINT('',(39.,21.,4.));
#6718 = VECTOR('',#6719,1.);
#6719 = DIRECTION('',(0.,0.,1.));
#6720 = PCURVE('',#5668,#6721);
#6721 = DEFINITIONAL_REPRESENTATION('',(#6722),#6726);
#6722 = LINE('',#6723,#6724);
#6723 = CARTESIAN_POINT('',(0.,78.));
#6724 = VECTOR('',#6725,1.);
#6725 = DIRECTION('',(1.,0.));
#6726 = ( GEOMETRIC_REPRESENTATION_CONTEXT(2) 
PARAMETRIC_REPRESENTATION_CONTEXT() REPRESENTATION_CONTEXT('2D SPACE',''
  ) );
#6727 = PCURVE('',#5640,#6728);
#6728 = DEFINITIONAL_REPRESENTATION('',(#6729),#6733);
#6729 = LINE('',#6730,#6731);
#6730 = CARTESIAN_POINT('',(0.,-42.));
#6731 = VECTOR('',#6732,1.);
#6732 = DIRECTION('',(1.,0.));
#6733 = ( GEOMETRIC_REPRESENTATION_CONTEXT(2) 
PARAMETRIC_REPRESENTATION_CONTEXT() REPRESENTATION_CONTEXT('2D SPACE',''
  ) );
#6734 = ADVANCED_FACE('',(#6735,#6789),#5640,.T.);
#6735 = FACE_BOUND('',#6736,.T.);
#6736 = EDGE_LOOP('',(#6737,#6738,#6739,#6740,#6741,#6742,#6743,#6764,
    #6765,#6786,#6787,#6788));
#6737 = ORIENTED_EDGE('',*,*,#6714,.T.);
#6738 = ORIENTED_EDGE('',*,*,#5624,.F.);
#6739 = ORIENTED_EDGE('',*,*,#6687,.F.);
#6740 = ORIENTED_EDGE('',*,*,#5826,.F.);
#6741 = ORIENTED_EDGE('',*,*,#5971,.F.);
#6742 = ORIENTED_EDGE('',*,*,#6046,.T.);
#6743 = ORIENTED_EDGE('',*,*,#6744,.F.);
#6744 = EDGE_CURVE('',#6299,#6047,#6745,.T.);
#6745 = SURFACE_CURVE('',#6746,(#6750,#6757),.PCURVE_S1.);
#6746 = LINE('',#6747,#6748);
#6747 = CARTESIAN_POINT('',(39.,-21.,4.));
#6748 = VECTOR('',#6749,1.);
#6749 = DIRECTION('',(0.,0.,1.));
#6750 = PCURVE('',#5640,#6751);
#6751 = DEFINITIONAL_REPRESENTATION('',(#6752),#6756);
#6752 = LINE('',#6753,#6754);
#6753 = CARTESIAN_POINT('',(0.,0.));
#6754 = VECTOR('',#6755,1.);
#6755 = DIRECTION('',(1.,0.));
#6756 = ( GEOMETRIC_REPRESENTATION_CONTEXT(2) 
PARAMETRIC_REPRESENTATION_CONTEXT() REPRESENTATION_CONTEXT('2D SPACE',''
  ) );
#6757 = PCURVE('',#6085,#6758);
#6758 = DEFINITIONAL_REPRESENTATION('',(#6759),#6763);
#6759 = LINE('',#6760,#6761);
#6760 = CARTESIAN_POINT('',(0.,78.));
#6761 = VECTOR('',#6762,1.);
#6762 = DIRECTION('',(1.,0.));
#6763 = ( GEOMETRIC_REPRESENTATION_CONTEXT(2) 
PARAMETRIC_REPRESENTATION_CONTEXT() REPRESENTATION_CONTEXT('2D SPACE',''
  ) );
#6764 = ORIENTED_EDGE('',*,*,#6321,.T.);
#6765 = ORIENTED_EDGE('',*,*,#6766,.T.);
#6766 = EDGE_CURVE('',#6322,#6146,#6767,.T.);
#6767 = SURFACE_CURVE('',#6768,(#6772,#6779),.PCURVE_S1.);
#6768 = LINE('',#6769,#6770);
#6769 = CARTESIAN_POINT('',(39.,21.,4.));
#6770 = VECTOR('',#6771,1.);
#6771 = DIRECTION('',(0.,0.,1.));
#6772 = PCURVE('',#5640,#6773);
#6773 = DEFINITIONAL_REPRESENTATION('',(#6774),#6778);
#6774 = LINE('',#6775,#6776);
#6775 = CARTESIAN_POINT('',(0.,-42.));
#6776 = VECTOR('',#6777,1.);
#6777 = DIRECTION('',(1.,0.));
#6778 = ( GEOMETRIC_REPRESENTATION_CONTEXT(2) 
PARAMETRIC_REPRESENTATION_CONTEXT() REPRESENTATION_CONTEXT('2D SPACE',''
  ) );
#6779 = PCURVE('',#6161,#6780);
#6780 = DEFINITIONAL_REPRESENTATION('',(#6781),#6785);
#6781 = LINE('',#6782,#6783);
#6782 = CARTESIAN_POINT('',(0.,78.));
#6783 = VECTOR('',#6784,1.);
#6784 = DIRECTION('',(1.,0.));
#6785 = ( GEOMETRIC_REPRESENTATION_CONTEXT(2) 
PARAMETRIC_REPRESENTATION_CONTEXT() REPRESENTATION_CONTEXT('2D SPACE',''
  ) );
#6786 = ORIENTED_EDGE('',*,*,#6173,.T.);
#6787 = ORIENTED_EDGE('',*,*,#6020,.T.);
#6788 = ORIENTED_EDGE('',*,*,#5899,.F.);
#6789 = FACE_BOUND('',#6790,.T.);
#6790 = EDGE_LOOP('',(#6791,#6821,#6849,#6877));
#6791 = ORIENTED_EDGE('',*,*,#6792,.T.);
#6792 = EDGE_CURVE('',#6793,#6795,#6797,.T.);
#6793 = VERTEX_POINT('',#6794);
#6794 = CARTESIAN_POINT('',(39.,-10.,16.));
#6795 = VERTEX_POINT('',#6796);
#6796 = CARTESIAN_POINT('',(39.,-10.,26.));
#6797 = SURFACE_CURVE('',#6798,(#6802,#6809),.PCURVE_S1.);
#6798 = LINE('',#6799,#6800);
#6799 = CARTESIAN_POINT('',(39.,-10.,16.));
#6800 = VECTOR('',#6801,1.);
#6801 = DIRECTION('',(0.,0.,1.));
#6802 = PCURVE('',#5640,#6803);
#6803 = DEFINITIONAL_REPRESENTATION('',(#6804),#6808);
#6804 = LINE('',#6805,#6806);
#6805 = CARTESIAN_POINT('',(12.,-11.));
#6806 = VECTOR('',#6807,1.);
#6807 = DIRECTION('',(1.,0.));
#6808 = ( GEOMETRIC_REPRESENTATION_CONTEXT(2) 
PARAMETRIC_REPRESENTATION_CONTEXT() REPRESENTATION_CONTEXT('2D SPACE',''
  ) );
#6809 = PCURVE('',#6810,#6815);
#6810 = PLANE('',#6811);
#6811 = AXIS2_PLACEMENT_3D('',#6812,#6813,#6814);
#6812 = CARTESIAN_POINT('',(39.,-10.,16.));
#6813 = DIRECTION('',(0.,1.,0.));
#6814 = DIRECTION('',(0.,0.,1.));
#6815 = DEFINITIONAL_REPRESENTATION('',(#6816),#6820);
#6816 = LINE('',#6817,#6818);
#6817 = CARTESIAN_POINT('',(0.,0.));
#6818 = VECTOR('',#6819,1.);
#6819 = DIRECTION('',(1.,0.));
#6820 = ( GEOMETRIC_REPRESENTATION_CONTEXT(2) 
PARAMETRIC_REPRESENTATION_CONTEXT() REPRESENTATION_CONTEXT('2D SPACE',''
  ) );
#6821 = ORIENTED_EDGE('',*,*,#6822,.T.);
#6822 = EDGE_CURVE('',#6795,#6823,#6825,.T.);
#6823 = VERTEX_POINT('',#6824);
#6824 = CARTESIAN_POINT('',(39.,10.,26.));
#6825 = SURFACE_CURVE('',#6826,(#6830,#6837),.PCURVE_S1.);
#6826 = LINE('',#6827,#6828);
#6827 = CARTESIAN_POINT('',(39.,-10.,26.));
#6828 = VECTOR('',#6829,1.);
#6829 = DIRECTION('',(0.,1.,0.));
#6830 = PCURVE('',#5640,#6831);
#6831 = DEFINITIONAL_REPRESENTATION('',(#6832),#6836);
#6832 = LINE('',#6833,#6834);
#6833 = CARTESIAN_POINT('',(22.,-11.));
#6834 = VECTOR('',#6835,1.);
#6835 = DIRECTION('',(0.,-1.));
#6836 = ( GEOMETRIC_REPRESENTATION_CONTEXT(2) 
PARAMETRIC_REPRESENTATION_CONTEXT() REPRESENTATION_CONTEXT('2D SPACE',''
  ) );
#6837 = PCURVE('',#6838,#6843);
#6838 = PLANE('',#6839);
#6839 = AXIS2_PLACEMENT_3D('',#6840,#6841,#6842);
#6840 = CARTESIAN_POINT('',(39.,-10.,26.));
#6841 = DIRECTION('',(0.,0.,1.));
#6842 = DIRECTION('',(1.,0.,0.));
#6843 = DEFINITIONAL_REPRESENTATION('',(#6844),#6848);
#6844 = LINE('',#6845,#6846);
#6845 = CARTESIAN_POINT('',(0.,0.));
#6846 = VECTOR('',#6847,1.);
#6847 = DIRECTION('',(0.,1.));
#6848 = ( GEOMETRIC_REPRESENTATION_CONTEXT(2) 
PARAMETRIC_REPRESENTATION_CONTEXT() REPRESENTATION_CONTEXT('2D SPACE',''
  ) );
#6849 = ORIENTED_EDGE('',*,*,#6850,.F.);
#6850 = EDGE_CURVE('',#6851,#6823,#6853,.T.);
#6851 = VERTEX_POINT('',#6852);
#6852 = CARTESIAN_POINT('',(39.,10.,16.));
#6853 = SURFACE_CURVE('',#6854,(#6858,#6865),.PCURVE_S1.);
#6854 = LINE('',#6855,#6856);
#6855 = CARTESIAN_POINT('',(39.,10.,16.));
#6856 = VECTOR('',#6857,1.);
#6857 = DIRECTION('',(0.,0.,1.));
#6858 = PCURVE('',#5640,#6859);
#6859 = DEFINITIONAL_REPRESENTATION('',(#6860),#6864);
#6860 = LINE('',#6861,#6862);
#6861 = CARTESIAN_POINT('',(12.,-31.));
#6862 = VECTOR('',#6863,1.);
#6863 = DIRECTION('',(1.,0.));
#6864 = ( GEOMETRIC_REPRESENTATION_CONTEXT(2) 
PARAMETRIC_REPRESENTATION_CONTEXT() REPRESENTATION_CONTEXT('2D SPACE',''
  ) );
#6865 = PCURVE('',#6866,#6871);
#6866 = PLANE('',#6867);
#6867 = AXIS2_PLACEMENT_3D('',#6868,#6869,#6870);
#6868 = CARTESIAN_POINT('',(39.,10.,16.));
#6869 = DIRECTION('',(0.,1.,0.));
#6870 = DIRECTION('',(0.,0.,1.));
#6871 = DEFINITIONAL_REPRESENTATION('',(#6872),#6876);
#6872 = LINE('',#6873,#6874);
#6873 = CARTESIAN_POINT('',(0.,0.));
#6874 = VECTOR('',#6875,1.);
#6875 = DIRECTION('',(1.,0.));
#6876 = ( GEOMETRIC_REPRESENTATION_CONTEXT(2) 
PARAMETRIC_REPRESENTATION_CONTEXT() REPRESENTATION_CONTEXT('2D SPACE',''
  ) );
#6877 = ORIENTED_EDGE('',*,*,#6878,.F.);
#6878 = EDGE_CURVE('',#6793,#6851,#6879,.T.);
#6879 = SURFACE_CURVE('',#6880,(#6884,#6891),.PCURVE_S1.);
#6880 = LINE('',#6881,#6882);
#6881 = CARTESIAN_POINT('',(39.,-10.,16.));
#6882 = VECTOR('',#6883,1.);
#6883 = DIRECTION('',(0.,1.,0.));
#6884 = PCURVE('',#5640,#6885);
#6885 = DEFINITIONAL_REPRESENTATION('',(#6886),#6890);
#6886 = LINE('',#6887,#6888);
#6887 = CARTESIAN_POINT('',(12.,-11.));
#6888 = VECTOR('',#6889,1.);
#6889 = DIRECTION('',(0.,-1.));
#6890 = ( GEOMETRIC_REPRESENTATION_CONTEXT(2) 
PARAMETRIC_REPRESENTATION_CONTEXT() REPRESENTATION_CONTEXT('2D SPACE',''
  ) );
#6891 = PCURVE('',#6892,#6897);
#6892 = PLANE('',#6893);
#6893 = AXIS2_PLACEMENT_3D('',#6894,#6895,#6896);
#6894 = CARTESIAN_POINT('',(39.,-10.,16.));
#6895 = DIRECTION('',(0.,0.,1.));
#6896 = DIRECTION('',(1.,0.,0.));
#6897 = DEFINITIONAL_REPRESENTATION('',(#6898),#6902);
#6898 = LINE('',#6899,#6900);
#6899 = CARTESIAN_POINT('',(0.,0.));
#6900 = VECTOR('',#6901,1.);
#6901 = DIRECTION('',(0.,1.));
#6902 = ( GEOMETRIC_REPRESENTATION_CONTEXT(2) 
PARAMETRIC_REPRESENTATION_CONTEXT() REPRESENTATION_CONTEXT('2D SPACE',''
  ) );
#6903 = ADVANCED_FACE('',(#6904),#6085,.F.);
#6904 = FACE_BOUND('',#6905,.F.);
#6905 = EDGE_LOOP('',(#6906,#6907,#6908,#6909));
#6906 = ORIENTED_EDGE('',*,*,#6298,.F.);
#6907 = ORIENTED_EDGE('',*,*,#6223,.T.);
#6908 = ORIENTED_EDGE('',*,*,#6069,.T.);
#6909 = ORIENTED_EDGE('',*,*,#6744,.F.);
#6910 = ADVANCED_FACE('',(#6911),#6161,.T.);
#6911 = FACE_BOUND('',#6912,.T.);
#6912 = EDGE_LOOP('',(#6913,#6914,#6915,#6916));
#6913 = ORIENTED_EDGE('',*,*,#6344,.F.);
#6914 = ORIENTED_EDGE('',*,*,#6272,.T.);
#6915 = ORIENTED_EDGE('',*,*,#6145,.T.);
#6916 = ORIENTED_EDGE('',*,*,#6766,.F.);
#6917 = ADVANCED_FACE('',(#6918),#6386,.T.);
#6918 = FACE_BOUND('',#6919,.T.);
#6919 = EDGE_LOOP('',(#6920,#6943,#6944,#6967));
#6920 = ORIENTED_EDGE('',*,*,#6921,.F.);
#6921 = EDGE_CURVE('',#6369,#6922,#6924,.T.);
#6922 = VERTEX_POINT('',#6923);
#6923 = CARTESIAN_POINT('',(28.5,-7.4,7.5));
#6924 = SURFACE_CURVE('',#6925,(#6929,#6936),.PCURVE_S1.);
#6925 = LINE('',#6926,#6927);
#6926 = CARTESIAN_POINT('',(28.5,-7.4,4.));
#6927 = VECTOR('',#6928,1.);
#6928 = DIRECTION('',(0.,0.,1.));
#6929 = PCURVE('',#6386,#6930);
#6930 = DEFINITIONAL_REPRESENTATION('',(#6931),#6935);
#6931 = LINE('',#6932,#6933);
#6932 = CARTESIAN_POINT('',(0.,0.));
#6933 = VECTOR('',#6934,1.);
#6934 = DIRECTION('',(1.,0.));
#6935 = ( GEOMETRIC_REPRESENTATION_CONTEXT(2) 
PARAMETRIC_REPRESENTATION_CONTEXT() REPRESENTATION_CONTEXT('2D SPACE',''
  ) );
#6936 = PCURVE('',#6468,#6937);
#6937 = DEFINITIONAL_REPRESENTATION('',(#6938),#6942);
#6938 = LINE('',#6939,#6940);
#6939 = CARTESIAN_POINT('',(0.,0.));
#6940 = VECTOR('',#6941,1.);
#6941 = DIRECTION('',(1.,0.));
#6942 = ( GEOMETRIC_REPRESENTATION_CONTEXT(2) 
PARAMETRIC_REPRESENTATION_CONTEXT() REPRESENTATION_CONTEXT('2D SPACE',''
  ) );
#6943 = ORIENTED_EDGE('',*,*,#6368,.T.);
#6944 = ORIENTED_EDGE('',*,*,#6945,.T.);
#6945 = EDGE_CURVE('',#6371,#6946,#6948,.T.);
#6946 = VERTEX_POINT('',#6947);
#6947 = CARTESIAN_POINT('',(28.5,7.4,7.5));
#6948 = SURFACE_CURVE('',#6949,(#6953,#6960),.PCURVE_S1.);
#6949 = LINE('',#6950,#6951);
#6950 = CARTESIAN_POINT('',(28.5,7.4,4.));
#6951 = VECTOR('',#6952,1.);
#6952 = DIRECTION('',(0.,0.,1.));
#6953 = PCURVE('',#6386,#6954);
#6954 = DEFINITIONAL_REPRESENTATION('',(#6955),#6959);
#6955 = LINE('',#6956,#6957);
#6956 = CARTESIAN_POINT('',(0.,-14.8));
#6957 = VECTOR('',#6958,1.);
#6958 = DIRECTION('',(1.,0.));
#6959 = ( GEOMETRIC_REPRESENTATION_CONTEXT(2) 
PARAMETRIC_REPRESENTATION_CONTEXT() REPRESENTATION_CONTEXT('2D SPACE',''
  ) );
#6960 = PCURVE('',#6414,#6961);
#6961 = DEFINITIONAL_REPRESENTATION('',(#6962),#6966);
#6962 = LINE('',#6963,#6964);
#6963 = CARTESIAN_POINT('',(0.,0.));
#6964 = VECTOR('',#6965,1.);
#6965 = DIRECTION('',(1.,0.));
#6966 = ( GEOMETRIC_REPRESENTATION_CONTEXT(2) 
PARAMETRIC_REPRESENTATION_CONTEXT() REPRESENTATION_CONTEXT('2D SPACE',''
  ) );
#6967 = ORIENTED_EDGE('',*,*,#6968,.F.);
#6968 = EDGE_CURVE('',#6922,#6946,#6969,.T.);
#6969 = SURFACE_CURVE('',#6970,(#6974,#6981),.PCURVE_S1.);
#6970 = LINE('',#6971,#6972);
#6971 = CARTESIAN_POINT('',(28.5,-7.4,7.5));
#6972 = VECTOR('',#6973,1.);
#6973 = DIRECTION('',(0.,1.,0.));
#6974 = PCURVE('',#6386,#6975);
#6975 = DEFINITIONAL_REPRESENTATION('',(#6976),#6980);
#6976 = LINE('',#6977,#6978);
#6977 = CARTESIAN_POINT('',(3.5,0.));
#6978 = VECTOR('',#6979,1.);
#6979 = DIRECTION('',(0.,-1.));
#6980 = ( GEOMETRIC_REPRESENTATION_CONTEXT(2) 
PARAMETRIC_REPRESENTATION_CONTEXT() REPRESENTATION_CONTEXT('2D SPACE',''
  ) );
#6981 = PCURVE('',#6982,#6987);
#6982 = PLANE('',#6983);
#6983 = AXIS2_PLACEMENT_3D('',#6984,#6985,#6986);
#6984 = CARTESIAN_POINT('',(28.5,-7.4,7.5));
#6985 = DIRECTION('',(0.,0.,1.));
#6986 = DIRECTION('',(1.,0.,0.));
#6987 = DEFINITIONAL_REPRESENTATION('',(#6988),#6992);
#6988 = LINE('',#6989,#6990);
#6989 = CARTESIAN_POINT('',(0.,0.));
#6990 = VECTOR('',#6991,1.);
#6991 = DIRECTION('',(0.,1.));
#6992 = ( GEOMETRIC_REPRESENTATION_CONTEXT(2) 
PARAMETRIC_REPRESENTATION_CONTEXT() REPRESENTATION_CONTEXT('2D SPACE',''
  ) );
#6993 = ADVANCED_FACE('',(#6994),#6468,.T.);
#6994 = FACE_BOUND('',#6995,.T.);
#6995 = EDGE_LOOP('',(#6996,#6997,#6998,#7021));
#6996 = ORIENTED_EDGE('',*,*,#6454,.F.);
#6997 = ORIENTED_EDGE('',*,*,#6921,.T.);
#6998 = ORIENTED_EDGE('',*,*,#6999,.T.);
#6999 = EDGE_CURVE('',#6922,#7000,#7002,.T.);
#7000 = VERTEX_POINT('',#7001);
#7001 = CARTESIAN_POINT('',(33.5,-7.4,7.5));
#7002 = SURFACE_CURVE('',#7003,(#7007,#7014),.PCURVE_S1.);
#7003 = LINE('',#7004,#7005);
#7004 = CARTESIAN_POINT('',(28.5,-7.4,7.5));
#7005 = VECTOR('',#7006,1.);
#7006 = DIRECTION('',(1.,0.,0.));
#7007 = PCURVE('',#6468,#7008);
#7008 = DEFINITIONAL_REPRESENTATION('',(#7009),#7013);
#7009 = LINE('',#7010,#7011);
#7010 = CARTESIAN_POINT('',(3.5,0.));
#7011 = VECTOR('',#7012,1.);
#7012 = DIRECTION('',(0.,1.));
#7013 = ( GEOMETRIC_REPRESENTATION_CONTEXT(2) 
PARAMETRIC_REPRESENTATION_CONTEXT() REPRESENTATION_CONTEXT('2D SPACE',''
  ) );
#7014 = PCURVE('',#6982,#7015);
#7015 = DEFINITIONAL_REPRESENTATION('',(#7016),#7020);
#7016 = LINE('',#7017,#7018);
#7017 = CARTESIAN_POINT('',(0.,0.));
#7018 = VECTOR('',#7019,1.);
#7019 = DIRECTION('',(1.,0.));
#7020 = ( GEOMETRIC_REPRESENTATION_CONTEXT(2) 
PARAMETRIC_REPRESENTATION_CONTEXT() REPRESENTATION_CONTEXT('2D SPACE',''
  ) );
#7021 = ORIENTED_EDGE('',*,*,#7022,.F.);
#7022 = EDGE_CURVE('',#6427,#7000,#7023,.T.);
#7023 = SURFACE_CURVE('',#7024,(#7028,#7035),.PCURVE_S1.);
#7024 = LINE('',#7025,#7026);
#7025 = CARTESIAN_POINT('',(33.5,-7.4,4.));
#7026 = VECTOR('',#7027,1.);
#7027 = DIRECTION('',(0.,0.,1.));
#7028 = PCURVE('',#6468,#7029);
#7029 = DEFINITIONAL_REPRESENTATION('',(#7030),#7034);
#7030 = LINE('',#7031,#7032);
#7031 = CARTESIAN_POINT('',(0.,5.));
#7032 = VECTOR('',#7033,1.);
#7033 = DIRECTION('',(1.,0.));
#7034 = ( GEOMETRIC_REPRESENTATION_CONTEXT(2) 
PARAMETRIC_REPRESENTATION_CONTEXT() REPRESENTATION_CONTEXT('2D SPACE',''
  ) );
#7035 = PCURVE('',#6442,#7036);
#7036 = DEFINITIONAL_REPRESENTATION('',(#7037),#7041);
#7037 = LINE('',#7038,#7039);
#7038 = CARTESIAN_POINT('',(0.,0.));
#7039 = VECTOR('',#7040,1.);
#7040 = DIRECTION('',(1.,0.));
#7041 = ( GEOMETRIC_REPRESENTATION_CONTEXT(2) 
PARAMETRIC_REPRESENTATION_CONTEXT() REPRESENTATION_CONTEXT('2D SPACE',''
  ) );
#7042 = ADVANCED_FACE('',(#7043),#6442,.F.);
#7043 = FACE_BOUND('',#7044,.F.);
#7044 = EDGE_LOOP('',(#7045,#7046,#7047,#7070));
#7045 = ORIENTED_EDGE('',*,*,#7022,.F.);
#7046 = ORIENTED_EDGE('',*,*,#6426,.T.);
#7047 = ORIENTED_EDGE('',*,*,#7048,.T.);
#7048 = EDGE_CURVE('',#6399,#7049,#7051,.T.);
#7049 = VERTEX_POINT('',#7050);
#7050 = CARTESIAN_POINT('',(33.5,7.4,7.5));
#7051 = SURFACE_CURVE('',#7052,(#7056,#7063),.PCURVE_S1.);
#7052 = LINE('',#7053,#7054);
#7053 = CARTESIAN_POINT('',(33.5,7.4,4.));
#7054 = VECTOR('',#7055,1.);
#7055 = DIRECTION('',(0.,0.,1.));
#7056 = PCURVE('',#6442,#7057);
#7057 = DEFINITIONAL_REPRESENTATION('',(#7058),#7062);
#7058 = LINE('',#7059,#7060);
#7059 = CARTESIAN_POINT('',(0.,-14.8));
#7060 = VECTOR('',#7061,1.);
#7061 = DIRECTION('',(1.,0.));
#7062 = ( GEOMETRIC_REPRESENTATION_CONTEXT(2) 
PARAMETRIC_REPRESENTATION_CONTEXT() REPRESENTATION_CONTEXT('2D SPACE',''
  ) );
#7063 = PCURVE('',#6414,#7064);
#7064 = DEFINITIONAL_REPRESENTATION('',(#7065),#7069);
#7065 = LINE('',#7066,#7067);
#7066 = CARTESIAN_POINT('',(0.,5.));
#7067 = VECTOR('',#7068,1.);
#7068 = DIRECTION('',(1.,0.));
#7069 = ( GEOMETRIC_REPRESENTATION_CONTEXT(2) 
PARAMETRIC_REPRESENTATION_CONTEXT() REPRESENTATION_CONTEXT('2D SPACE',''
  ) );
#7070 = ORIENTED_EDGE('',*,*,#7071,.F.);
#7071 = EDGE_CURVE('',#7000,#7049,#7072,.T.);
#7072 = SURFACE_CURVE('',#7073,(#7077,#7084),.PCURVE_S1.);
#7073 = LINE('',#7074,#7075);
#7074 = CARTESIAN_POINT('',(33.5,-7.4,7.5));
#7075 = VECTOR('',#7076,1.);
#7076 = DIRECTION('',(0.,1.,0.));
#7077 = PCURVE('',#6442,#7078);
#7078 = DEFINITIONAL_REPRESENTATION('',(#7079),#7083);
#7079 = LINE('',#7080,#7081);
#7080 = CARTESIAN_POINT('',(3.5,0.));
#7081 = VECTOR('',#7082,1.);
#7082 = DIRECTION('',(0.,-1.));
#7083 = ( GEOMETRIC_REPRESENTATION_CONTEXT(2) 
PARAMETRIC_REPRESENTATION_CONTEXT() REPRESENTATION_CONTEXT('2D SPACE',''
  ) );
#7084 = PCURVE('',#6982,#7085);
#7085 = DEFINITIONAL_REPRESENTATION('',(#7086),#7090);
#7086 = LINE('',#7087,#7088);
#7087 = CARTESIAN_POINT('',(5.,0.));
#7088 = VECTOR('',#7089,1.);
#7089 = DIRECTION('',(0.,1.));
#7090 = ( GEOMETRIC_REPRESENTATION_CONTEXT(2) 
PARAMETRIC_REPRESENTATION_CONTEXT() REPRESENTATION_CONTEXT('2D SPACE',''
  ) );
#7091 = ADVANCED_FACE('',(#7092),#6414,.F.);
#7092 = FACE_BOUND('',#7093,.F.);
#7093 = EDGE_LOOP('',(#7094,#7095,#7096,#7117));
#7094 = ORIENTED_EDGE('',*,*,#6398,.F.);
#7095 = ORIENTED_EDGE('',*,*,#6945,.T.);
#7096 = ORIENTED_EDGE('',*,*,#7097,.T.);
#7097 = EDGE_CURVE('',#6946,#7049,#7098,.T.);
#7098 = SURFACE_CURVE('',#7099,(#7103,#7110),.PCURVE_S1.);
#7099 = LINE('',#7100,#7101);
#7100 = CARTESIAN_POINT('',(28.5,7.4,7.5));
#7101 = VECTOR('',#7102,1.);
#7102 = DIRECTION('',(1.,0.,0.));
#7103 = PCURVE('',#6414,#7104);
#7104 = DEFINITIONAL_REPRESENTATION('',(#7105),#7109);
#7105 = LINE('',#7106,#7107);
#7106 = CARTESIAN_POINT('',(3.5,0.));
#7107 = VECTOR('',#7108,1.);
#7108 = DIRECTION('',(0.,1.));
#7109 = ( GEOMETRIC_REPRESENTATION_CONTEXT(2) 
PARAMETRIC_REPRESENTATION_CONTEXT() REPRESENTATION_CONTEXT('2D SPACE',''
  ) );
#7110 = PCURVE('',#6982,#7111);
#7111 = DEFINITIONAL_REPRESENTATION('',(#7112),#7116);
#7112 = LINE('',#7113,#7114);
#7113 = CARTESIAN_POINT('',(0.,14.8));
#7114 = VECTOR('',#7115,1.);
#7115 = DIRECTION('',(1.,0.));
#7116 = ( GEOMETRIC_REPRESENTATION_CONTEXT(2) 
PARAMETRIC_REPRESENTATION_CONTEXT() REPRESENTATION_CONTEXT('2D SPACE',''
  ) );
#7117 = ORIENTED_EDGE('',*,*,#7048,.F.);
#7118 = ADVANCED_FACE('',(#7119),#6544,.F.);
#7119 = FACE_BOUND('',#7120,.F.);
#7120 = EDGE_LOOP('',(#7121,#7122,#7123,#7124));
#7121 = ORIENTED_EDGE('',*,*,#6660,.F.);
#7122 = ORIENTED_EDGE('',*,*,#6530,.T.);
#7123 = ORIENTED_EDGE('',*,*,#6584,.T.);
#7124 = ORIENTED_EDGE('',*,*,#6633,.F.);
#7125 = ADVANCED_FACE('',(#7126),#6810,.F.);
#7126 = FACE_BOUND('',#7127,.F.);
#7127 = EDGE_LOOP('',(#7128,#7151,#7152,#7175));
#7128 = ORIENTED_EDGE('',*,*,#7129,.F.);
#7129 = EDGE_CURVE('',#6793,#7130,#7132,.T.);
#7130 = VERTEX_POINT('',#7131);
#7131 = CARTESIAN_POINT('',(43.,-10.,16.));
#7132 = SURFACE_CURVE('',#7133,(#7137,#7144),.PCURVE_S1.);
#7133 = LINE('',#7134,#7135);
#7134 = CARTESIAN_POINT('',(39.,-10.,16.));
#7135 = VECTOR('',#7136,1.);
#7136 = DIRECTION('',(1.,0.,0.));
#7137 = PCURVE('',#6810,#7138);
#7138 = DEFINITIONAL_REPRESENTATION('',(#7139),#7143);
#7139 = LINE('',#7140,#7141);
#7140 = CARTESIAN_POINT('',(0.,0.));
#7141 = VECTOR('',#7142,1.);
#7142 = DIRECTION('',(0.,1.));
#7143 = ( GEOMETRIC_REPRESENTATION_CONTEXT(2) 
PARAMETRIC_REPRESENTATION_CONTEXT() REPRESENTATION_CONTEXT('2D SPACE',''
  ) );
#7144 = PCURVE('',#6892,#7145);
#7145 = DEFINITIONAL_REPRESENTATION('',(#7146),#7150);
#7146 = LINE('',#7147,#7148);
#7147 = CARTESIAN_POINT('',(0.,0.));
#7148 = VECTOR('',#7149,1.);
#7149 = DIRECTION('',(1.,0.));
#7150 = ( GEOMETRIC_REPRESENTATION_CONTEXT(2) 
PARAMETRIC_REPRESENTATION_CONTEXT() REPRESENTATION_CONTEXT('2D SPACE',''
  ) );
#7151 = ORIENTED_EDGE('',*,*,#6792,.T.);
#7152 = ORIENTED_EDGE('',*,*,#7153,.T.);
#7153 = EDGE_CURVE('',#6795,#7154,#7156,.T.);
#7154 = VERTEX_POINT('',#7155);
#7155 = CARTESIAN_POINT('',(43.,-10.,26.));
#7156 = SURFACE_CURVE('',#7157,(#7161,#7168),.PCURVE_S1.);
#7157 = LINE('',#7158,#7159);
#7158 = CARTESIAN_POINT('',(39.,-10.,26.));
#7159 = VECTOR('',#7160,1.);
#7160 = DIRECTION('',(1.,0.,0.));
#7161 = PCURVE('',#6810,#7162);
#7162 = DEFINITIONAL_REPRESENTATION('',(#7163),#7167);
#7163 = LINE('',#7164,#7165);
#7164 = CARTESIAN_POINT('',(10.,0.));
#7165 = VECTOR('',#7166,1.);
#7166 = DIRECTION('',(0.,1.));
#7167 = ( GEOMETRIC_REPRESENTATION_CONTEXT(2) 
PARAMETRIC_REPRESENTATION_CONTEXT() REPRESENTATION_CONTEXT('2D SPACE',''
  ) );
#7168 = PCURVE('',#6838,#7169);
#7169 = DEFINITIONAL_REPRESENTATION('',(#7170),#7174);
#7170 = LINE('',#7171,#7172);
#7171 = CARTESIAN_POINT('',(0.,0.));
#7172 = VECTOR('',#7173,1.);
#7173 = DIRECTION('',(1.,0.));
#7174 = ( GEOMETRIC_REPRESENTATION_CONTEXT(2) 
PARAMETRIC_REPRESENTATION_CONTEXT() REPRESENTATION_CONTEXT('2D SPACE',''
  ) );
#7175 = ORIENTED_EDGE('',*,*,#7176,.F.);
#7176 = EDGE_CURVE('',#7130,#7154,#7177,.T.);
#7177 = SURFACE_CURVE('',#7178,(#7182,#7189),.PCURVE_S1.);
#7178 = LINE('',#7179,#7180);
#7179 = CARTESIAN_POINT('',(43.,-10.,16.));
#7180 = VECTOR('',#7181,1.);
#7181 = DIRECTION('',(0.,0.,1.));
#7182 = PCURVE('',#6810,#7183);
#7183 = DEFINITIONAL_REPRESENTATION('',(#7184),#7188);
#7184 = LINE('',#7185,#7186);
#7185 = CARTESIAN_POINT('',(0.,4.));
#7186 = VECTOR('',#7187,1.);
#7187 = DIRECTION('',(1.,0.));
#7188 = ( GEOMETRIC_REPRESENTATION_CONTEXT(2) 
PARAMETRIC_REPRESENTATION_CONTEXT() REPRESENTATION_CONTEXT('2D SPACE',''
  ) );
#7189 = PCURVE('',#7190,#7195);
#7190 = PLANE('',#7191);
#7191 = AXIS2_PLACEMENT_3D('',#7192,#7193,#7194);
#7192 = CARTESIAN_POINT('',(43.,-10.,16.));
#7193 = DIRECTION('',(1.,0.,0.));
#7194 = DIRECTION('',(0.,0.,1.));
#7195 = DEFINITIONAL_REPRESENTATION('',(#7196),#7200);
#7196 = LINE('',#7197,#7198);
#7197 = CARTESIAN_POINT('',(0.,0.));
#7198 = VECTOR('',#7199,1.);
#7199 = DIRECTION('',(1.,0.));
#7200 = ( GEOMETRIC_REPRESENTATION_CONTEXT(2) 
PARAMETRIC_REPRESENTATION_CONTEXT() REPRESENTATION_CONTEXT('2D SPACE',''
  ) );
#7201 = ADVANCED_FACE('',(#7202),#6892,.F.);
#7202 = FACE_BOUND('',#7203,.F.);
#7203 = EDGE_LOOP('',(#7204,#7205,#7206,#7229));
#7204 = ORIENTED_EDGE('',*,*,#6878,.F.);
#7205 = ORIENTED_EDGE('',*,*,#7129,.T.);
#7206 = ORIENTED_EDGE('',*,*,#7207,.T.);
#7207 = EDGE_CURVE('',#7130,#7208,#7210,.T.);
#7208 = VERTEX_POINT('',#7209);
#7209 = CARTESIAN_POINT('',(43.,10.,16.));
#7210 = SURFACE_CURVE('',#7211,(#7215,#7222),.PCURVE_S1.);
#7211 = LINE('',#7212,#7213);
#7212 = CARTESIAN_POINT('',(43.,-10.,16.));
#7213 = VECTOR('',#7214,1.);
#7214 = DIRECTION('',(0.,1.,0.));
#7215 = PCURVE('',#6892,#7216);
#7216 = DEFINITIONAL_REPRESENTATION('',(#7217),#7221);
#7217 = LINE('',#7218,#7219);
#7218 = CARTESIAN_POINT('',(4.,0.));
#7219 = VECTOR('',#7220,1.);
#7220 = DIRECTION('',(0.,1.));
#7221 = ( GEOMETRIC_REPRESENTATION_CONTEXT(2) 
PARAMETRIC_REPRESENTATION_CONTEXT() REPRESENTATION_CONTEXT('2D SPACE',''
  ) );
#7222 = PCURVE('',#7190,#7223);
#7223 = DEFINITIONAL_REPRESENTATION('',(#7224),#7228);
#7224 = LINE('',#7225,#7226);
#7225 = CARTESIAN_POINT('',(0.,0.));
#7226 = VECTOR('',#7227,1.);
#7227 = DIRECTION('',(0.,-1.));
#7228 = ( GEOMETRIC_REPRESENTATION_CONTEXT(2) 
PARAMETRIC_REPRESENTATION_CONTEXT() REPRESENTATION_CONTEXT('2D SPACE',''
  ) );
#7229 = ORIENTED_EDGE('',*,*,#7230,.F.);
#7230 = EDGE_CURVE('',#6851,#7208,#7231,.T.);
#7231 = SURFACE_CURVE('',#7232,(#7236,#7243),.PCURVE_S1.);
#7232 = LINE('',#7233,#7234);
#7233 = CARTESIAN_POINT('',(39.,10.,16.));
#7234 = VECTOR('',#7235,1.);
#7235 = DIRECTION('',(1.,0.,0.));
#7236 = PCURVE('',#6892,#7237);
#7237 = DEFINITIONAL_REPRESENTATION('',(#7238),#7242);
#7238 = LINE('',#7239,#7240);
#7239 = CARTESIAN_POINT('',(0.,20.));
#7240 = VECTOR('',#7241,1.);
#7241 = DIRECTION('',(1.,0.));
#7242 = ( GEOMETRIC_REPRESENTATION_CONTEXT(2) 
PARAMETRIC_REPRESENTATION_CONTEXT() REPRESENTATION_CONTEXT('2D SPACE',''
  ) );
#7243 = PCURVE('',#6866,#7244);
#7244 = DEFINITIONAL_REPRESENTATION('',(#7245),#7249);
#7245 = LINE('',#7246,#7247);
#7246 = CARTESIAN_POINT('',(0.,0.));
#7247 = VECTOR('',#7248,1.);
#7248 = DIRECTION('',(0.,1.));
#7249 = ( GEOMETRIC_REPRESENTATION_CONTEXT(2) 
PARAMETRIC_REPRESENTATION_CONTEXT() REPRESENTATION_CONTEXT('2D SPACE',''
  ) );
#7250 = ADVANCED_FACE('',(#7251),#6866,.T.);
#7251 = FACE_BOUND('',#7252,.T.);
#7252 = EDGE_LOOP('',(#7253,#7254,#7255,#7278));
#7253 = ORIENTED_EDGE('',*,*,#7230,.F.);
#7254 = ORIENTED_EDGE('',*,*,#6850,.T.);
#7255 = ORIENTED_EDGE('',*,*,#7256,.T.);
#7256 = EDGE_CURVE('',#6823,#7257,#7259,.T.);
#7257 = VERTEX_POINT('',#7258);
#7258 = CARTESIAN_POINT('',(43.,10.,26.));
#7259 = SURFACE_CURVE('',#7260,(#7264,#7271),.PCURVE_S1.);
#7260 = LINE('',#7261,#7262);
#7261 = CARTESIAN_POINT('',(39.,10.,26.));
#7262 = VECTOR('',#7263,1.);
#7263 = DIRECTION('',(1.,0.,0.));
#7264 = PCURVE('',#6866,#7265);
#7265 = DEFINITIONAL_REPRESENTATION('',(#7266),#7270);
#7266 = LINE('',#7267,#7268);
#7267 = CARTESIAN_POINT('',(10.,0.));
#7268 = VECTOR('',#7269,1.);
#7269 = DIRECTION('',(0.,1.));
#7270 = ( GEOMETRIC_REPRESENTATION_CONTEXT(2) 
PARAMETRIC_REPRESENTATION_CONTEXT() REPRESENTATION_CONTEXT('2D SPACE',''
  ) );
#7271 = PCURVE('',#6838,#7272);
#7272 = DEFINITIONAL_REPRESENTATION('',(#7273),#7277);
#7273 = LINE('',#7274,#7275);
#7274 = CARTESIAN_POINT('',(0.,20.));
#7275 = VECTOR('',#7276,1.);
#7276 = DIRECTION('',(1.,0.));
#7277 = ( GEOMETRIC_REPRESENTATION_CONTEXT(2) 
PARAMETRIC_REPRESENTATION_CONTEXT() REPRESENTATION_CONTEXT('2D SPACE',''
  ) );
#7278 = ORIENTED_EDGE('',*,*,#7279,.F.);
#7279 = EDGE_CURVE('',#7208,#7257,#7280,.T.);
#7280 = SURFACE_CURVE('',#7281,(#7285,#7292),.PCURVE_S1.);
#7281 = LINE('',#7282,#7283);
#7282 = CARTESIAN_POINT('',(43.,10.,16.));
#7283 = VECTOR('',#7284,1.);
#7284 = DIRECTION('',(0.,0.,1.));
#7285 = PCURVE('',#6866,#7286);
#7286 = DEFINITIONAL_REPRESENTATION('',(#7287),#7291);
#7287 = LINE('',#7288,#7289);
#7288 = CARTESIAN_POINT('',(0.,4.));
#7289 = VECTOR('',#7290,1.);
#7290 = DIRECTION('',(1.,0.));
#7291 = ( GEOMETRIC_REPRESENTATION_CONTEXT(2) 
PARAMETRIC_REPRESENTATION_CONTEXT() REPRESENTATION_CONTEXT('2D SPACE',''
  ) );
#7292 = PCURVE('',#7190,#7293);
#7293 = DEFINITIONAL_REPRESENTATION('',(#7294),#7298);
#7294 = LINE('',#7295,#7296);
#7295 = CARTESIAN_POINT('',(0.,-20.));
#7296 = VECTOR('',#7297,1.);
#7297 = DIRECTION('',(1.,0.));
#7298 = ( GEOMETRIC_REPRESENTATION_CONTEXT(2) 
PARAMETRIC_REPRESENTATION_CONTEXT() REPRESENTATION_CONTEXT('2D SPACE',''
  ) );
#7299 = ADVANCED_FACE('',(#7300),#6838,.T.);
#7300 = FACE_BOUND('',#7301,.T.);
#7301 = EDGE_LOOP('',(#7302,#7303,#7304,#7325));
#7302 = ORIENTED_EDGE('',*,*,#6822,.F.);
#7303 = ORIENTED_EDGE('',*,*,#7153,.T.);
#7304 = ORIENTED_EDGE('',*,*,#7305,.T.);
#7305 = EDGE_CURVE('',#7154,#7257,#7306,.T.);
#7306 = SURFACE_CURVE('',#7307,(#7311,#7318),.PCURVE_S1.);
#7307 = LINE('',#7308,#7309);
#7308 = CARTESIAN_POINT('',(43.,-10.,26.));
#7309 = VECTOR('',#7310,1.);
#7310 = DIRECTION('',(0.,1.,0.));
#7311 = PCURVE('',#6838,#7312);
#7312 = DEFINITIONAL_REPRESENTATION('',(#7313),#7317);
#7313 = LINE('',#7314,#7315);
#7314 = CARTESIAN_POINT('',(4.,0.));
#7315 = VECTOR('',#7316,1.);
#7316 = DIRECTION('',(0.,1.));
#7317 = ( GEOMETRIC_REPRESENTATION_CONTEXT(2) 
PARAMETRIC_REPRESENTATION_CONTEXT() REPRESENTATION_CONTEXT('2D SPACE',''
  ) );
#7318 = PCURVE('',#7190,#7319);
#7319 = DEFINITIONAL_REPRESENTATION('',(#7320),#7324);
#7320 = LINE('',#7321,#7322);
#7321 = CARTESIAN_POINT('',(10.,0.));
#7322 = VECTOR('',#7323,1.);
#7323 = DIRECTION('',(0.,-1.));
#7324 = ( GEOMETRIC_REPRESENTATION_CONTEXT(2) 
PARAMETRIC_REPRESENTATION_CONTEXT() REPRESENTATION_CONTEXT('2D SPACE',''
  ) );
#7325 = ORIENTED_EDGE('',*,*,#7256,.F.);
#7326 = ADVANCED_FACE('',(#7327),#6982,.F.);
#7327 = FACE_BOUND('',#7328,.F.);
#7328 = EDGE_LOOP('',(#7329,#7330,#7331,#7332));
#7329 = ORIENTED_EDGE('',*,*,#6968,.F.);
#7330 = ORIENTED_EDGE('',*,*,#6999,.T.);
#7331 = ORIENTED_EDGE('',*,*,#7071,.T.);
#7332 = ORIENTED_EDGE('',*,*,#7097,.F.);
#7333 = ADVANCED_FACE('',(#7334),#7190,.T.);
#7334 = FACE_BOUND('',#7335,.T.);
#7335 = EDGE_LOOP('',(#7336,#7337,#7338,#7339));
#7336 = ORIENTED_EDGE('',*,*,#7176,.F.);
#7337 = ORIENTED_EDGE('',*,*,#7207,.T.);
#7338 = ORIENTED_EDGE('',*,*,#7279,.T.);
#7339 = ORIENTED_EDGE('',*,*,#7305,.F.);
#7340 = ( GEOMETRIC_REPRESENTATION_CONTEXT(3) 
GLOBAL_UNCERTAINTY_ASSIGNED_CONTEXT((#7344)) 
GLOBAL_UNIT_ASSIGNED_CONTEXT((#7341,#7342,#7343)) REPRESENTATION_CONTEXT
('Context #1','3D Context with UNIT and UNCERTAINTY') );
#7341 = ( LENGTH_UNIT() NAMED_UNIT(*) SI_UNIT(.MILLI.,.METRE.) );
#7342 = ( NAMED_UNIT(*) PLANE_ANGLE_UNIT() SI_UNIT($,.RADIAN.) );
#7343 = ( NAMED_UNIT(*) SI_UNIT($,.STERADIAN.) SOLID_ANGLE_UNIT() );
#7344 = UNCERTAINTY_MEASURE_WITH_UNIT(LENGTH_MEASURE(1.E-07),#7341,
  'distance_accuracy_value','confusion accuracy');
#7345 = CONTEXT_DEPENDENT_SHAPE_REPRESENTATION(#7346,#7348);
#7346 = ( REPRESENTATION_RELATIONSHIP('','',#5107,#10) 
REPRESENTATION_RELATIONSHIP_WITH_TRANSFORMATION(#7347) 
SHAPE_REPRESENTATION_RELATIONSHIP() );
#7347 = ITEM_DEFINED_TRANSFORMATION('','',#11,#23);
#7348 = PRODUCT_DEFINITION_SHAPE('Placement','Placement of an item',
  #7349);
#7349 = NEXT_ASSEMBLY_USAGE_OCCURRENCE('3','battery','',#5,#5102,$);
#7350 = PRODUCT_RELATED_PRODUCT_CATEGORY('part',$,(#5104));
#7351 = MECHANICAL_DESIGN_GEOMETRIC_PRESENTATION_REPRESENTATION('',(
    #7352),#7340);
#7352 = STYLED_ITEM('color',(#7353),#5108);
#7353 = PRESENTATION_STYLE_ASSIGNMENT((#7354));
#7354 = SURFACE_STYLE_USAGE(.BOTH.,#7355);
#7355 = SURFACE_SIDE_STYLE('',(#7356));
#7356 = SURFACE_STYLE_FILL_AREA(#7357);
#7357 = FILL_AREA_STYLE('',(#7358));
#7358 = FILL_AREA_STYLE_COLOUR('',#7359);
#7359 = COLOUR_RGB('',0.219999994989,0.219999994989,0.24000000363);
#7360 = MECHANICAL_DESIGN_GEOMETRIC_PRESENTATION_REPRESENTATION('',(
    #7361),#5089);
#7361 = STYLED_ITEM('color',(#7362),#4131);
#7362 = PRESENTATION_STYLE_ASSIGNMENT((#7363));
#7363 = SURFACE_STYLE_USAGE(.BOTH.,#7364);
#7364 = SURFACE_SIDE_STYLE('',(#7365));
#7365 = SURFACE_STYLE_FILL_AREA(#7366);
#7366 = FILL_AREA_STYLE('',(#7367));
#7367 = FILL_AREA_STYLE_COLOUR('',#7368);
#7368 = COLOUR_RGB('',0.950000001282,0.45000000386,9.999999991362E-02);
#7369 = MECHANICAL_DESIGN_GEOMETRIC_PRESENTATION_REPRESENTATION('',(
    #7370),#4112);
#7370 = STYLED_ITEM('color',(#7371),#41);
#7371 = PRESENTATION_STYLE_ASSIGNMENT((#7372));
#7372 = SURFACE_STYLE_USAGE(.BOTH.,#7373);
#7373 = SURFACE_SIDE_STYLE('',(#7374));
#7374 = SURFACE_STYLE_FILL_AREA(#7375);
#7375 = FILL_AREA_STYLE('',(#7376));
#7376 = FILL_AREA_STYLE_COLOUR('',#7377);
#7377 = COLOUR_RGB('',0.720000003324,0.740000011925,0.760000013601);
ENDSEC;
END-ISO-10303-21;
